2026-04-11 10:39:48,833:WARNING:
'cuml' is a soft dependency and not included in the pycaret installation. Please run: `pip install cuml` to install.
2026-04-11 10:39:48,833:WARNING:
'cuml' is a soft dependency and not included in the pycaret installation. Please run: `pip install cuml` to install.
2026-04-11 10:39:48,834:WARNING:
'cuml' is a soft dependency and not included in the pycaret installation. Please run: `pip install cuml` to install.
2026-04-11 10:39:48,834:WARNING:
'cuml' is a soft dependency and not included in the pycaret installation. Please run: `pip install cuml` to install.
2026-04-11 10:39:48,834:WARNING:
'cuml' is a soft dependency and not included in the pycaret installation. Please run: `pip install cuml` to install.
2026-04-11 10:40:01,391:INFO:Initializing load_model()
2026-04-11 10:40:01,391:INFO:load_model(model_name=welcome_survey_clustering_pipeline_v1, platform=None, authentication=None, verbose=True)
2026-04-11 10:40:01,430:INFO:Initializing load_model()
2026-04-11 10:40:01,430:INFO:load_model(model_name=welcome_survey_clustering_pipeline_v1, platform=None, authentication=None, verbose=True)
2026-04-11 10:40:01,434:WARNING:C:\Users\slim\miniconda3\envs\od_zera_do_ai\Lib\site-packages\_distutils_hack\__init__.py:30: UserWarning: Setuptools is replacing distutils. Support for replacing an already imported distutils is deprecated. In the future, this condition will fail. Register concerns at https://github.com/pypa/setuptools/issues/new?template=distutils-deprecation.yml
  warnings.warn(

2026-04-11 10:40:01,451:WARNING:C:\Users\slim\miniconda3\envs\od_zera_do_ai\Lib\site-packages\_distutils_hack\__init__.py:30: UserWarning: Setuptools is replacing distutils. Support for replacing an already imported distutils is deprecated. In the future, this condition will fail. Register concerns at https://github.com/pypa/setuptools/issues/new?template=distutils-deprecation.yml
  warnings.warn(

2026-04-11 10:40:01,755:WARNING:C:\Users\slim\miniconda3\envs\od_zera_do_ai\Lib\site-packages\pycaret\internal\pipeline.py:148: UserWarning: Version mismatch:
current: {'deps_info': {'pip': '26.0.1', 'setuptools': '78.1.1', 'pycaret': '3.3.2', 'IPython': '9.1.0', 'ipywidgets': '8.1.8', 'tqdm': '4.67.3', 'numpy': '1.26.4', 'pandas': '1.5.3', 'jinja2': '3.1.6', 'scipy': '1.10.1', 'joblib': '1.4.2', 'sklearn': '1.4.2', 'pyod': '2.0.5', 'imblearn': '0.14.1', 'category_encoders': '2.6.3', 'lightgbm': '4.6.0', 'numba': '0.63.1', 'requests': '2.32.4', 'matplotlib': '3.7.5', 'scikitplot': '0.3.7', 'yellowbrick': '1.5', 'plotly': '5.24.1', 'plotly-resampler': 'Not installed', 'kaleido': '1.0.0', 'schemdraw': '0.15', 'statsmodels': '0.14.6', 'sktime': '0.26.0', 'tbats': '1.1.3', 'pmdarima': 'Not installed', 'psutil': '5.9.0', 'markupsafe': '3.0.2', 'pickle5': 'Not installed', 'cloudpickle': '3.1.2', 'deprecation': '2.1.0', 'xxhash': '3.6.0', 'wurlitzer': 'Not installed'}, 'python': {'version': '3.11.11', 'machine': 'AMD64'}}
pickle: {'deps_info': {'pip': '24.0', 'setuptools': '70.3.0', 'pycaret': '3.3.1', 'IPython': '8.26.0', 'ipywidgets': '8.1.3', 'tqdm': '4.66.5', 'numpy': '1.26.4', 'pandas': '1.5.3', 'jinja2': '3.1.4', 'scipy': '1.11.4', 'joblib': '1.3.2', 'sklearn': '1.4.2', 'pyod': '2.0.1', 'imblearn': '0.12.3', 'category_encoders': '2.6.3', 'lightgbm': '4.5.0', 'numba': '0.60.0', 'requests': '2.32.3', 'matplotlib': '3.8.4', 'scikitplot': '0.3.7', 'yellowbrick': '1.5', 'plotly': '5.23.0', 'plotly-resampler': 'Not installed', 'kaleido': '0.2.1', 'schemdraw': '0.15', 'statsmodels': '0.14.2', 'sktime': '0.26.0', 'tbats': '1.1.3', 'pmdarima': '2.0.4', 'psutil': '6.0.0', 'markupsafe': '2.1.5', 'pickle5': 'Not installed', 'cloudpickle': '3.0.0', 'deprecation': '2.1.0', 'xxhash': '3.4.1', 'wurlitzer': '3.1.1'}, 'python': {'version': '3.11.9', 'machine': 'arm64'}}
  warnings.warn(

2026-04-11 10:40:01,758:WARNING:C:\Users\slim\miniconda3\envs\od_zera_do_ai\Lib\site-packages\pycaret\internal\pipeline.py:148: UserWarning: Version mismatch:
current: {'deps_info': {'pip': '26.0.1', 'setuptools': '78.1.1', 'pycaret': '3.3.2', 'IPython': '9.1.0', 'ipywidgets': '8.1.8', 'tqdm': '4.67.3', 'numpy': '1.26.4', 'pandas': '1.5.3', 'jinja2': '3.1.6', 'scipy': '1.10.1', 'joblib': '1.4.2', 'sklearn': '1.4.2', 'pyod': '2.0.5', 'imblearn': '0.14.1', 'category_encoders': '2.6.3', 'lightgbm': '4.6.0', 'numba': '0.63.1', 'requests': '2.32.4', 'matplotlib': '3.7.5', 'scikitplot': '0.3.7', 'yellowbrick': '1.5', 'plotly': '5.24.1', 'plotly-resampler': 'Not installed', 'kaleido': '1.0.0', 'schemdraw': '0.15', 'statsmodels': '0.14.6', 'sktime': '0.26.0', 'tbats': '1.1.3', 'pmdarima': 'Not installed', 'psutil': '5.9.0', 'markupsafe': '3.0.2', 'pickle5': 'Not installed', 'cloudpickle': '3.1.2', 'deprecation': '2.1.0', 'xxhash': '3.6.0', 'wurlitzer': 'Not installed'}, 'python': {'version': '3.11.11', 'machine': 'AMD64'}}
pickle: {'deps_info': {'pip': '24.0', 'setuptools': '70.3.0', 'pycaret': '3.3.1', 'IPython': '8.26.0', 'ipywidgets': '8.1.3', 'tqdm': '4.66.5', 'numpy': '1.26.4', 'pandas': '1.5.3', 'jinja2': '3.1.4', 'scipy': '1.11.4', 'joblib': '1.3.2', 'sklearn': '1.4.2', 'pyod': '2.0.1', 'imblearn': '0.12.3', 'category_encoders': '2.6.3', 'lightgbm': '4.5.0', 'numba': '0.60.0', 'requests': '2.32.3', 'matplotlib': '3.8.4', 'scikitplot': '0.3.7', 'yellowbrick': '1.5', 'plotly': '5.23.0', 'plotly-resampler': 'Not installed', 'kaleido': '0.2.1', 'schemdraw': '0.15', 'statsmodels': '0.14.2', 'sktime': '0.26.0', 'tbats': '1.1.3', 'pmdarima': '2.0.4', 'psutil': '6.0.0', 'markupsafe': '2.1.5', 'pickle5': 'Not installed', 'cloudpickle': '3.0.0', 'deprecation': '2.1.0', 'xxhash': '3.4.1', 'wurlitzer': '3.1.1'}, 'python': {'version': '3.11.9', 'machine': 'arm64'}}
  warnings.warn(

2026-04-11 10:40:01,889:INFO:Initializing predict_model()
2026-04-11 10:40:01,889:INFO:Initializing predict_model()
2026-04-11 10:40:01,889:INFO:predict_model(self=<pycaret.clustering.oop.ClusteringExperiment object at 0x000001B1C3FC8790>, estimator=Pipeline(memory=Memory(location=None),
         steps=[('numerical_imputer',
                 TransformerWrapper(include=[], transformer=SimpleImputer())),
                ('categorical_imputer',
                 TransformerWrapper(include=['age', 'edu_level', 'fav_animals',
                                             'fav_place', 'gender'],
                                    transformer=SimpleImputer(strategy='most_frequent'))),
                ('ordinal_encoding',
                 TransformerWrapper(include=['gender'],
                                    transfo...
                                                               mapping=[{'col': 'gender',
                                                                         'data_type': dtype('O'),
                                                                         'mapping': Kobieta      0
Mê¿czyzna    1
NaN         -1
dtype: int64}]))),
                ('onehot_encoding',
                 TransformerWrapper(include=['age', 'edu_level', 'fav_animals',
                                             'fav_place'],
                                    transformer=OneHotEncoder(cols=['age',
                                                                    'edu_level',
                                                                    'fav_animals',
                                                                    'fav_place'],
                                                              handle_missing='return_nan',
                                                              use_cat_names=True))),
                ('trained_model', KMeans(random_state=123))]), ml_usecase=None)
2026-04-11 10:40:01,889:INFO:Set up data.
2026-04-11 10:40:01,889:INFO:predict_model(self=<pycaret.clustering.oop.ClusteringExperiment object at 0x000001C4A3CEC210>, estimator=Pipeline(memory=Memory(location=None),
         steps=[('numerical_imputer',
                 TransformerWrapper(include=[], transformer=SimpleImputer())),
                ('categorical_imputer',
                 TransformerWrapper(include=['age', 'edu_level', 'fav_animals',
                                             'fav_place', 'gender'],
                                    transformer=SimpleImputer(strategy='most_frequent'))),
                ('ordinal_encoding',
                 TransformerWrapper(include=['gender'],
                                    transfo...
                                                               mapping=[{'col': 'gender',
                                                                         'data_type': dtype('O'),
                                                                         'mapping': Kobieta      0
Mê¿czyzna    1
NaN         -1
dtype: int64}]))),
                ('onehot_encoding',
                 TransformerWrapper(include=['age', 'edu_level', 'fav_animals',
                                             'fav_place'],
                                    transformer=OneHotEncoder(cols=['age',
                                                                    'edu_level',
                                                                    'fav_animals',
                                                                    'fav_place'],
                                                              handle_missing='return_nan',
                                                              use_cat_names=True))),
                ('trained_model', KMeans(random_state=123))]), ml_usecase=None)
2026-04-11 10:40:01,889:INFO:Set up data.
2026-04-11 10:40:02,530:INFO:Initializing predict_model()
2026-04-11 10:40:02,531:INFO:predict_model(self=<pycaret.clustering.oop.ClusteringExperiment object at 0x000001B1C4391E90>, estimator=Pipeline(memory=Memory(location=None),
         steps=[('numerical_imputer',
                 TransformerWrapper(include=[], transformer=SimpleImputer())),
                ('categorical_imputer',
                 TransformerWrapper(include=['age', 'edu_level', 'fav_animals',
                                             'fav_place', 'gender'],
                                    transformer=SimpleImputer(strategy='most_frequent'))),
                ('ordinal_encoding',
                 TransformerWrapper(include=['gender'],
                                    transfo...
                                                               mapping=[{'col': 'gender',
                                                                         'data_type': dtype('O'),
                                                                         'mapping': Kobieta      0
Mê¿czyzna    1
NaN         -1
dtype: int64}]))),
                ('onehot_encoding',
                 TransformerWrapper(include=['age', 'edu_level', 'fav_animals',
                                             'fav_place'],
                                    transformer=OneHotEncoder(cols=['age',
                                                                    'edu_level',
                                                                    'fav_animals',
                                                                    'fav_place'],
                                                              handle_missing='return_nan',
                                                              use_cat_names=True))),
                ('trained_model', KMeans(random_state=123))]), ml_usecase=None)
2026-04-11 10:40:02,531:INFO:Set up data.
2026-04-11 10:40:02,531:INFO:Initializing predict_model()
2026-04-11 10:40:02,532:INFO:predict_model(self=<pycaret.clustering.oop.ClusteringExperiment object at 0x000001C4A41C6E90>, estimator=Pipeline(memory=Memory(location=None),
         steps=[('numerical_imputer',
                 TransformerWrapper(include=[], transformer=SimpleImputer())),
                ('categorical_imputer',
                 TransformerWrapper(include=['age', 'edu_level', 'fav_animals',
                                             'fav_place', 'gender'],
                                    transformer=SimpleImputer(strategy='most_frequent'))),
                ('ordinal_encoding',
                 TransformerWrapper(include=['gender'],
                                    transfo...
                                                               mapping=[{'col': 'gender',
                                                                         'data_type': dtype('O'),
                                                                         'mapping': Kobieta      0
Mê¿czyzna    1
NaN         -1
dtype: int64}]))),
                ('onehot_encoding',
                 TransformerWrapper(include=['age', 'edu_level', 'fav_animals',
                                             'fav_place'],
                                    transformer=OneHotEncoder(cols=['age',
                                                                    'edu_level',
                                                                    'fav_animals',
                                                                    'fav_place'],
                                                              handle_missing='return_nan',
                                                              use_cat_names=True))),
                ('trained_model', KMeans(random_state=123))]), ml_usecase=None)
2026-04-11 10:40:02,532:INFO:Set up data.
2026-04-11 10:41:13,155:WARNING:
'cuml' is a soft dependency and not included in the pycaret installation. Please run: `pip install cuml` to install.
2026-04-11 10:41:13,156:WARNING:
'cuml' is a soft dependency and not included in the pycaret installation. Please run: `pip install cuml` to install.
2026-04-11 10:41:13,156:WARNING:
'cuml' is a soft dependency and not included in the pycaret installation. Please run: `pip install cuml` to install.
2026-04-11 10:41:13,157:WARNING:
'cuml' is a soft dependency and not included in the pycaret installation. Please run: `pip install cuml` to install.
2026-04-11 10:41:19,540:INFO:Initializing load_model()
2026-04-11 10:41:19,541:INFO:load_model(model_name=welcome_survey_clustering_pipeline_v1, platform=None, authentication=None, verbose=True)
2026-04-11 10:41:19,567:WARNING:C:\Users\slim\miniconda3\envs\od_zera_do_ai\Lib\site-packages\_distutils_hack\__init__.py:30: UserWarning: Setuptools is replacing distutils. Support for replacing an already imported distutils is deprecated. In the future, this condition will fail. Register concerns at https://github.com/pypa/setuptools/issues/new?template=distutils-deprecation.yml
  warnings.warn(

2026-04-11 10:41:19,777:WARNING:C:\Users\slim\miniconda3\envs\od_zera_do_ai\Lib\site-packages\pycaret\internal\pipeline.py:148: UserWarning: Version mismatch:
current: {'deps_info': {'pip': '26.0.1', 'setuptools': '78.1.1', 'pycaret': '3.3.2', 'IPython': '9.1.0', 'ipywidgets': '8.1.8', 'tqdm': '4.67.3', 'numpy': '1.26.4', 'pandas': '1.5.3', 'jinja2': '3.1.6', 'scipy': '1.10.1', 'joblib': '1.4.2', 'sklearn': '1.4.2', 'pyod': '2.0.5', 'imblearn': '0.14.1', 'category_encoders': '2.6.3', 'lightgbm': '4.6.0', 'numba': '0.63.1', 'requests': '2.32.4', 'matplotlib': '3.7.5', 'scikitplot': '0.3.7', 'yellowbrick': '1.5', 'plotly': '5.24.1', 'plotly-resampler': 'Not installed', 'kaleido': '1.0.0', 'schemdraw': '0.15', 'statsmodels': '0.14.6', 'sktime': '0.26.0', 'tbats': '1.1.3', 'pmdarima': 'Not installed', 'psutil': '5.9.0', 'markupsafe': '3.0.2', 'pickle5': 'Not installed', 'cloudpickle': '3.1.2', 'deprecation': '2.1.0', 'xxhash': '3.6.0', 'wurlitzer': 'Not installed'}, 'python': {'version': '3.11.11', 'machine': 'AMD64'}}
pickle: {'deps_info': {'pip': '24.0', 'setuptools': '70.3.0', 'pycaret': '3.3.1', 'IPython': '8.26.0', 'ipywidgets': '8.1.3', 'tqdm': '4.66.5', 'numpy': '1.26.4', 'pandas': '1.5.3', 'jinja2': '3.1.4', 'scipy': '1.11.4', 'joblib': '1.3.2', 'sklearn': '1.4.2', 'pyod': '2.0.1', 'imblearn': '0.12.3', 'category_encoders': '2.6.3', 'lightgbm': '4.5.0', 'numba': '0.60.0', 'requests': '2.32.3', 'matplotlib': '3.8.4', 'scikitplot': '0.3.7', 'yellowbrick': '1.5', 'plotly': '5.23.0', 'plotly-resampler': 'Not installed', 'kaleido': '0.2.1', 'schemdraw': '0.15', 'statsmodels': '0.14.2', 'sktime': '0.26.0', 'tbats': '1.1.3', 'pmdarima': '2.0.4', 'psutil': '6.0.0', 'markupsafe': '2.1.5', 'pickle5': 'Not installed', 'cloudpickle': '3.0.0', 'deprecation': '2.1.0', 'xxhash': '3.4.1', 'wurlitzer': '3.1.1'}, 'python': {'version': '3.11.9', 'machine': 'arm64'}}
  warnings.warn(

2026-04-11 10:41:19,869:INFO:Initializing predict_model()
2026-04-11 10:41:19,869:INFO:predict_model(self=<pycaret.clustering.oop.ClusteringExperiment object at 0x000001E42BE9B610>, estimator=Pipeline(memory=Memory(location=None),
         steps=[('numerical_imputer',
                 TransformerWrapper(include=[], transformer=SimpleImputer())),
                ('categorical_imputer',
                 TransformerWrapper(include=['age', 'edu_level', 'fav_animals',
                                             'fav_place', 'gender'],
                                    transformer=SimpleImputer(strategy='most_frequent'))),
                ('ordinal_encoding',
                 TransformerWrapper(include=['gender'],
                                    transfo...
                                                               mapping=[{'col': 'gender',
                                                                         'data_type': dtype('O'),
                                                                         'mapping': Kobieta      0
Mê¿czyzna    1
NaN         -1
dtype: int64}]))),
                ('onehot_encoding',
                 TransformerWrapper(include=['age', 'edu_level', 'fav_animals',
                                             'fav_place'],
                                    transformer=OneHotEncoder(cols=['age',
                                                                    'edu_level',
                                                                    'fav_animals',
                                                                    'fav_place'],
                                                              handle_missing='return_nan',
                                                              use_cat_names=True))),
                ('trained_model', KMeans(random_state=123))]), ml_usecase=None)
2026-04-11 10:41:19,870:INFO:Set up data.
2026-04-11 10:41:20,267:INFO:Initializing predict_model()
2026-04-11 10:41:20,268:INFO:predict_model(self=<pycaret.clustering.oop.ClusteringExperiment object at 0x000001E42BE0E490>, estimator=Pipeline(memory=Memory(location=None),
         steps=[('numerical_imputer',
                 TransformerWrapper(include=[], transformer=SimpleImputer())),
                ('categorical_imputer',
                 TransformerWrapper(include=['age', 'edu_level', 'fav_animals',
                                             'fav_place', 'gender'],
                                    transformer=SimpleImputer(strategy='most_frequent'))),
                ('ordinal_encoding',
                 TransformerWrapper(include=['gender'],
                                    transfo...
                                                               mapping=[{'col': 'gender',
                                                                         'data_type': dtype('O'),
                                                                         'mapping': Kobieta      0
Mê¿czyzna    1
NaN         -1
dtype: int64}]))),
                ('onehot_encoding',
                 TransformerWrapper(include=['age', 'edu_level', 'fav_animals',
                                             'fav_place'],
                                    transformer=OneHotEncoder(cols=['age',
                                                                    'edu_level',
                                                                    'fav_animals',
                                                                    'fav_place'],
                                                              handle_missing='return_nan',
                                                              use_cat_names=True))),
                ('trained_model', KMeans(random_state=123))]), ml_usecase=None)
2026-04-11 10:41:20,268:INFO:Set up data.
2026-04-11 10:44:26,055:WARNING:
'cuml' is a soft dependency and not included in the pycaret installation. Please run: `pip install cuml` to install.
2026-04-11 10:44:26,056:WARNING:
'cuml' is a soft dependency and not included in the pycaret installation. Please run: `pip install cuml` to install.
2026-04-11 10:44:26,056:WARNING:
'cuml' is a soft dependency and not included in the pycaret installation. Please run: `pip install cuml` to install.
2026-04-11 10:44:26,056:WARNING:
'cuml' is a soft dependency and not included in the pycaret installation. Please run: `pip install cuml` to install.
2026-04-11 10:44:30,048:INFO:Initializing load_model()
2026-04-11 10:44:30,050:INFO:load_model(model_name=welcome_survey_clustering_pipeline_v1, platform=None, authentication=None, verbose=True)
2026-04-11 10:44:30,068:WARNING:C:\Users\slim\miniconda3\envs\od_zera_do_ai\Lib\site-packages\_distutils_hack\__init__.py:30: UserWarning: Setuptools is replacing distutils. Support for replacing an already imported distutils is deprecated. In the future, this condition will fail. Register concerns at https://github.com/pypa/setuptools/issues/new?template=distutils-deprecation.yml
  warnings.warn(

2026-04-11 10:44:30,266:WARNING:C:\Users\slim\miniconda3\envs\od_zera_do_ai\Lib\site-packages\pycaret\internal\pipeline.py:148: UserWarning: Version mismatch:
current: {'deps_info': {'pip': '26.0.1', 'setuptools': '78.1.1', 'pycaret': '3.3.2', 'IPython': '9.1.0', 'ipywidgets': '8.1.8', 'tqdm': '4.67.3', 'numpy': '1.26.4', 'pandas': '1.5.3', 'jinja2': '3.1.6', 'scipy': '1.10.1', 'joblib': '1.4.2', 'sklearn': '1.4.2', 'pyod': '2.0.5', 'imblearn': '0.14.1', 'category_encoders': '2.6.3', 'lightgbm': '4.6.0', 'numba': '0.63.1', 'requests': '2.32.4', 'matplotlib': '3.7.5', 'scikitplot': '0.3.7', 'yellowbrick': '1.5', 'plotly': '5.24.1', 'plotly-resampler': 'Not installed', 'kaleido': '1.0.0', 'schemdraw': '0.15', 'statsmodels': '0.14.6', 'sktime': '0.26.0', 'tbats': '1.1.3', 'pmdarima': 'Not installed', 'psutil': '5.9.0', 'markupsafe': '3.0.2', 'pickle5': 'Not installed', 'cloudpickle': '3.1.2', 'deprecation': '2.1.0', 'xxhash': '3.6.0', 'wurlitzer': 'Not installed'}, 'python': {'version': '3.11.11', 'machine': 'AMD64'}}
pickle: {'deps_info': {'pip': '24.0', 'setuptools': '70.3.0', 'pycaret': '3.3.1', 'IPython': '8.26.0', 'ipywidgets': '8.1.3', 'tqdm': '4.66.5', 'numpy': '1.26.4', 'pandas': '1.5.3', 'jinja2': '3.1.4', 'scipy': '1.11.4', 'joblib': '1.3.2', 'sklearn': '1.4.2', 'pyod': '2.0.1', 'imblearn': '0.12.3', 'category_encoders': '2.6.3', 'lightgbm': '4.5.0', 'numba': '0.60.0', 'requests': '2.32.3', 'matplotlib': '3.8.4', 'scikitplot': '0.3.7', 'yellowbrick': '1.5', 'plotly': '5.23.0', 'plotly-resampler': 'Not installed', 'kaleido': '0.2.1', 'schemdraw': '0.15', 'statsmodels': '0.14.2', 'sktime': '0.26.0', 'tbats': '1.1.3', 'pmdarima': '2.0.4', 'psutil': '6.0.0', 'markupsafe': '2.1.5', 'pickle5': 'Not installed', 'cloudpickle': '3.0.0', 'deprecation': '2.1.0', 'xxhash': '3.4.1', 'wurlitzer': '3.1.1'}, 'python': {'version': '3.11.9', 'machine': 'arm64'}}
  warnings.warn(

2026-04-11 10:44:30,332:INFO:Initializing predict_model()
2026-04-11 10:44:30,332:INFO:predict_model(self=<pycaret.clustering.oop.ClusteringExperiment object at 0x0000024AC9E0EC10>, estimator=Pipeline(memory=Memory(location=None),
         steps=[('numerical_imputer',
                 TransformerWrapper(include=[], transformer=SimpleImputer())),
                ('categorical_imputer',
                 TransformerWrapper(include=['age', 'edu_level', 'fav_animals',
                                             'fav_place', 'gender'],
                                    transformer=SimpleImputer(strategy='most_frequent'))),
                ('ordinal_encoding',
                 TransformerWrapper(include=['gender'],
                                    transfo...
                                                               mapping=[{'col': 'gender',
                                                                         'data_type': dtype('O'),
                                                                         'mapping': Kobieta      0
Mê¿czyzna    1
NaN         -1
dtype: int64}]))),
                ('onehot_encoding',
                 TransformerWrapper(include=['age', 'edu_level', 'fav_animals',
                                             'fav_place'],
                                    transformer=OneHotEncoder(cols=['age',
                                                                    'edu_level',
                                                                    'fav_animals',
                                                                    'fav_place'],
                                                              handle_missing='return_nan',
                                                              use_cat_names=True))),
                ('trained_model', KMeans(random_state=123))]), ml_usecase=None)
2026-04-11 10:44:30,332:INFO:Set up data.
2026-04-11 10:44:30,650:INFO:Initializing predict_model()
2026-04-11 10:44:30,651:INFO:predict_model(self=<pycaret.clustering.oop.ClusteringExperiment object at 0x0000024ACB47FCD0>, estimator=Pipeline(memory=Memory(location=None),
         steps=[('numerical_imputer',
                 TransformerWrapper(include=[], transformer=SimpleImputer())),
                ('categorical_imputer',
                 TransformerWrapper(include=['age', 'edu_level', 'fav_animals',
                                             'fav_place', 'gender'],
                                    transformer=SimpleImputer(strategy='most_frequent'))),
                ('ordinal_encoding',
                 TransformerWrapper(include=['gender'],
                                    transfo...
                                                               mapping=[{'col': 'gender',
                                                                         'data_type': dtype('O'),
                                                                         'mapping': Kobieta      0
Mê¿czyzna    1
NaN         -1
dtype: int64}]))),
                ('onehot_encoding',
                 TransformerWrapper(include=['age', 'edu_level', 'fav_animals',
                                             'fav_place'],
                                    transformer=OneHotEncoder(cols=['age',
                                                                    'edu_level',
                                                                    'fav_animals',
                                                                    'fav_place'],
                                                              handle_missing='return_nan',
                                                              use_cat_names=True))),
                ('trained_model', KMeans(random_state=123))]), ml_usecase=None)
2026-04-11 10:44:30,651:INFO:Set up data.
2026-04-11 10:57:35,537:INFO:Initializing predict_model()
2026-04-11 10:57:35,541:INFO:predict_model(self=<pycaret.clustering.oop.ClusteringExperiment object at 0x0000024A94E72B50>, estimator=Pipeline(memory=Memory(location=None),
         steps=[('numerical_imputer',
                 TransformerWrapper(include=[], transformer=SimpleImputer())),
                ('categorical_imputer',
                 TransformerWrapper(include=['age', 'edu_level', 'fav_animals',
                                             'fav_place', 'gender'],
                                    transformer=SimpleImputer(strategy='most_frequent'))),
                ('ordinal_encoding',
                 TransformerWrapper(include=['gender'],
                                    transfo...
                                                               mapping=[{'col': 'gender',
                                                                         'data_type': dtype('O'),
                                                                         'mapping': Kobieta      0
Mê¿czyzna    1
NaN         -1
dtype: int64}]))),
                ('onehot_encoding',
                 TransformerWrapper(include=['age', 'edu_level', 'fav_animals',
                                             'fav_place'],
                                    transformer=OneHotEncoder(cols=['age',
                                                                    'edu_level',
                                                                    'fav_animals',
                                                                    'fav_place'],
                                                              handle_missing='return_nan',
                                                              use_cat_names=True))),
                ('trained_model', KMeans(random_state=123))]), ml_usecase=None)
2026-04-11 10:57:35,542:INFO:Set up data.
2026-04-11 10:57:37,887:INFO:Initializing predict_model()
2026-04-11 10:57:37,888:INFO:predict_model(self=<pycaret.clustering.oop.ClusteringExperiment object at 0x0000024ACB244E10>, estimator=Pipeline(memory=Memory(location=None),
         steps=[('numerical_imputer',
                 TransformerWrapper(include=[], transformer=SimpleImputer())),
                ('categorical_imputer',
                 TransformerWrapper(include=['age', 'edu_level', 'fav_animals',
                                             'fav_place', 'gender'],
                                    transformer=SimpleImputer(strategy='most_frequent'))),
                ('ordinal_encoding',
                 TransformerWrapper(include=['gender'],
                                    transfo...
                                                               mapping=[{'col': 'gender',
                                                                         'data_type': dtype('O'),
                                                                         'mapping': Kobieta      0
Mê¿czyzna    1
NaN         -1
dtype: int64}]))),
                ('onehot_encoding',
                 TransformerWrapper(include=['age', 'edu_level', 'fav_animals',
                                             'fav_place'],
                                    transformer=OneHotEncoder(cols=['age',
                                                                    'edu_level',
                                                                    'fav_animals',
                                                                    'fav_place'],
                                                              handle_missing='return_nan',
                                                              use_cat_names=True))),
                ('trained_model', KMeans(random_state=123))]), ml_usecase=None)
2026-04-11 10:57:37,889:INFO:Set up data.
2026-04-11 10:57:41,887:INFO:Initializing predict_model()
2026-04-11 10:57:41,887:INFO:predict_model(self=<pycaret.clustering.oop.ClusteringExperiment object at 0x0000024ACB4A8A50>, estimator=Pipeline(memory=Memory(location=None),
         steps=[('numerical_imputer',
                 TransformerWrapper(include=[], transformer=SimpleImputer())),
                ('categorical_imputer',
                 TransformerWrapper(include=['age', 'edu_level', 'fav_animals',
                                             'fav_place', 'gender'],
                                    transformer=SimpleImputer(strategy='most_frequent'))),
                ('ordinal_encoding',
                 TransformerWrapper(include=['gender'],
                                    transfo...
                                                               mapping=[{'col': 'gender',
                                                                         'data_type': dtype('O'),
                                                                         'mapping': Kobieta      0
Mê¿czyzna    1
NaN         -1
dtype: int64}]))),
                ('onehot_encoding',
                 TransformerWrapper(include=['age', 'edu_level', 'fav_animals',
                                             'fav_place'],
                                    transformer=OneHotEncoder(cols=['age',
                                                                    'edu_level',
                                                                    'fav_animals',
                                                                    'fav_place'],
                                                              handle_missing='return_nan',
                                                              use_cat_names=True))),
                ('trained_model', KMeans(random_state=123))]), ml_usecase=None)
2026-04-11 10:57:41,887:INFO:Set up data.
2026-04-11 10:57:49,344:INFO:Initializing predict_model()
2026-04-11 10:57:49,345:INFO:predict_model(self=<pycaret.clustering.oop.ClusteringExperiment object at 0x0000024ACD717690>, estimator=Pipeline(memory=Memory(location=None),
         steps=[('numerical_imputer',
                 TransformerWrapper(include=[], transformer=SimpleImputer())),
                ('categorical_imputer',
                 TransformerWrapper(include=['age', 'edu_level', 'fav_animals',
                                             'fav_place', 'gender'],
                                    transformer=SimpleImputer(strategy='most_frequent'))),
                ('ordinal_encoding',
                 TransformerWrapper(include=['gender'],
                                    transfo...
                                                               mapping=[{'col': 'gender',
                                                                         'data_type': dtype('O'),
                                                                         'mapping': Kobieta      0
Mê¿czyzna    1
NaN         -1
dtype: int64}]))),
                ('onehot_encoding',
                 TransformerWrapper(include=['age', 'edu_level', 'fav_animals',
                                             'fav_place'],
                                    transformer=OneHotEncoder(cols=['age',
                                                                    'edu_level',
                                                                    'fav_animals',
                                                                    'fav_place'],
                                                              handle_missing='return_nan',
                                                              use_cat_names=True))),
                ('trained_model', KMeans(random_state=123))]), ml_usecase=None)
2026-04-11 10:57:49,346:INFO:Set up data.
2026-04-11 10:57:56,186:INFO:Initializing predict_model()
2026-04-11 10:57:56,188:INFO:predict_model(self=<pycaret.clustering.oop.ClusteringExperiment object at 0x0000024ACD761BD0>, estimator=Pipeline(memory=Memory(location=None),
         steps=[('numerical_imputer',
                 TransformerWrapper(include=[], transformer=SimpleImputer())),
                ('categorical_imputer',
                 TransformerWrapper(include=['age', 'edu_level', 'fav_animals',
                                             'fav_place', 'gender'],
                                    transformer=SimpleImputer(strategy='most_frequent'))),
                ('ordinal_encoding',
                 TransformerWrapper(include=['gender'],
                                    transfo...
                                                               mapping=[{'col': 'gender',
                                                                         'data_type': dtype('O'),
                                                                         'mapping': Kobieta      0
Mê¿czyzna    1
NaN         -1
dtype: int64}]))),
                ('onehot_encoding',
                 TransformerWrapper(include=['age', 'edu_level', 'fav_animals',
                                             'fav_place'],
                                    transformer=OneHotEncoder(cols=['age',
                                                                    'edu_level',
                                                                    'fav_animals',
                                                                    'fav_place'],
                                                              handle_missing='return_nan',
                                                              use_cat_names=True))),
                ('trained_model', KMeans(random_state=123))]), ml_usecase=None)
2026-04-11 10:57:56,188:INFO:Set up data.
2026-04-11 10:58:01,577:INFO:Initializing predict_model()
2026-04-11 10:58:01,577:INFO:predict_model(self=<pycaret.clustering.oop.ClusteringExperiment object at 0x0000024ACD5EB0D0>, estimator=Pipeline(memory=Memory(location=None),
         steps=[('numerical_imputer',
                 TransformerWrapper(include=[], transformer=SimpleImputer())),
                ('categorical_imputer',
                 TransformerWrapper(include=['age', 'edu_level', 'fav_animals',
                                             'fav_place', 'gender'],
                                    transformer=SimpleImputer(strategy='most_frequent'))),
                ('ordinal_encoding',
                 TransformerWrapper(include=['gender'],
                                    transfo...
                                                               mapping=[{'col': 'gender',
                                                                         'data_type': dtype('O'),
                                                                         'mapping': Kobieta      0
Mê¿czyzna    1
NaN         -1
dtype: int64}]))),
                ('onehot_encoding',
                 TransformerWrapper(include=['age', 'edu_level', 'fav_animals',
                                             'fav_place'],
                                    transformer=OneHotEncoder(cols=['age',
                                                                    'edu_level',
                                                                    'fav_animals',
                                                                    'fav_place'],
                                                              handle_missing='return_nan',
                                                              use_cat_names=True))),
                ('trained_model', KMeans(random_state=123))]), ml_usecase=None)
2026-04-11 10:58:01,578:INFO:Set up data.
2026-04-11 10:58:07,157:INFO:Initializing predict_model()
2026-04-11 10:58:07,157:INFO:predict_model(self=<pycaret.clustering.oop.ClusteringExperiment object at 0x0000024ACD6A9090>, estimator=Pipeline(memory=Memory(location=None),
         steps=[('numerical_imputer',
                 TransformerWrapper(include=[], transformer=SimpleImputer())),
                ('categorical_imputer',
                 TransformerWrapper(include=['age', 'edu_level', 'fav_animals',
                                             'fav_place', 'gender'],
                                    transformer=SimpleImputer(strategy='most_frequent'))),
                ('ordinal_encoding',
                 TransformerWrapper(include=['gender'],
                                    transfo...
                                                               mapping=[{'col': 'gender',
                                                                         'data_type': dtype('O'),
                                                                         'mapping': Kobieta      0
Mê¿czyzna    1
NaN         -1
dtype: int64}]))),
                ('onehot_encoding',
                 TransformerWrapper(include=['age', 'edu_level', 'fav_animals',
                                             'fav_place'],
                                    transformer=OneHotEncoder(cols=['age',
                                                                    'edu_level',
                                                                    'fav_animals',
                                                                    'fav_place'],
                                                              handle_missing='return_nan',
                                                              use_cat_names=True))),
                ('trained_model', KMeans(random_state=123))]), ml_usecase=None)
2026-04-11 10:58:07,157:INFO:Set up data.
2026-04-11 10:58:11,339:INFO:Initializing predict_model()
2026-04-11 10:58:11,340:INFO:predict_model(self=<pycaret.clustering.oop.ClusteringExperiment object at 0x0000024ACD8204D0>, estimator=Pipeline(memory=Memory(location=None),
         steps=[('numerical_imputer',
                 TransformerWrapper(include=[], transformer=SimpleImputer())),
                ('categorical_imputer',
                 TransformerWrapper(include=['age', 'edu_level', 'fav_animals',
                                             'fav_place', 'gender'],
                                    transformer=SimpleImputer(strategy='most_frequent'))),
                ('ordinal_encoding',
                 TransformerWrapper(include=['gender'],
                                    transfo...
                                                               mapping=[{'col': 'gender',
                                                                         'data_type': dtype('O'),
                                                                         'mapping': Kobieta      0
Mê¿czyzna    1
NaN         -1
dtype: int64}]))),
                ('onehot_encoding',
                 TransformerWrapper(include=['age', 'edu_level', 'fav_animals',
                                             'fav_place'],
                                    transformer=OneHotEncoder(cols=['age',
                                                                    'edu_level',
                                                                    'fav_animals',
                                                                    'fav_place'],
                                                              handle_missing='return_nan',
                                                              use_cat_names=True))),
                ('trained_model', KMeans(random_state=123))]), ml_usecase=None)
2026-04-11 10:58:11,340:INFO:Set up data.
2026-04-11 10:58:17,717:INFO:Initializing predict_model()
2026-04-11 10:58:17,717:INFO:predict_model(self=<pycaret.clustering.oop.ClusteringExperiment object at 0x0000024ACB4A3950>, estimator=Pipeline(memory=Memory(location=None),
         steps=[('numerical_imputer',
                 TransformerWrapper(include=[], transformer=SimpleImputer())),
                ('categorical_imputer',
                 TransformerWrapper(include=['age', 'edu_level', 'fav_animals',
                                             'fav_place', 'gender'],
                                    transformer=SimpleImputer(strategy='most_frequent'))),
                ('ordinal_encoding',
                 TransformerWrapper(include=['gender'],
                                    transfo...
                                                               mapping=[{'col': 'gender',
                                                                         'data_type': dtype('O'),
                                                                         'mapping': Kobieta      0
Mê¿czyzna    1
NaN         -1
dtype: int64}]))),
                ('onehot_encoding',
                 TransformerWrapper(include=['age', 'edu_level', 'fav_animals',
                                             'fav_place'],
                                    transformer=OneHotEncoder(cols=['age',
                                                                    'edu_level',
                                                                    'fav_animals',
                                                                    'fav_place'],
                                                              handle_missing='return_nan',
                                                              use_cat_names=True))),
                ('trained_model', KMeans(random_state=123))]), ml_usecase=None)
2026-04-11 10:58:17,718:INFO:Set up data.
2026-04-11 10:58:21,061:INFO:Initializing predict_model()
2026-04-11 10:58:21,062:INFO:predict_model(self=<pycaret.clustering.oop.ClusteringExperiment object at 0x0000024ACB23D350>, estimator=Pipeline(memory=Memory(location=None),
         steps=[('numerical_imputer',
                 TransformerWrapper(include=[], transformer=SimpleImputer())),
                ('categorical_imputer',
                 TransformerWrapper(include=['age', 'edu_level', 'fav_animals',
                                             'fav_place', 'gender'],
                                    transformer=SimpleImputer(strategy='most_frequent'))),
                ('ordinal_encoding',
                 TransformerWrapper(include=['gender'],
                                    transfo...
                                                               mapping=[{'col': 'gender',
                                                                         'data_type': dtype('O'),
                                                                         'mapping': Kobieta      0
Mê¿czyzna    1
NaN         -1
dtype: int64}]))),
                ('onehot_encoding',
                 TransformerWrapper(include=['age', 'edu_level', 'fav_animals',
                                             'fav_place'],
                                    transformer=OneHotEncoder(cols=['age',
                                                                    'edu_level',
                                                                    'fav_animals',
                                                                    'fav_place'],
                                                              handle_missing='return_nan',
                                                              use_cat_names=True))),
                ('trained_model', KMeans(random_state=123))]), ml_usecase=None)
2026-04-11 10:58:21,062:INFO:Set up data.
2026-04-11 10:58:24,115:INFO:Initializing predict_model()
2026-04-11 10:58:24,115:INFO:predict_model(self=<pycaret.clustering.oop.ClusteringExperiment object at 0x0000024ACD67FAD0>, estimator=Pipeline(memory=Memory(location=None),
         steps=[('numerical_imputer',
                 TransformerWrapper(include=[], transformer=SimpleImputer())),
                ('categorical_imputer',
                 TransformerWrapper(include=['age', 'edu_level', 'fav_animals',
                                             'fav_place', 'gender'],
                                    transformer=SimpleImputer(strategy='most_frequent'))),
                ('ordinal_encoding',
                 TransformerWrapper(include=['gender'],
                                    transfo...
                                                               mapping=[{'col': 'gender',
                                                                         'data_type': dtype('O'),
                                                                         'mapping': Kobieta      0
Mê¿czyzna    1
NaN         -1
dtype: int64}]))),
                ('onehot_encoding',
                 TransformerWrapper(include=['age', 'edu_level', 'fav_animals',
                                             'fav_place'],
                                    transformer=OneHotEncoder(cols=['age',
                                                                    'edu_level',
                                                                    'fav_animals',
                                                                    'fav_place'],
                                                              handle_missing='return_nan',
                                                              use_cat_names=True))),
                ('trained_model', KMeans(random_state=123))]), ml_usecase=None)
2026-04-11 10:58:24,115:INFO:Set up data.
2026-04-11 10:58:26,697:INFO:Initializing predict_model()
2026-04-11 10:58:26,697:INFO:predict_model(self=<pycaret.clustering.oop.ClusteringExperiment object at 0x0000024ACD8D21D0>, estimator=Pipeline(memory=Memory(location=None),
         steps=[('numerical_imputer',
                 TransformerWrapper(include=[], transformer=SimpleImputer())),
                ('categorical_imputer',
                 TransformerWrapper(include=['age', 'edu_level', 'fav_animals',
                                             'fav_place', 'gender'],
                                    transformer=SimpleImputer(strategy='most_frequent'))),
                ('ordinal_encoding',
                 TransformerWrapper(include=['gender'],
                                    transfo...
                                                               mapping=[{'col': 'gender',
                                                                         'data_type': dtype('O'),
                                                                         'mapping': Kobieta      0
Mê¿czyzna    1
NaN         -1
dtype: int64}]))),
                ('onehot_encoding',
                 TransformerWrapper(include=['age', 'edu_level', 'fav_animals',
                                             'fav_place'],
                                    transformer=OneHotEncoder(cols=['age',
                                                                    'edu_level',
                                                                    'fav_animals',
                                                                    'fav_place'],
                                                              handle_missing='return_nan',
                                                              use_cat_names=True))),
                ('trained_model', KMeans(random_state=123))]), ml_usecase=None)
2026-04-11 10:58:26,697:INFO:Set up data.
2026-04-11 10:58:28,911:INFO:Initializing predict_model()
2026-04-11 10:58:28,912:INFO:predict_model(self=<pycaret.clustering.oop.ClusteringExperiment object at 0x0000024ACB455890>, estimator=Pipeline(memory=Memory(location=None),
         steps=[('numerical_imputer',
                 TransformerWrapper(include=[], transformer=SimpleImputer())),
                ('categorical_imputer',
                 TransformerWrapper(include=['age', 'edu_level', 'fav_animals',
                                             'fav_place', 'gender'],
                                    transformer=SimpleImputer(strategy='most_frequent'))),
                ('ordinal_encoding',
                 TransformerWrapper(include=['gender'],
                                    transfo...
                                                               mapping=[{'col': 'gender',
                                                                         'data_type': dtype('O'),
                                                                         'mapping': Kobieta      0
Mê¿czyzna    1
NaN         -1
dtype: int64}]))),
                ('onehot_encoding',
                 TransformerWrapper(include=['age', 'edu_level', 'fav_animals',
                                             'fav_place'],
                                    transformer=OneHotEncoder(cols=['age',
                                                                    'edu_level',
                                                                    'fav_animals',
                                                                    'fav_place'],
                                                              handle_missing='return_nan',
                                                              use_cat_names=True))),
                ('trained_model', KMeans(random_state=123))]), ml_usecase=None)
2026-04-11 10:58:28,912:INFO:Set up data.
2026-04-11 10:58:31,515:INFO:Initializing predict_model()
2026-04-11 10:58:31,515:INFO:predict_model(self=<pycaret.clustering.oop.ClusteringExperiment object at 0x0000024ACD618290>, estimator=Pipeline(memory=Memory(location=None),
         steps=[('numerical_imputer',
                 TransformerWrapper(include=[], transformer=SimpleImputer())),
                ('categorical_imputer',
                 TransformerWrapper(include=['age', 'edu_level', 'fav_animals',
                                             'fav_place', 'gender'],
                                    transformer=SimpleImputer(strategy='most_frequent'))),
                ('ordinal_encoding',
                 TransformerWrapper(include=['gender'],
                                    transfo...
                                                               mapping=[{'col': 'gender',
                                                                         'data_type': dtype('O'),
                                                                         'mapping': Kobieta      0
Mê¿czyzna    1
NaN         -1
dtype: int64}]))),
                ('onehot_encoding',
                 TransformerWrapper(include=['age', 'edu_level', 'fav_animals',
                                             'fav_place'],
                                    transformer=OneHotEncoder(cols=['age',
                                                                    'edu_level',
                                                                    'fav_animals',
                                                                    'fav_place'],
                                                              handle_missing='return_nan',
                                                              use_cat_names=True))),
                ('trained_model', KMeans(random_state=123))]), ml_usecase=None)
2026-04-11 10:58:31,515:INFO:Set up data.
2026-04-11 10:58:34,663:INFO:Initializing predict_model()
2026-04-11 10:58:34,663:INFO:predict_model(self=<pycaret.clustering.oop.ClusteringExperiment object at 0x0000024A94D0AD10>, estimator=Pipeline(memory=Memory(location=None),
         steps=[('numerical_imputer',
                 TransformerWrapper(include=[], transformer=SimpleImputer())),
                ('categorical_imputer',
                 TransformerWrapper(include=['age', 'edu_level', 'fav_animals',
                                             'fav_place', 'gender'],
                                    transformer=SimpleImputer(strategy='most_frequent'))),
                ('ordinal_encoding',
                 TransformerWrapper(include=['gender'],
                                    transfo...
                                                               mapping=[{'col': 'gender',
                                                                         'data_type': dtype('O'),
                                                                         'mapping': Kobieta      0
Mê¿czyzna    1
NaN         -1
dtype: int64}]))),
                ('onehot_encoding',
                 TransformerWrapper(include=['age', 'edu_level', 'fav_animals',
                                             'fav_place'],
                                    transformer=OneHotEncoder(cols=['age',
                                                                    'edu_level',
                                                                    'fav_animals',
                                                                    'fav_place'],
                                                              handle_missing='return_nan',
                                                              use_cat_names=True))),
                ('trained_model', KMeans(random_state=123))]), ml_usecase=None)
2026-04-11 10:58:34,664:INFO:Set up data.
2026-04-11 10:58:37,860:INFO:Initializing predict_model()
2026-04-11 10:58:37,861:INFO:predict_model(self=<pycaret.clustering.oop.ClusteringExperiment object at 0x0000024ACD8BE790>, estimator=Pipeline(memory=Memory(location=None),
         steps=[('numerical_imputer',
                 TransformerWrapper(include=[], transformer=SimpleImputer())),
                ('categorical_imputer',
                 TransformerWrapper(include=['age', 'edu_level', 'fav_animals',
                                             'fav_place', 'gender'],
                                    transformer=SimpleImputer(strategy='most_frequent'))),
                ('ordinal_encoding',
                 TransformerWrapper(include=['gender'],
                                    transfo...
                                                               mapping=[{'col': 'gender',
                                                                         'data_type': dtype('O'),
                                                                         'mapping': Kobieta      0
Mê¿czyzna    1
NaN         -1
dtype: int64}]))),
                ('onehot_encoding',
                 TransformerWrapper(include=['age', 'edu_level', 'fav_animals',
                                             'fav_place'],
                                    transformer=OneHotEncoder(cols=['age',
                                                                    'edu_level',
                                                                    'fav_animals',
                                                                    'fav_place'],
                                                              handle_missing='return_nan',
                                                              use_cat_names=True))),
                ('trained_model', KMeans(random_state=123))]), ml_usecase=None)
2026-04-11 10:58:37,862:INFO:Set up data.
2026-04-11 10:58:51,762:INFO:Initializing predict_model()
2026-04-11 10:58:51,762:INFO:predict_model(self=<pycaret.clustering.oop.ClusteringExperiment object at 0x0000024ACB39A910>, estimator=Pipeline(memory=Memory(location=None),
         steps=[('numerical_imputer',
                 TransformerWrapper(include=[], transformer=SimpleImputer())),
                ('categorical_imputer',
                 TransformerWrapper(include=['age', 'edu_level', 'fav_animals',
                                             'fav_place', 'gender'],
                                    transformer=SimpleImputer(strategy='most_frequent'))),
                ('ordinal_encoding',
                 TransformerWrapper(include=['gender'],
                                    transfo...
                                                               mapping=[{'col': 'gender',
                                                                         'data_type': dtype('O'),
                                                                         'mapping': Kobieta      0
Mê¿czyzna    1
NaN         -1
dtype: int64}]))),
                ('onehot_encoding',
                 TransformerWrapper(include=['age', 'edu_level', 'fav_animals',
                                             'fav_place'],
                                    transformer=OneHotEncoder(cols=['age',
                                                                    'edu_level',
                                                                    'fav_animals',
                                                                    'fav_place'],
                                                              handle_missing='return_nan',
                                                              use_cat_names=True))),
                ('trained_model', KMeans(random_state=123))]), ml_usecase=None)
2026-04-11 10:58:51,762:INFO:Set up data.
2026-04-11 10:58:55,431:INFO:Initializing predict_model()
2026-04-11 10:58:55,431:INFO:predict_model(self=<pycaret.clustering.oop.ClusteringExperiment object at 0x0000024ACD6A8B50>, estimator=Pipeline(memory=Memory(location=None),
         steps=[('numerical_imputer',
                 TransformerWrapper(include=[], transformer=SimpleImputer())),
                ('categorical_imputer',
                 TransformerWrapper(include=['age', 'edu_level', 'fav_animals',
                                             'fav_place', 'gender'],
                                    transformer=SimpleImputer(strategy='most_frequent'))),
                ('ordinal_encoding',
                 TransformerWrapper(include=['gender'],
                                    transfo...
                                                               mapping=[{'col': 'gender',
                                                                         'data_type': dtype('O'),
                                                                         'mapping': Kobieta      0
Mê¿czyzna    1
NaN         -1
dtype: int64}]))),
                ('onehot_encoding',
                 TransformerWrapper(include=['age', 'edu_level', 'fav_animals',
                                             'fav_place'],
                                    transformer=OneHotEncoder(cols=['age',
                                                                    'edu_level',
                                                                    'fav_animals',
                                                                    'fav_place'],
                                                              handle_missing='return_nan',
                                                              use_cat_names=True))),
                ('trained_model', KMeans(random_state=123))]), ml_usecase=None)
2026-04-11 10:58:55,432:INFO:Set up data.
2026-04-12 16:06:53,218:WARNING:
'cuml' is a soft dependency and not included in the pycaret installation. Please run: `pip install cuml` to install.
2026-04-12 16:06:53,219:WARNING:
'cuml' is a soft dependency and not included in the pycaret installation. Please run: `pip install cuml` to install.
2026-04-12 16:06:53,220:WARNING:
'cuml' is a soft dependency and not included in the pycaret installation. Please run: `pip install cuml` to install.
2026-04-12 16:06:53,221:WARNING:
'cuml' is a soft dependency and not included in the pycaret installation. Please run: `pip install cuml` to install.
2026-04-12 16:07:00,223:INFO:Initializing load_model()
2026-04-12 16:07:00,224:INFO:load_model(model_name=welcome_survey_clustering_pipeline_v1, platform=None, authentication=None, verbose=True)
2026-04-12 16:07:00,257:WARNING:C:\Users\slim\miniconda3\envs\od_zera_do_ai\Lib\site-packages\_distutils_hack\__init__.py:30: UserWarning: Setuptools is replacing distutils. Support for replacing an already imported distutils is deprecated. In the future, this condition will fail. Register concerns at https://github.com/pypa/setuptools/issues/new?template=distutils-deprecation.yml
  warnings.warn(

2026-04-12 16:07:00,705:WARNING:C:\Users\slim\miniconda3\envs\od_zera_do_ai\Lib\site-packages\pycaret\internal\pipeline.py:148: UserWarning: Version mismatch:
current: {'deps_info': {'pip': '26.0.1', 'setuptools': '78.1.1', 'pycaret': '3.3.2', 'IPython': '9.1.0', 'ipywidgets': '8.1.8', 'tqdm': '4.67.3', 'numpy': '1.26.4', 'pandas': '1.5.3', 'jinja2': '3.1.6', 'scipy': '1.10.1', 'joblib': '1.4.2', 'sklearn': '1.4.2', 'pyod': '2.0.5', 'imblearn': '0.14.1', 'category_encoders': '2.6.3', 'lightgbm': '4.6.0', 'numba': '0.63.1', 'requests': '2.32.4', 'matplotlib': '3.7.5', 'scikitplot': '0.3.7', 'yellowbrick': '1.5', 'plotly': '5.24.1', 'plotly-resampler': 'Not installed', 'kaleido': '1.0.0', 'schemdraw': '0.15', 'statsmodels': '0.14.6', 'sktime': '0.26.0', 'tbats': '1.1.3', 'pmdarima': 'Not installed', 'psutil': '5.9.0', 'markupsafe': '3.0.2', 'pickle5': 'Not installed', 'cloudpickle': '3.1.2', 'deprecation': '2.1.0', 'xxhash': '3.6.0', 'wurlitzer': 'Not installed'}, 'python': {'version': '3.11.11', 'machine': 'AMD64'}}
pickle: {'deps_info': {'pip': '24.0', 'setuptools': '70.3.0', 'pycaret': '3.3.1', 'IPython': '8.26.0', 'ipywidgets': '8.1.3', 'tqdm': '4.66.5', 'numpy': '1.26.4', 'pandas': '1.5.3', 'jinja2': '3.1.4', 'scipy': '1.11.4', 'joblib': '1.3.2', 'sklearn': '1.4.2', 'pyod': '2.0.1', 'imblearn': '0.12.3', 'category_encoders': '2.6.3', 'lightgbm': '4.5.0', 'numba': '0.60.0', 'requests': '2.32.3', 'matplotlib': '3.8.4', 'scikitplot': '0.3.7', 'yellowbrick': '1.5', 'plotly': '5.23.0', 'plotly-resampler': 'Not installed', 'kaleido': '0.2.1', 'schemdraw': '0.15', 'statsmodels': '0.14.2', 'sktime': '0.26.0', 'tbats': '1.1.3', 'pmdarima': '2.0.4', 'psutil': '6.0.0', 'markupsafe': '2.1.5', 'pickle5': 'Not installed', 'cloudpickle': '3.0.0', 'deprecation': '2.1.0', 'xxhash': '3.4.1', 'wurlitzer': '3.1.1'}, 'python': {'version': '3.11.9', 'machine': 'arm64'}}
  warnings.warn(

2026-04-12 16:07:00,792:INFO:Initializing predict_model()
2026-04-12 16:07:00,793:INFO:predict_model(self=<pycaret.clustering.oop.ClusteringExperiment object at 0x0000029BBFD7BC90>, estimator=Pipeline(memory=Memory(location=None),
         steps=[('numerical_imputer',
                 TransformerWrapper(include=[], transformer=SimpleImputer())),
                ('categorical_imputer',
                 TransformerWrapper(include=['age', 'edu_level', 'fav_animals',
                                             'fav_place', 'gender'],
                                    transformer=SimpleImputer(strategy='most_frequent'))),
                ('ordinal_encoding',
                 TransformerWrapper(include=['gender'],
                                    transfo...
                                                               mapping=[{'col': 'gender',
                                                                         'data_type': dtype('O'),
                                                                         'mapping': Kobieta      0
Mê¿czyzna    1
NaN         -1
dtype: int64}]))),
                ('onehot_encoding',
                 TransformerWrapper(include=['age', 'edu_level', 'fav_animals',
                                             'fav_place'],
                                    transformer=OneHotEncoder(cols=['age',
                                                                    'edu_level',
                                                                    'fav_animals',
                                                                    'fav_place'],
                                                              handle_missing='return_nan',
                                                              use_cat_names=True))),
                ('trained_model', KMeans(random_state=123))]), ml_usecase=None)
2026-04-12 16:07:00,794:INFO:Set up data.
2026-04-12 16:07:01,139:INFO:Initializing predict_model()
2026-04-12 16:07:01,140:INFO:predict_model(self=<pycaret.clustering.oop.ClusteringExperiment object at 0x0000029BC0264810>, estimator=Pipeline(memory=Memory(location=None),
         steps=[('numerical_imputer',
                 TransformerWrapper(include=[], transformer=SimpleImputer())),
                ('categorical_imputer',
                 TransformerWrapper(include=['age', 'edu_level', 'fav_animals',
                                             'fav_place', 'gender'],
                                    transformer=SimpleImputer(strategy='most_frequent'))),
                ('ordinal_encoding',
                 TransformerWrapper(include=['gender'],
                                    transfo...
                                                               mapping=[{'col': 'gender',
                                                                         'data_type': dtype('O'),
                                                                         'mapping': Kobieta      0
Mê¿czyzna    1
NaN         -1
dtype: int64}]))),
                ('onehot_encoding',
                 TransformerWrapper(include=['age', 'edu_level', 'fav_animals',
                                             'fav_place'],
                                    transformer=OneHotEncoder(cols=['age',
                                                                    'edu_level',
                                                                    'fav_animals',
                                                                    'fav_place'],
                                                              handle_missing='return_nan',
                                                              use_cat_names=True))),
                ('trained_model', KMeans(random_state=123))]), ml_usecase=None)
2026-04-12 16:07:01,140:INFO:Set up data.
2026-04-12 16:07:15,457:WARNING:
'cuml' is a soft dependency and not included in the pycaret installation. Please run: `pip install cuml` to install.
2026-04-12 16:07:15,458:WARNING:
'cuml' is a soft dependency and not included in the pycaret installation. Please run: `pip install cuml` to install.
2026-04-12 16:07:15,459:WARNING:
'cuml' is a soft dependency and not included in the pycaret installation. Please run: `pip install cuml` to install.
2026-04-12 16:07:15,459:WARNING:
'cuml' is a soft dependency and not included in the pycaret installation. Please run: `pip install cuml` to install.
2026-04-12 16:07:21,522:INFO:Initializing load_model()
2026-04-12 16:07:21,523:INFO:load_model(model_name=welcome_survey_clustering_pipeline_v1, platform=None, authentication=None, verbose=True)
2026-04-12 16:07:21,542:WARNING:C:\Users\slim\miniconda3\envs\od_zera_do_ai\Lib\site-packages\_distutils_hack\__init__.py:30: UserWarning: Setuptools is replacing distutils. Support for replacing an already imported distutils is deprecated. In the future, this condition will fail. Register concerns at https://github.com/pypa/setuptools/issues/new?template=distutils-deprecation.yml
  warnings.warn(

2026-04-12 16:07:21,798:WARNING:C:\Users\slim\miniconda3\envs\od_zera_do_ai\Lib\site-packages\pycaret\internal\pipeline.py:148: UserWarning: Version mismatch:
current: {'deps_info': {'pip': '26.0.1', 'setuptools': '78.1.1', 'pycaret': '3.3.2', 'IPython': '9.1.0', 'ipywidgets': '8.1.8', 'tqdm': '4.67.3', 'numpy': '1.26.4', 'pandas': '1.5.3', 'jinja2': '3.1.6', 'scipy': '1.10.1', 'joblib': '1.4.2', 'sklearn': '1.4.2', 'pyod': '2.0.5', 'imblearn': '0.14.1', 'category_encoders': '2.6.3', 'lightgbm': '4.6.0', 'numba': '0.63.1', 'requests': '2.32.4', 'matplotlib': '3.7.5', 'scikitplot': '0.3.7', 'yellowbrick': '1.5', 'plotly': '5.24.1', 'plotly-resampler': 'Not installed', 'kaleido': '1.0.0', 'schemdraw': '0.15', 'statsmodels': '0.14.6', 'sktime': '0.26.0', 'tbats': '1.1.3', 'pmdarima': 'Not installed', 'psutil': '5.9.0', 'markupsafe': '3.0.2', 'pickle5': 'Not installed', 'cloudpickle': '3.1.2', 'deprecation': '2.1.0', 'xxhash': '3.6.0', 'wurlitzer': 'Not installed'}, 'python': {'version': '3.11.11', 'machine': 'AMD64'}}
pickle: {'deps_info': {'pip': '24.0', 'setuptools': '70.3.0', 'pycaret': '3.3.1', 'IPython': '8.26.0', 'ipywidgets': '8.1.3', 'tqdm': '4.66.5', 'numpy': '1.26.4', 'pandas': '1.5.3', 'jinja2': '3.1.4', 'scipy': '1.11.4', 'joblib': '1.3.2', 'sklearn': '1.4.2', 'pyod': '2.0.1', 'imblearn': '0.12.3', 'category_encoders': '2.6.3', 'lightgbm': '4.5.0', 'numba': '0.60.0', 'requests': '2.32.3', 'matplotlib': '3.8.4', 'scikitplot': '0.3.7', 'yellowbrick': '1.5', 'plotly': '5.23.0', 'plotly-resampler': 'Not installed', 'kaleido': '0.2.1', 'schemdraw': '0.15', 'statsmodels': '0.14.2', 'sktime': '0.26.0', 'tbats': '1.1.3', 'pmdarima': '2.0.4', 'psutil': '6.0.0', 'markupsafe': '2.1.5', 'pickle5': 'Not installed', 'cloudpickle': '3.0.0', 'deprecation': '2.1.0', 'xxhash': '3.4.1', 'wurlitzer': '3.1.1'}, 'python': {'version': '3.11.9', 'machine': 'arm64'}}
  warnings.warn(

2026-04-12 16:07:21,899:INFO:Initializing predict_model()
2026-04-12 16:07:21,899:INFO:predict_model(self=<pycaret.clustering.oop.ClusteringExperiment object at 0x0000029E8DC0ADD0>, estimator=Pipeline(memory=Memory(location=None),
         steps=[('numerical_imputer',
                 TransformerWrapper(include=[], transformer=SimpleImputer())),
                ('categorical_imputer',
                 TransformerWrapper(include=['age', 'edu_level', 'fav_animals',
                                             'fav_place', 'gender'],
                                    transformer=SimpleImputer(strategy='most_frequent'))),
                ('ordinal_encoding',
                 TransformerWrapper(include=['gender'],
                                    transfo...
                                                               mapping=[{'col': 'gender',
                                                                         'data_type': dtype('O'),
                                                                         'mapping': Kobieta      0
Mê¿czyzna    1
NaN         -1
dtype: int64}]))),
                ('onehot_encoding',
                 TransformerWrapper(include=['age', 'edu_level', 'fav_animals',
                                             'fav_place'],
                                    transformer=OneHotEncoder(cols=['age',
                                                                    'edu_level',
                                                                    'fav_animals',
                                                                    'fav_place'],
                                                              handle_missing='return_nan',
                                                              use_cat_names=True))),
                ('trained_model', KMeans(random_state=123))]), ml_usecase=None)
2026-04-12 16:07:21,899:INFO:Set up data.
2026-04-12 16:07:22,640:INFO:Initializing predict_model()
2026-04-12 16:07:22,641:INFO:predict_model(self=<pycaret.clustering.oop.ClusteringExperiment object at 0x0000029E8DE4E310>, estimator=Pipeline(memory=Memory(location=None),
         steps=[('numerical_imputer',
                 TransformerWrapper(include=[], transformer=SimpleImputer())),
                ('categorical_imputer',
                 TransformerWrapper(include=['age', 'edu_level', 'fav_animals',
                                             'fav_place', 'gender'],
                                    transformer=SimpleImputer(strategy='most_frequent'))),
                ('ordinal_encoding',
                 TransformerWrapper(include=['gender'],
                                    transfo...
                                                               mapping=[{'col': 'gender',
                                                                         'data_type': dtype('O'),
                                                                         'mapping': Kobieta      0
Mê¿czyzna    1
NaN         -1
dtype: int64}]))),
                ('onehot_encoding',
                 TransformerWrapper(include=['age', 'edu_level', 'fav_animals',
                                             'fav_place'],
                                    transformer=OneHotEncoder(cols=['age',
                                                                    'edu_level',
                                                                    'fav_animals',
                                                                    'fav_place'],
                                                              handle_missing='return_nan',
                                                              use_cat_names=True))),
                ('trained_model', KMeans(random_state=123))]), ml_usecase=None)
2026-04-12 16:07:22,641:INFO:Set up data.
2026-04-12 16:11:38,144:WARNING:
'cuml' is a soft dependency and not included in the pycaret installation. Please run: `pip install cuml` to install.
2026-04-12 16:11:38,144:WARNING:
'cuml' is a soft dependency and not included in the pycaret installation. Please run: `pip install cuml` to install.
2026-04-12 16:11:38,144:WARNING:
'cuml' is a soft dependency and not included in the pycaret installation. Please run: `pip install cuml` to install.
2026-04-12 16:11:38,144:WARNING:
'cuml' is a soft dependency and not included in the pycaret installation. Please run: `pip install cuml` to install.
2026-04-12 16:11:43,459:INFO:Initializing load_model()
2026-04-12 16:11:43,461:INFO:load_model(model_name=welcome_survey_clustering_pipeline_v1, platform=None, authentication=None, verbose=True)
2026-04-12 16:11:43,494:WARNING:C:\Users\slim\miniconda3\envs\od_zera_do_ai\Lib\site-packages\_distutils_hack\__init__.py:30: UserWarning: Setuptools is replacing distutils. Support for replacing an already imported distutils is deprecated. In the future, this condition will fail. Register concerns at https://github.com/pypa/setuptools/issues/new?template=distutils-deprecation.yml
  warnings.warn(

2026-04-12 16:11:43,748:WARNING:C:\Users\slim\miniconda3\envs\od_zera_do_ai\Lib\site-packages\pycaret\internal\pipeline.py:148: UserWarning: Version mismatch:
current: {'deps_info': {'pip': '26.0.1', 'setuptools': '78.1.1', 'pycaret': '3.3.2', 'IPython': '9.1.0', 'ipywidgets': '8.1.8', 'tqdm': '4.67.3', 'numpy': '1.26.4', 'pandas': '1.5.3', 'jinja2': '3.1.6', 'scipy': '1.10.1', 'joblib': '1.4.2', 'sklearn': '1.4.2', 'pyod': '2.0.5', 'imblearn': '0.14.1', 'category_encoders': '2.6.3', 'lightgbm': '4.6.0', 'numba': '0.63.1', 'requests': '2.32.4', 'matplotlib': '3.7.5', 'scikitplot': '0.3.7', 'yellowbrick': '1.5', 'plotly': '5.24.1', 'plotly-resampler': 'Not installed', 'kaleido': '1.0.0', 'schemdraw': '0.15', 'statsmodels': '0.14.6', 'sktime': '0.26.0', 'tbats': '1.1.3', 'pmdarima': 'Not installed', 'psutil': '5.9.0', 'markupsafe': '3.0.2', 'pickle5': 'Not installed', 'cloudpickle': '3.1.2', 'deprecation': '2.1.0', 'xxhash': '3.6.0', 'wurlitzer': 'Not installed'}, 'python': {'version': '3.11.11', 'machine': 'AMD64'}}
pickle: {'deps_info': {'pip': '24.0', 'setuptools': '70.3.0', 'pycaret': '3.3.1', 'IPython': '8.26.0', 'ipywidgets': '8.1.3', 'tqdm': '4.66.5', 'numpy': '1.26.4', 'pandas': '1.5.3', 'jinja2': '3.1.4', 'scipy': '1.11.4', 'joblib': '1.3.2', 'sklearn': '1.4.2', 'pyod': '2.0.1', 'imblearn': '0.12.3', 'category_encoders': '2.6.3', 'lightgbm': '4.5.0', 'numba': '0.60.0', 'requests': '2.32.3', 'matplotlib': '3.8.4', 'scikitplot': '0.3.7', 'yellowbrick': '1.5', 'plotly': '5.23.0', 'plotly-resampler': 'Not installed', 'kaleido': '0.2.1', 'schemdraw': '0.15', 'statsmodels': '0.14.2', 'sktime': '0.26.0', 'tbats': '1.1.3', 'pmdarima': '2.0.4', 'psutil': '6.0.0', 'markupsafe': '2.1.5', 'pickle5': 'Not installed', 'cloudpickle': '3.0.0', 'deprecation': '2.1.0', 'xxhash': '3.4.1', 'wurlitzer': '3.1.1'}, 'python': {'version': '3.11.9', 'machine': 'arm64'}}
  warnings.warn(

2026-04-12 16:11:43,873:INFO:Initializing predict_model()
2026-04-12 16:11:43,873:INFO:predict_model(self=<pycaret.clustering.oop.ClusteringExperiment object at 0x000002067A5D8B10>, estimator=Pipeline(memory=Memory(location=None),
         steps=[('numerical_imputer',
                 TransformerWrapper(include=[], transformer=SimpleImputer())),
                ('categorical_imputer',
                 TransformerWrapper(include=['age', 'edu_level', 'fav_animals',
                                             'fav_place', 'gender'],
                                    transformer=SimpleImputer(strategy='most_frequent'))),
                ('ordinal_encoding',
                 TransformerWrapper(include=['gender'],
                                    transfo...
                                                               mapping=[{'col': 'gender',
                                                                         'data_type': dtype('O'),
                                                                         'mapping': Kobieta      0
Mê¿czyzna    1
NaN         -1
dtype: int64}]))),
                ('onehot_encoding',
                 TransformerWrapper(include=['age', 'edu_level', 'fav_animals',
                                             'fav_place'],
                                    transformer=OneHotEncoder(cols=['age',
                                                                    'edu_level',
                                                                    'fav_animals',
                                                                    'fav_place'],
                                                              handle_missing='return_nan',
                                                              use_cat_names=True))),
                ('trained_model', KMeans(random_state=123))]), ml_usecase=None)
2026-04-12 16:11:43,874:INFO:Set up data.
2026-04-12 16:11:44,544:INFO:Initializing predict_model()
2026-04-12 16:11:44,544:INFO:predict_model(self=<pycaret.clustering.oop.ClusteringExperiment object at 0x000002067A0ADC50>, estimator=Pipeline(memory=Memory(location=None),
         steps=[('numerical_imputer',
                 TransformerWrapper(include=[], transformer=SimpleImputer())),
                ('categorical_imputer',
                 TransformerWrapper(include=['age', 'edu_level', 'fav_animals',
                                             'fav_place', 'gender'],
                                    transformer=SimpleImputer(strategy='most_frequent'))),
                ('ordinal_encoding',
                 TransformerWrapper(include=['gender'],
                                    transfo...
                                                               mapping=[{'col': 'gender',
                                                                         'data_type': dtype('O'),
                                                                         'mapping': Kobieta      0
Mê¿czyzna    1
NaN         -1
dtype: int64}]))),
                ('onehot_encoding',
                 TransformerWrapper(include=['age', 'edu_level', 'fav_animals',
                                             'fav_place'],
                                    transformer=OneHotEncoder(cols=['age',
                                                                    'edu_level',
                                                                    'fav_animals',
                                                                    'fav_place'],
                                                              handle_missing='return_nan',
                                                              use_cat_names=True))),
                ('trained_model', KMeans(random_state=123))]), ml_usecase=None)
2026-04-12 16:11:44,544:INFO:Set up data.
2026-04-12 16:22:11,127:WARNING:
'cuml' is a soft dependency and not included in the pycaret installation. Please run: `pip install cuml` to install.
2026-04-12 16:22:11,127:WARNING:
'cuml' is a soft dependency and not included in the pycaret installation. Please run: `pip install cuml` to install.
2026-04-12 16:22:11,128:WARNING:
'cuml' is a soft dependency and not included in the pycaret installation. Please run: `pip install cuml` to install.
2026-04-12 16:22:11,128:WARNING:
'cuml' is a soft dependency and not included in the pycaret installation. Please run: `pip install cuml` to install.
2026-04-12 16:22:14,025:INFO:Initializing load_model()
2026-04-12 16:22:14,027:INFO:load_model(model_name=welcome_survey_clustering_pipeline_v1, platform=None, authentication=None, verbose=True)
2026-04-12 16:22:14,078:WARNING:C:\Users\slim\miniconda3\envs\od_zera_do_ai\Lib\site-packages\_distutils_hack\__init__.py:30: UserWarning: Setuptools is replacing distutils. Support for replacing an already imported distutils is deprecated. In the future, this condition will fail. Register concerns at https://github.com/pypa/setuptools/issues/new?template=distutils-deprecation.yml
  warnings.warn(

2026-04-12 16:22:14,188:WARNING:C:\Users\slim\miniconda3\envs\od_zera_do_ai\Lib\site-packages\pycaret\internal\pipeline.py:148: UserWarning: Version mismatch:
current: {'deps_info': {'pip': '26.0.1', 'setuptools': '78.1.1', 'pycaret': '3.3.2', 'IPython': '9.1.0', 'ipywidgets': '8.1.8', 'tqdm': '4.67.3', 'numpy': '1.26.4', 'pandas': '1.5.3', 'jinja2': '3.1.6', 'scipy': '1.10.1', 'joblib': '1.4.2', 'sklearn': '1.4.2', 'pyod': '2.0.5', 'imblearn': '0.14.1', 'category_encoders': '2.6.3', 'lightgbm': '4.6.0', 'numba': '0.63.1', 'requests': '2.32.4', 'matplotlib': '3.7.5', 'scikitplot': '0.3.7', 'yellowbrick': '1.5', 'plotly': '5.24.1', 'plotly-resampler': 'Not installed', 'kaleido': '1.0.0', 'schemdraw': '0.15', 'statsmodels': '0.14.6', 'sktime': '0.26.0', 'tbats': '1.1.3', 'pmdarima': 'Not installed', 'psutil': '5.9.0', 'markupsafe': '3.0.2', 'pickle5': 'Not installed', 'cloudpickle': '3.1.2', 'deprecation': '2.1.0', 'xxhash': '3.6.0', 'wurlitzer': 'Not installed'}, 'python': {'version': '3.11.11', 'machine': 'AMD64'}}
pickle: {'deps_info': {'pip': '24.0', 'setuptools': '70.3.0', 'pycaret': '3.3.1', 'IPython': '8.26.0', 'ipywidgets': '8.1.3', 'tqdm': '4.66.5', 'numpy': '1.26.4', 'pandas': '1.5.3', 'jinja2': '3.1.4', 'scipy': '1.11.4', 'joblib': '1.3.2', 'sklearn': '1.4.2', 'pyod': '2.0.1', 'imblearn': '0.12.3', 'category_encoders': '2.6.3', 'lightgbm': '4.5.0', 'numba': '0.60.0', 'requests': '2.32.3', 'matplotlib': '3.8.4', 'scikitplot': '0.3.7', 'yellowbrick': '1.5', 'plotly': '5.23.0', 'plotly-resampler': 'Not installed', 'kaleido': '0.2.1', 'schemdraw': '0.15', 'statsmodels': '0.14.2', 'sktime': '0.26.0', 'tbats': '1.1.3', 'pmdarima': '2.0.4', 'psutil': '6.0.0', 'markupsafe': '2.1.5', 'pickle5': 'Not installed', 'cloudpickle': '3.0.0', 'deprecation': '2.1.0', 'xxhash': '3.4.1', 'wurlitzer': '3.1.1'}, 'python': {'version': '3.11.9', 'machine': 'arm64'}}
  warnings.warn(

2026-04-12 16:22:14,246:INFO:Initializing predict_model()
2026-04-12 16:22:14,246:INFO:predict_model(self=<pycaret.clustering.oop.ClusteringExperiment object at 0x000001D4C0E3D590>, estimator=Pipeline(memory=Memory(location=None),
         steps=[('numerical_imputer',
                 TransformerWrapper(include=[], transformer=SimpleImputer())),
                ('categorical_imputer',
                 TransformerWrapper(include=['age', 'edu_level', 'fav_animals',
                                             'fav_place', 'gender'],
                                    transformer=SimpleImputer(strategy='most_frequent'))),
                ('ordinal_encoding',
                 TransformerWrapper(include=['gender'],
                                    transfo...
                                                               mapping=[{'col': 'gender',
                                                                         'data_type': dtype('O'),
                                                                         'mapping': Kobieta      0
Mê¿czyzna    1
NaN         -1
dtype: int64}]))),
                ('onehot_encoding',
                 TransformerWrapper(include=['age', 'edu_level', 'fav_animals',
                                             'fav_place'],
                                    transformer=OneHotEncoder(cols=['age',
                                                                    'edu_level',
                                                                    'fav_animals',
                                                                    'fav_place'],
                                                              handle_missing='return_nan',
                                                              use_cat_names=True))),
                ('trained_model', KMeans(random_state=123))]), ml_usecase=None)
2026-04-12 16:22:14,246:INFO:Set up data.
2026-04-12 16:22:14,521:INFO:Initializing predict_model()
2026-04-12 16:22:14,522:INFO:predict_model(self=<pycaret.clustering.oop.ClusteringExperiment object at 0x000001D4C1044950>, estimator=Pipeline(memory=Memory(location=None),
         steps=[('numerical_imputer',
                 TransformerWrapper(include=[], transformer=SimpleImputer())),
                ('categorical_imputer',
                 TransformerWrapper(include=['age', 'edu_level', 'fav_animals',
                                             'fav_place', 'gender'],
                                    transformer=SimpleImputer(strategy='most_frequent'))),
                ('ordinal_encoding',
                 TransformerWrapper(include=['gender'],
                                    transfo...
                                                               mapping=[{'col': 'gender',
                                                                         'data_type': dtype('O'),
                                                                         'mapping': Kobieta      0
Mê¿czyzna    1
NaN         -1
dtype: int64}]))),
                ('onehot_encoding',
                 TransformerWrapper(include=['age', 'edu_level', 'fav_animals',
                                             'fav_place'],
                                    transformer=OneHotEncoder(cols=['age',
                                                                    'edu_level',
                                                                    'fav_animals',
                                                                    'fav_place'],
                                                              handle_missing='return_nan',
                                                              use_cat_names=True))),
                ('trained_model', KMeans(random_state=123))]), ml_usecase=None)
2026-04-12 16:22:14,522:INFO:Set up data.
2026-04-12 16:23:21,082:WARNING:
'cuml' is a soft dependency and not included in the pycaret installation. Please run: `pip install cuml` to install.
2026-04-12 16:23:21,083:WARNING:
'cuml' is a soft dependency and not included in the pycaret installation. Please run: `pip install cuml` to install.
2026-04-12 16:23:21,083:WARNING:
'cuml' is a soft dependency and not included in the pycaret installation. Please run: `pip install cuml` to install.
2026-04-12 16:23:21,083:WARNING:
'cuml' is a soft dependency and not included in the pycaret installation. Please run: `pip install cuml` to install.
2026-04-12 16:23:25,106:INFO:Initializing load_model()
2026-04-12 16:23:25,106:INFO:load_model(model_name=welcome_survey_clustering_pipeline_v1, platform=None, authentication=None, verbose=True)
2026-04-12 16:23:25,124:WARNING:C:\Users\slim\miniconda3\envs\od_zera_do_ai\Lib\site-packages\_distutils_hack\__init__.py:30: UserWarning: Setuptools is replacing distutils. Support for replacing an already imported distutils is deprecated. In the future, this condition will fail. Register concerns at https://github.com/pypa/setuptools/issues/new?template=distutils-deprecation.yml
  warnings.warn(

2026-04-12 16:23:25,331:WARNING:C:\Users\slim\miniconda3\envs\od_zera_do_ai\Lib\site-packages\pycaret\internal\pipeline.py:148: UserWarning: Version mismatch:
current: {'deps_info': {'pip': '26.0.1', 'setuptools': '78.1.1', 'pycaret': '3.3.2', 'IPython': '9.1.0', 'ipywidgets': '8.1.8', 'tqdm': '4.67.3', 'numpy': '1.26.4', 'pandas': '1.5.3', 'jinja2': '3.1.6', 'scipy': '1.10.1', 'joblib': '1.4.2', 'sklearn': '1.4.2', 'pyod': '2.0.5', 'imblearn': '0.14.1', 'category_encoders': '2.6.3', 'lightgbm': '4.6.0', 'numba': '0.63.1', 'requests': '2.32.4', 'matplotlib': '3.7.5', 'scikitplot': '0.3.7', 'yellowbrick': '1.5', 'plotly': '5.24.1', 'plotly-resampler': 'Not installed', 'kaleido': '1.0.0', 'schemdraw': '0.15', 'statsmodels': '0.14.6', 'sktime': '0.26.0', 'tbats': '1.1.3', 'pmdarima': 'Not installed', 'psutil': '5.9.0', 'markupsafe': '3.0.2', 'pickle5': 'Not installed', 'cloudpickle': '3.1.2', 'deprecation': '2.1.0', 'xxhash': '3.6.0', 'wurlitzer': 'Not installed'}, 'python': {'version': '3.11.11', 'machine': 'AMD64'}}
pickle: {'deps_info': {'pip': '24.0', 'setuptools': '70.3.0', 'pycaret': '3.3.1', 'IPython': '8.26.0', 'ipywidgets': '8.1.3', 'tqdm': '4.66.5', 'numpy': '1.26.4', 'pandas': '1.5.3', 'jinja2': '3.1.4', 'scipy': '1.11.4', 'joblib': '1.3.2', 'sklearn': '1.4.2', 'pyod': '2.0.1', 'imblearn': '0.12.3', 'category_encoders': '2.6.3', 'lightgbm': '4.5.0', 'numba': '0.60.0', 'requests': '2.32.3', 'matplotlib': '3.8.4', 'scikitplot': '0.3.7', 'yellowbrick': '1.5', 'plotly': '5.23.0', 'plotly-resampler': 'Not installed', 'kaleido': '0.2.1', 'schemdraw': '0.15', 'statsmodels': '0.14.2', 'sktime': '0.26.0', 'tbats': '1.1.3', 'pmdarima': '2.0.4', 'psutil': '6.0.0', 'markupsafe': '2.1.5', 'pickle5': 'Not installed', 'cloudpickle': '3.0.0', 'deprecation': '2.1.0', 'xxhash': '3.4.1', 'wurlitzer': '3.1.1'}, 'python': {'version': '3.11.9', 'machine': 'arm64'}}
  warnings.warn(

2026-04-12 16:23:25,473:INFO:Initializing predict_model()
2026-04-12 16:23:25,473:INFO:predict_model(self=<pycaret.clustering.oop.ClusteringExperiment object at 0x000001A875D24110>, estimator=Pipeline(memory=Memory(location=None),
         steps=[('numerical_imputer',
                 TransformerWrapper(include=[], transformer=SimpleImputer())),
                ('categorical_imputer',
                 TransformerWrapper(include=['age', 'edu_level', 'fav_animals',
                                             'fav_place', 'gender'],
                                    transformer=SimpleImputer(strategy='most_frequent'))),
                ('ordinal_encoding',
                 TransformerWrapper(include=['gender'],
                                    transfo...
                                                               mapping=[{'col': 'gender',
                                                                         'data_type': dtype('O'),
                                                                         'mapping': Kobieta      0
Mê¿czyzna    1
NaN         -1
dtype: int64}]))),
                ('onehot_encoding',
                 TransformerWrapper(include=['age', 'edu_level', 'fav_animals',
                                             'fav_place'],
                                    transformer=OneHotEncoder(cols=['age',
                                                                    'edu_level',
                                                                    'fav_animals',
                                                                    'fav_place'],
                                                              handle_missing='return_nan',
                                                              use_cat_names=True))),
                ('trained_model', KMeans(random_state=123))]), ml_usecase=None)
2026-04-12 16:23:25,474:INFO:Set up data.
2026-04-12 16:23:25,987:INFO:Initializing predict_model()
2026-04-12 16:23:25,987:INFO:predict_model(self=<pycaret.clustering.oop.ClusteringExperiment object at 0x000001A877039A10>, estimator=Pipeline(memory=Memory(location=None),
         steps=[('numerical_imputer',
                 TransformerWrapper(include=[], transformer=SimpleImputer())),
                ('categorical_imputer',
                 TransformerWrapper(include=['age', 'edu_level', 'fav_animals',
                                             'fav_place', 'gender'],
                                    transformer=SimpleImputer(strategy='most_frequent'))),
                ('ordinal_encoding',
                 TransformerWrapper(include=['gender'],
                                    transfo...
                                                               mapping=[{'col': 'gender',
                                                                         'data_type': dtype('O'),
                                                                         'mapping': Kobieta      0
Mê¿czyzna    1
NaN         -1
dtype: int64}]))),
                ('onehot_encoding',
                 TransformerWrapper(include=['age', 'edu_level', 'fav_animals',
                                             'fav_place'],
                                    transformer=OneHotEncoder(cols=['age',
                                                                    'edu_level',
                                                                    'fav_animals',
                                                                    'fav_place'],
                                                              handle_missing='return_nan',
                                                              use_cat_names=True))),
                ('trained_model', KMeans(random_state=123))]), ml_usecase=None)
2026-04-12 16:23:25,988:INFO:Set up data.
2026-04-12 16:58:27,781:WARNING:
'cuml' is a soft dependency and not included in the pycaret installation. Please run: `pip install cuml` to install.
2026-04-12 16:58:27,781:WARNING:
'cuml' is a soft dependency and not included in the pycaret installation. Please run: `pip install cuml` to install.
2026-04-12 16:58:27,781:WARNING:
'cuml' is a soft dependency and not included in the pycaret installation. Please run: `pip install cuml` to install.
2026-04-12 16:58:27,781:WARNING:
'cuml' is a soft dependency and not included in the pycaret installation. Please run: `pip install cuml` to install.
2026-04-12 16:58:30,077:INFO:Initializing load_model()
2026-04-12 16:58:30,077:INFO:load_model(model_name=welcome_survey_clustering_pipeline_v1, platform=None, authentication=None, verbose=True)
2026-04-12 16:58:30,085:WARNING:C:\Users\slim\miniconda3\envs\od_zera_do_ai\Lib\site-packages\_distutils_hack\__init__.py:30: UserWarning: Setuptools is replacing distutils. Support for replacing an already imported distutils is deprecated. In the future, this condition will fail. Register concerns at https://github.com/pypa/setuptools/issues/new?template=distutils-deprecation.yml
  warnings.warn(

2026-04-12 16:58:30,173:WARNING:C:\Users\slim\miniconda3\envs\od_zera_do_ai\Lib\site-packages\pycaret\internal\pipeline.py:148: UserWarning: Version mismatch:
current: {'deps_info': {'pip': '26.0.1', 'setuptools': '78.1.1', 'pycaret': '3.3.2', 'IPython': '9.1.0', 'ipywidgets': '8.1.8', 'tqdm': '4.67.3', 'numpy': '1.26.4', 'pandas': '1.5.3', 'jinja2': '3.1.6', 'scipy': '1.10.1', 'joblib': '1.4.2', 'sklearn': '1.4.2', 'pyod': '2.0.5', 'imblearn': '0.14.1', 'category_encoders': '2.6.3', 'lightgbm': '4.6.0', 'numba': '0.63.1', 'requests': '2.32.4', 'matplotlib': '3.7.5', 'scikitplot': '0.3.7', 'yellowbrick': '1.5', 'plotly': '5.24.1', 'plotly-resampler': 'Not installed', 'kaleido': '1.0.0', 'schemdraw': '0.15', 'statsmodels': '0.14.6', 'sktime': '0.26.0', 'tbats': '1.1.3', 'pmdarima': 'Not installed', 'psutil': '5.9.0', 'markupsafe': '3.0.2', 'pickle5': 'Not installed', 'cloudpickle': '3.1.2', 'deprecation': '2.1.0', 'xxhash': '3.6.0', 'wurlitzer': 'Not installed'}, 'python': {'version': '3.11.11', 'machine': 'AMD64'}}
pickle: {'deps_info': {'pip': '24.0', 'setuptools': '70.3.0', 'pycaret': '3.3.1', 'IPython': '8.26.0', 'ipywidgets': '8.1.3', 'tqdm': '4.66.5', 'numpy': '1.26.4', 'pandas': '1.5.3', 'jinja2': '3.1.4', 'scipy': '1.11.4', 'joblib': '1.3.2', 'sklearn': '1.4.2', 'pyod': '2.0.1', 'imblearn': '0.12.3', 'category_encoders': '2.6.3', 'lightgbm': '4.5.0', 'numba': '0.60.0', 'requests': '2.32.3', 'matplotlib': '3.8.4', 'scikitplot': '0.3.7', 'yellowbrick': '1.5', 'plotly': '5.23.0', 'plotly-resampler': 'Not installed', 'kaleido': '0.2.1', 'schemdraw': '0.15', 'statsmodels': '0.14.2', 'sktime': '0.26.0', 'tbats': '1.1.3', 'pmdarima': '2.0.4', 'psutil': '6.0.0', 'markupsafe': '2.1.5', 'pickle5': 'Not installed', 'cloudpickle': '3.0.0', 'deprecation': '2.1.0', 'xxhash': '3.4.1', 'wurlitzer': '3.1.1'}, 'python': {'version': '3.11.9', 'machine': 'arm64'}}
  warnings.warn(

2026-04-12 16:58:30,213:INFO:Initializing predict_model()
2026-04-12 16:58:30,213:INFO:predict_model(self=<pycaret.clustering.oop.ClusteringExperiment object at 0x000002140918CED0>, estimator=Pipeline(memory=Memory(location=None),
         steps=[('numerical_imputer',
                 TransformerWrapper(include=[], transformer=SimpleImputer())),
                ('categorical_imputer',
                 TransformerWrapper(include=['age', 'edu_level', 'fav_animals',
                                             'fav_place', 'gender'],
                                    transformer=SimpleImputer(strategy='most_frequent'))),
                ('ordinal_encoding',
                 TransformerWrapper(include=['gender'],
                                    transfo...
                                                               mapping=[{'col': 'gender',
                                                                         'data_type': dtype('O'),
                                                                         'mapping': Kobieta      0
Mê¿czyzna    1
NaN         -1
dtype: int64}]))),
                ('onehot_encoding',
                 TransformerWrapper(include=['age', 'edu_level', 'fav_animals',
                                             'fav_place'],
                                    transformer=OneHotEncoder(cols=['age',
                                                                    'edu_level',
                                                                    'fav_animals',
                                                                    'fav_place'],
                                                              handle_missing='return_nan',
                                                              use_cat_names=True))),
                ('trained_model', KMeans(random_state=123))]), ml_usecase=None)
2026-04-12 16:58:30,213:INFO:Set up data.
2026-04-12 16:58:30,455:INFO:Initializing predict_model()
2026-04-12 16:58:30,456:INFO:predict_model(self=<pycaret.clustering.oop.ClusteringExperiment object at 0x000002140918CED0>, estimator=Pipeline(memory=Memory(location=None),
         steps=[('numerical_imputer',
                 TransformerWrapper(include=[], transformer=SimpleImputer())),
                ('categorical_imputer',
                 TransformerWrapper(include=['age', 'edu_level', 'fav_animals',
                                             'fav_place', 'gender'],
                                    transformer=SimpleImputer(strategy='most_frequent'))),
                ('ordinal_encoding',
                 TransformerWrapper(include=['gender'],
                                    transfo...
                                                               mapping=[{'col': 'gender',
                                                                         'data_type': dtype('O'),
                                                                         'mapping': Kobieta      0
Mê¿czyzna    1
NaN         -1
dtype: int64}]))),
                ('onehot_encoding',
                 TransformerWrapper(include=['age', 'edu_level', 'fav_animals',
                                             'fav_place'],
                                    transformer=OneHotEncoder(cols=['age',
                                                                    'edu_level',
                                                                    'fav_animals',
                                                                    'fav_place'],
                                                              handle_missing='return_nan',
                                                              use_cat_names=True))),
                ('trained_model', KMeans(random_state=123))]), ml_usecase=None)
2026-04-12 16:58:30,456:INFO:Set up data.
2026-04-12 16:59:13,145:WARNING:
'cuml' is a soft dependency and not included in the pycaret installation. Please run: `pip install cuml` to install.
2026-04-12 16:59:13,145:WARNING:
'cuml' is a soft dependency and not included in the pycaret installation. Please run: `pip install cuml` to install.
2026-04-12 16:59:13,146:WARNING:
'cuml' is a soft dependency and not included in the pycaret installation. Please run: `pip install cuml` to install.
2026-04-12 16:59:13,146:WARNING:
'cuml' is a soft dependency and not included in the pycaret installation. Please run: `pip install cuml` to install.
2026-04-12 16:59:15,798:INFO:Initializing load_model()
2026-04-12 16:59:15,798:INFO:load_model(model_name=welcome_survey_clustering_pipeline_v1, platform=None, authentication=None, verbose=True)
2026-04-12 16:59:15,806:WARNING:C:\Users\slim\miniconda3\envs\od_zera_do_ai\Lib\site-packages\_distutils_hack\__init__.py:30: UserWarning: Setuptools is replacing distutils. Support for replacing an already imported distutils is deprecated. In the future, this condition will fail. Register concerns at https://github.com/pypa/setuptools/issues/new?template=distutils-deprecation.yml
  warnings.warn(

2026-04-12 16:59:15,909:WARNING:C:\Users\slim\miniconda3\envs\od_zera_do_ai\Lib\site-packages\pycaret\internal\pipeline.py:148: UserWarning: Version mismatch:
current: {'deps_info': {'pip': '26.0.1', 'setuptools': '78.1.1', 'pycaret': '3.3.2', 'IPython': '9.1.0', 'ipywidgets': '8.1.8', 'tqdm': '4.67.3', 'numpy': '1.26.4', 'pandas': '1.5.3', 'jinja2': '3.1.6', 'scipy': '1.10.1', 'joblib': '1.4.2', 'sklearn': '1.4.2', 'pyod': '2.0.5', 'imblearn': '0.14.1', 'category_encoders': '2.6.3', 'lightgbm': '4.6.0', 'numba': '0.63.1', 'requests': '2.32.4', 'matplotlib': '3.7.5', 'scikitplot': '0.3.7', 'yellowbrick': '1.5', 'plotly': '5.24.1', 'plotly-resampler': 'Not installed', 'kaleido': '1.0.0', 'schemdraw': '0.15', 'statsmodels': '0.14.6', 'sktime': '0.26.0', 'tbats': '1.1.3', 'pmdarima': 'Not installed', 'psutil': '5.9.0', 'markupsafe': '3.0.2', 'pickle5': 'Not installed', 'cloudpickle': '3.1.2', 'deprecation': '2.1.0', 'xxhash': '3.6.0', 'wurlitzer': 'Not installed'}, 'python': {'version': '3.11.11', 'machine': 'AMD64'}}
pickle: {'deps_info': {'pip': '24.0', 'setuptools': '70.3.0', 'pycaret': '3.3.1', 'IPython': '8.26.0', 'ipywidgets': '8.1.3', 'tqdm': '4.66.5', 'numpy': '1.26.4', 'pandas': '1.5.3', 'jinja2': '3.1.4', 'scipy': '1.11.4', 'joblib': '1.3.2', 'sklearn': '1.4.2', 'pyod': '2.0.1', 'imblearn': '0.12.3', 'category_encoders': '2.6.3', 'lightgbm': '4.5.0', 'numba': '0.60.0', 'requests': '2.32.3', 'matplotlib': '3.8.4', 'scikitplot': '0.3.7', 'yellowbrick': '1.5', 'plotly': '5.23.0', 'plotly-resampler': 'Not installed', 'kaleido': '0.2.1', 'schemdraw': '0.15', 'statsmodels': '0.14.2', 'sktime': '0.26.0', 'tbats': '1.1.3', 'pmdarima': '2.0.4', 'psutil': '6.0.0', 'markupsafe': '2.1.5', 'pickle5': 'Not installed', 'cloudpickle': '3.0.0', 'deprecation': '2.1.0', 'xxhash': '3.4.1', 'wurlitzer': '3.1.1'}, 'python': {'version': '3.11.9', 'machine': 'arm64'}}
  warnings.warn(

2026-04-12 16:59:15,983:INFO:Initializing predict_model()
2026-04-12 16:59:15,983:INFO:predict_model(self=<pycaret.clustering.oop.ClusteringExperiment object at 0x0000021EE68FFD90>, estimator=Pipeline(memory=Memory(location=None),
         steps=[('numerical_imputer',
                 TransformerWrapper(include=[], transformer=SimpleImputer())),
                ('categorical_imputer',
                 TransformerWrapper(include=['age', 'edu_level', 'fav_animals',
                                             'fav_place', 'gender'],
                                    transformer=SimpleImputer(strategy='most_frequent'))),
                ('ordinal_encoding',
                 TransformerWrapper(include=['gender'],
                                    transfo...
                                                               mapping=[{'col': 'gender',
                                                                         'data_type': dtype('O'),
                                                                         'mapping': Kobieta      0
Mê¿czyzna    1
NaN         -1
dtype: int64}]))),
                ('onehot_encoding',
                 TransformerWrapper(include=['age', 'edu_level', 'fav_animals',
                                             'fav_place'],
                                    transformer=OneHotEncoder(cols=['age',
                                                                    'edu_level',
                                                                    'fav_animals',
                                                                    'fav_place'],
                                                              handle_missing='return_nan',
                                                              use_cat_names=True))),
                ('trained_model', KMeans(random_state=123))]), ml_usecase=None)
2026-04-12 16:59:15,983:INFO:Set up data.
2026-04-12 16:59:16,285:INFO:Initializing predict_model()
2026-04-12 16:59:16,286:INFO:predict_model(self=<pycaret.clustering.oop.ClusteringExperiment object at 0x0000021EE6B80610>, estimator=Pipeline(memory=Memory(location=None),
         steps=[('numerical_imputer',
                 TransformerWrapper(include=[], transformer=SimpleImputer())),
                ('categorical_imputer',
                 TransformerWrapper(include=['age', 'edu_level', 'fav_animals',
                                             'fav_place', 'gender'],
                                    transformer=SimpleImputer(strategy='most_frequent'))),
                ('ordinal_encoding',
                 TransformerWrapper(include=['gender'],
                                    transfo...
                                                               mapping=[{'col': 'gender',
                                                                         'data_type': dtype('O'),
                                                                         'mapping': Kobieta      0
Mê¿czyzna    1
NaN         -1
dtype: int64}]))),
                ('onehot_encoding',
                 TransformerWrapper(include=['age', 'edu_level', 'fav_animals',
                                             'fav_place'],
                                    transformer=OneHotEncoder(cols=['age',
                                                                    'edu_level',
                                                                    'fav_animals',
                                                                    'fav_place'],
                                                              handle_missing='return_nan',
                                                              use_cat_names=True))),
                ('trained_model', KMeans(random_state=123))]), ml_usecase=None)
2026-04-12 16:59:16,286:INFO:Set up data.
2026-04-12 17:01:09,257:WARNING:
'cuml' is a soft dependency and not included in the pycaret installation. Please run: `pip install cuml` to install.
2026-04-12 17:01:09,258:WARNING:
'cuml' is a soft dependency and not included in the pycaret installation. Please run: `pip install cuml` to install.
2026-04-12 17:01:09,259:WARNING:
'cuml' is a soft dependency and not included in the pycaret installation. Please run: `pip install cuml` to install.
2026-04-12 17:01:09,259:WARNING:
'cuml' is a soft dependency and not included in the pycaret installation. Please run: `pip install cuml` to install.
2026-04-12 17:01:12,318:INFO:Initializing load_model()
2026-04-12 17:01:12,319:INFO:load_model(model_name=welcome_survey_clustering_pipeline_v1, platform=None, authentication=None, verbose=True)
2026-04-12 17:01:12,329:WARNING:C:\Users\slim\miniconda3\envs\od_zera_do_ai\Lib\site-packages\_distutils_hack\__init__.py:30: UserWarning: Setuptools is replacing distutils. Support for replacing an already imported distutils is deprecated. In the future, this condition will fail. Register concerns at https://github.com/pypa/setuptools/issues/new?template=distutils-deprecation.yml
  warnings.warn(

2026-04-12 17:01:12,419:WARNING:C:\Users\slim\miniconda3\envs\od_zera_do_ai\Lib\site-packages\pycaret\internal\pipeline.py:148: UserWarning: Version mismatch:
current: {'deps_info': {'pip': '26.0.1', 'setuptools': '78.1.1', 'pycaret': '3.3.2', 'IPython': '9.1.0', 'ipywidgets': '8.1.8', 'tqdm': '4.67.3', 'numpy': '1.26.4', 'pandas': '1.5.3', 'jinja2': '3.1.6', 'scipy': '1.10.1', 'joblib': '1.4.2', 'sklearn': '1.4.2', 'pyod': '2.0.5', 'imblearn': '0.14.1', 'category_encoders': '2.6.3', 'lightgbm': '4.6.0', 'numba': '0.63.1', 'requests': '2.32.4', 'matplotlib': '3.7.5', 'scikitplot': '0.3.7', 'yellowbrick': '1.5', 'plotly': '5.24.1', 'plotly-resampler': 'Not installed', 'kaleido': '1.0.0', 'schemdraw': '0.15', 'statsmodels': '0.14.6', 'sktime': '0.26.0', 'tbats': '1.1.3', 'pmdarima': 'Not installed', 'psutil': '5.9.0', 'markupsafe': '3.0.2', 'pickle5': 'Not installed', 'cloudpickle': '3.1.2', 'deprecation': '2.1.0', 'xxhash': '3.6.0', 'wurlitzer': 'Not installed'}, 'python': {'version': '3.11.11', 'machine': 'AMD64'}}
pickle: {'deps_info': {'pip': '24.0', 'setuptools': '70.3.0', 'pycaret': '3.3.1', 'IPython': '8.26.0', 'ipywidgets': '8.1.3', 'tqdm': '4.66.5', 'numpy': '1.26.4', 'pandas': '1.5.3', 'jinja2': '3.1.4', 'scipy': '1.11.4', 'joblib': '1.3.2', 'sklearn': '1.4.2', 'pyod': '2.0.1', 'imblearn': '0.12.3', 'category_encoders': '2.6.3', 'lightgbm': '4.5.0', 'numba': '0.60.0', 'requests': '2.32.3', 'matplotlib': '3.8.4', 'scikitplot': '0.3.7', 'yellowbrick': '1.5', 'plotly': '5.23.0', 'plotly-resampler': 'Not installed', 'kaleido': '0.2.1', 'schemdraw': '0.15', 'statsmodels': '0.14.2', 'sktime': '0.26.0', 'tbats': '1.1.3', 'pmdarima': '2.0.4', 'psutil': '6.0.0', 'markupsafe': '2.1.5', 'pickle5': 'Not installed', 'cloudpickle': '3.0.0', 'deprecation': '2.1.0', 'xxhash': '3.4.1', 'wurlitzer': '3.1.1'}, 'python': {'version': '3.11.9', 'machine': 'arm64'}}
  warnings.warn(

2026-04-12 17:01:12,473:INFO:Initializing predict_model()
2026-04-12 17:01:12,474:INFO:predict_model(self=<pycaret.clustering.oop.ClusteringExperiment object at 0x000001916111F110>, estimator=Pipeline(memory=Memory(location=None),
         steps=[('numerical_imputer',
                 TransformerWrapper(include=[], transformer=SimpleImputer())),
                ('categorical_imputer',
                 TransformerWrapper(include=['age', 'edu_level', 'fav_animals',
                                             'fav_place', 'gender'],
                                    transformer=SimpleImputer(strategy='most_frequent'))),
                ('ordinal_encoding',
                 TransformerWrapper(include=['gender'],
                                    transfo...
                                                               mapping=[{'col': 'gender',
                                                                         'data_type': dtype('O'),
                                                                         'mapping': Kobieta      0
Mê¿czyzna    1
NaN         -1
dtype: int64}]))),
                ('onehot_encoding',
                 TransformerWrapper(include=['age', 'edu_level', 'fav_animals',
                                             'fav_place'],
                                    transformer=OneHotEncoder(cols=['age',
                                                                    'edu_level',
                                                                    'fav_animals',
                                                                    'fav_place'],
                                                              handle_missing='return_nan',
                                                              use_cat_names=True))),
                ('trained_model', KMeans(random_state=123))]), ml_usecase=None)
2026-04-12 17:01:12,475:INFO:Set up data.
2026-04-12 17:01:12,730:INFO:Initializing predict_model()
2026-04-12 17:01:12,730:INFO:predict_model(self=<pycaret.clustering.oop.ClusteringExperiment object at 0x00000191435A50D0>, estimator=Pipeline(memory=Memory(location=None),
         steps=[('numerical_imputer',
                 TransformerWrapper(include=[], transformer=SimpleImputer())),
                ('categorical_imputer',
                 TransformerWrapper(include=['age', 'edu_level', 'fav_animals',
                                             'fav_place', 'gender'],
                                    transformer=SimpleImputer(strategy='most_frequent'))),
                ('ordinal_encoding',
                 TransformerWrapper(include=['gender'],
                                    transfo...
                                                               mapping=[{'col': 'gender',
                                                                         'data_type': dtype('O'),
                                                                         'mapping': Kobieta      0
Mê¿czyzna    1
NaN         -1
dtype: int64}]))),
                ('onehot_encoding',
                 TransformerWrapper(include=['age', 'edu_level', 'fav_animals',
                                             'fav_place'],
                                    transformer=OneHotEncoder(cols=['age',
                                                                    'edu_level',
                                                                    'fav_animals',
                                                                    'fav_place'],
                                                              handle_missing='return_nan',
                                                              use_cat_names=True))),
                ('trained_model', KMeans(random_state=123))]), ml_usecase=None)
2026-04-12 17:01:12,730:INFO:Set up data.
2026-04-12 17:04:37,344:WARNING:
'cuml' is a soft dependency and not included in the pycaret installation. Please run: `pip install cuml` to install.
2026-04-12 17:04:37,345:WARNING:
'cuml' is a soft dependency and not included in the pycaret installation. Please run: `pip install cuml` to install.
2026-04-12 17:04:37,345:WARNING:
'cuml' is a soft dependency and not included in the pycaret installation. Please run: `pip install cuml` to install.
2026-04-12 17:04:37,346:WARNING:
'cuml' is a soft dependency and not included in the pycaret installation. Please run: `pip install cuml` to install.
2026-04-12 17:04:40,279:INFO:Initializing load_model()
2026-04-12 17:04:40,283:INFO:load_model(model_name=welcome_survey_clustering_pipeline_v1, platform=None, authentication=None, verbose=True)
2026-04-12 17:04:40,295:WARNING:C:\Users\slim\miniconda3\envs\od_zera_do_ai\Lib\site-packages\_distutils_hack\__init__.py:30: UserWarning: Setuptools is replacing distutils. Support for replacing an already imported distutils is deprecated. In the future, this condition will fail. Register concerns at https://github.com/pypa/setuptools/issues/new?template=distutils-deprecation.yml
  warnings.warn(

2026-04-12 17:04:40,423:WARNING:C:\Users\slim\miniconda3\envs\od_zera_do_ai\Lib\site-packages\pycaret\internal\pipeline.py:148: UserWarning: Version mismatch:
current: {'deps_info': {'pip': '26.0.1', 'setuptools': '78.1.1', 'pycaret': '3.3.2', 'IPython': '9.1.0', 'ipywidgets': '8.1.8', 'tqdm': '4.67.3', 'numpy': '1.26.4', 'pandas': '1.5.3', 'jinja2': '3.1.6', 'scipy': '1.10.1', 'joblib': '1.4.2', 'sklearn': '1.4.2', 'pyod': '2.0.5', 'imblearn': '0.14.1', 'category_encoders': '2.6.3', 'lightgbm': '4.6.0', 'numba': '0.63.1', 'requests': '2.32.4', 'matplotlib': '3.7.5', 'scikitplot': '0.3.7', 'yellowbrick': '1.5', 'plotly': '5.24.1', 'plotly-resampler': 'Not installed', 'kaleido': '1.0.0', 'schemdraw': '0.15', 'statsmodels': '0.14.6', 'sktime': '0.26.0', 'tbats': '1.1.3', 'pmdarima': 'Not installed', 'psutil': '5.9.0', 'markupsafe': '3.0.2', 'pickle5': 'Not installed', 'cloudpickle': '3.1.2', 'deprecation': '2.1.0', 'xxhash': '3.6.0', 'wurlitzer': 'Not installed'}, 'python': {'version': '3.11.11', 'machine': 'AMD64'}}
pickle: {'deps_info': {'pip': '24.0', 'setuptools': '70.3.0', 'pycaret': '3.3.1', 'IPython': '8.26.0', 'ipywidgets': '8.1.3', 'tqdm': '4.66.5', 'numpy': '1.26.4', 'pandas': '1.5.3', 'jinja2': '3.1.4', 'scipy': '1.11.4', 'joblib': '1.3.2', 'sklearn': '1.4.2', 'pyod': '2.0.1', 'imblearn': '0.12.3', 'category_encoders': '2.6.3', 'lightgbm': '4.5.0', 'numba': '0.60.0', 'requests': '2.32.3', 'matplotlib': '3.8.4', 'scikitplot': '0.3.7', 'yellowbrick': '1.5', 'plotly': '5.23.0', 'plotly-resampler': 'Not installed', 'kaleido': '0.2.1', 'schemdraw': '0.15', 'statsmodels': '0.14.2', 'sktime': '0.26.0', 'tbats': '1.1.3', 'pmdarima': '2.0.4', 'psutil': '6.0.0', 'markupsafe': '2.1.5', 'pickle5': 'Not installed', 'cloudpickle': '3.0.0', 'deprecation': '2.1.0', 'xxhash': '3.4.1', 'wurlitzer': '3.1.1'}, 'python': {'version': '3.11.9', 'machine': 'arm64'}}
  warnings.warn(

2026-04-12 17:04:40,478:INFO:Initializing predict_model()
2026-04-12 17:04:40,478:INFO:predict_model(self=<pycaret.clustering.oop.ClusteringExperiment object at 0x000002B831D664D0>, estimator=Pipeline(memory=Memory(location=None),
         steps=[('numerical_imputer',
                 TransformerWrapper(include=[], transformer=SimpleImputer())),
                ('categorical_imputer',
                 TransformerWrapper(include=['age', 'edu_level', 'fav_animals',
                                             'fav_place', 'gender'],
                                    transformer=SimpleImputer(strategy='most_frequent'))),
                ('ordinal_encoding',
                 TransformerWrapper(include=['gender'],
                                    transfo...
                                                               mapping=[{'col': 'gender',
                                                                         'data_type': dtype('O'),
                                                                         'mapping': Kobieta      0
Mê¿czyzna    1
NaN         -1
dtype: int64}]))),
                ('onehot_encoding',
                 TransformerWrapper(include=['age', 'edu_level', 'fav_animals',
                                             'fav_place'],
                                    transformer=OneHotEncoder(cols=['age',
                                                                    'edu_level',
                                                                    'fav_animals',
                                                                    'fav_place'],
                                                              handle_missing='return_nan',
                                                              use_cat_names=True))),
                ('trained_model', KMeans(random_state=123))]), ml_usecase=None)
2026-04-12 17:04:40,479:INFO:Set up data.
2026-04-12 17:04:40,777:INFO:Initializing predict_model()
2026-04-12 17:04:40,777:INFO:predict_model(self=<pycaret.clustering.oop.ClusteringExperiment object at 0x000002B831CE11D0>, estimator=Pipeline(memory=Memory(location=None),
         steps=[('numerical_imputer',
                 TransformerWrapper(include=[], transformer=SimpleImputer())),
                ('categorical_imputer',
                 TransformerWrapper(include=['age', 'edu_level', 'fav_animals',
                                             'fav_place', 'gender'],
                                    transformer=SimpleImputer(strategy='most_frequent'))),
                ('ordinal_encoding',
                 TransformerWrapper(include=['gender'],
                                    transfo...
                                                               mapping=[{'col': 'gender',
                                                                         'data_type': dtype('O'),
                                                                         'mapping': Kobieta      0
Mê¿czyzna    1
NaN         -1
dtype: int64}]))),
                ('onehot_encoding',
                 TransformerWrapper(include=['age', 'edu_level', 'fav_animals',
                                             'fav_place'],
                                    transformer=OneHotEncoder(cols=['age',
                                                                    'edu_level',
                                                                    'fav_animals',
                                                                    'fav_place'],
                                                              handle_missing='return_nan',
                                                              use_cat_names=True))),
                ('trained_model', KMeans(random_state=123))]), ml_usecase=None)
2026-04-12 17:04:40,777:INFO:Set up data.
2026-04-12 17:11:58,625:WARNING:
'cuml' is a soft dependency and not included in the pycaret installation. Please run: `pip install cuml` to install.
2026-04-12 17:11:58,626:WARNING:
'cuml' is a soft dependency and not included in the pycaret installation. Please run: `pip install cuml` to install.
2026-04-12 17:11:58,626:WARNING:
'cuml' is a soft dependency and not included in the pycaret installation. Please run: `pip install cuml` to install.
2026-04-12 17:11:58,626:WARNING:
'cuml' is a soft dependency and not included in the pycaret installation. Please run: `pip install cuml` to install.
2026-04-12 17:12:03,569:INFO:Initializing load_model()
2026-04-12 17:12:03,571:INFO:load_model(model_name=welcome_survey_clustering_pipeline_v1, platform=None, authentication=None, verbose=True)
2026-04-12 17:12:03,605:WARNING:C:\Users\slim\miniconda3\envs\od_zera_do_ai\Lib\site-packages\_distutils_hack\__init__.py:30: UserWarning: Setuptools is replacing distutils. Support for replacing an already imported distutils is deprecated. In the future, this condition will fail. Register concerns at https://github.com/pypa/setuptools/issues/new?template=distutils-deprecation.yml
  warnings.warn(

2026-04-12 17:12:03,866:WARNING:C:\Users\slim\miniconda3\envs\od_zera_do_ai\Lib\site-packages\pycaret\internal\pipeline.py:148: UserWarning: Version mismatch:
current: {'deps_info': {'pip': '26.0.1', 'setuptools': '78.1.1', 'pycaret': '3.3.2', 'IPython': '9.1.0', 'ipywidgets': '8.1.8', 'tqdm': '4.67.3', 'numpy': '1.26.4', 'pandas': '1.5.3', 'jinja2': '3.1.6', 'scipy': '1.10.1', 'joblib': '1.4.2', 'sklearn': '1.4.2', 'pyod': '2.0.5', 'imblearn': '0.14.1', 'category_encoders': '2.6.3', 'lightgbm': '4.6.0', 'numba': '0.63.1', 'requests': '2.32.4', 'matplotlib': '3.7.5', 'scikitplot': '0.3.7', 'yellowbrick': '1.5', 'plotly': '5.24.1', 'plotly-resampler': 'Not installed', 'kaleido': '1.0.0', 'schemdraw': '0.15', 'statsmodels': '0.14.6', 'sktime': '0.26.0', 'tbats': '1.1.3', 'pmdarima': 'Not installed', 'psutil': '5.9.0', 'markupsafe': '3.0.2', 'pickle5': 'Not installed', 'cloudpickle': '3.1.2', 'deprecation': '2.1.0', 'xxhash': '3.6.0', 'wurlitzer': 'Not installed'}, 'python': {'version': '3.11.11', 'machine': 'AMD64'}}
pickle: {'deps_info': {'pip': '24.0', 'setuptools': '70.3.0', 'pycaret': '3.3.1', 'IPython': '8.26.0', 'ipywidgets': '8.1.3', 'tqdm': '4.66.5', 'numpy': '1.26.4', 'pandas': '1.5.3', 'jinja2': '3.1.4', 'scipy': '1.11.4', 'joblib': '1.3.2', 'sklearn': '1.4.2', 'pyod': '2.0.1', 'imblearn': '0.12.3', 'category_encoders': '2.6.3', 'lightgbm': '4.5.0', 'numba': '0.60.0', 'requests': '2.32.3', 'matplotlib': '3.8.4', 'scikitplot': '0.3.7', 'yellowbrick': '1.5', 'plotly': '5.23.0', 'plotly-resampler': 'Not installed', 'kaleido': '0.2.1', 'schemdraw': '0.15', 'statsmodels': '0.14.2', 'sktime': '0.26.0', 'tbats': '1.1.3', 'pmdarima': '2.0.4', 'psutil': '6.0.0', 'markupsafe': '2.1.5', 'pickle5': 'Not installed', 'cloudpickle': '3.0.0', 'deprecation': '2.1.0', 'xxhash': '3.4.1', 'wurlitzer': '3.1.1'}, 'python': {'version': '3.11.9', 'machine': 'arm64'}}
  warnings.warn(

2026-04-12 17:12:03,979:INFO:Initializing predict_model()
2026-04-12 17:12:03,979:INFO:predict_model(self=<pycaret.clustering.oop.ClusteringExperiment object at 0x0000027C4B9AC5D0>, estimator=Pipeline(memory=Memory(location=None),
         steps=[('numerical_imputer',
                 TransformerWrapper(include=[], transformer=SimpleImputer())),
                ('categorical_imputer',
                 TransformerWrapper(include=['age', 'edu_level', 'fav_animals',
                                             'fav_place', 'gender'],
                                    transformer=SimpleImputer(strategy='most_frequent'))),
                ('ordinal_encoding',
                 TransformerWrapper(include=['gender'],
                                    transfo...
                                                               mapping=[{'col': 'gender',
                                                                         'data_type': dtype('O'),
                                                                         'mapping': Kobieta      0
Mê¿czyzna    1
NaN         -1
dtype: int64}]))),
                ('onehot_encoding',
                 TransformerWrapper(include=['age', 'edu_level', 'fav_animals',
                                             'fav_place'],
                                    transformer=OneHotEncoder(cols=['age',
                                                                    'edu_level',
                                                                    'fav_animals',
                                                                    'fav_place'],
                                                              handle_missing='return_nan',
                                                              use_cat_names=True))),
                ('trained_model', KMeans(random_state=123))]), ml_usecase=None)
2026-04-12 17:12:03,979:INFO:Set up data.
2026-04-12 17:12:04,421:INFO:Initializing predict_model()
2026-04-12 17:12:04,421:INFO:predict_model(self=<pycaret.clustering.oop.ClusteringExperiment object at 0x0000027C2E3D5410>, estimator=Pipeline(memory=Memory(location=None),
         steps=[('numerical_imputer',
                 TransformerWrapper(include=[], transformer=SimpleImputer())),
                ('categorical_imputer',
                 TransformerWrapper(include=['age', 'edu_level', 'fav_animals',
                                             'fav_place', 'gender'],
                                    transformer=SimpleImputer(strategy='most_frequent'))),
                ('ordinal_encoding',
                 TransformerWrapper(include=['gender'],
                                    transfo...
                                                               mapping=[{'col': 'gender',
                                                                         'data_type': dtype('O'),
                                                                         'mapping': Kobieta      0
Mê¿czyzna    1
NaN         -1
dtype: int64}]))),
                ('onehot_encoding',
                 TransformerWrapper(include=['age', 'edu_level', 'fav_animals',
                                             'fav_place'],
                                    transformer=OneHotEncoder(cols=['age',
                                                                    'edu_level',
                                                                    'fav_animals',
                                                                    'fav_place'],
                                                              handle_missing='return_nan',
                                                              use_cat_names=True))),
                ('trained_model', KMeans(random_state=123))]), ml_usecase=None)
2026-04-12 17:12:04,421:INFO:Set up data.
2026-04-12 17:18:22,614:WARNING:
'cuml' is a soft dependency and not included in the pycaret installation. Please run: `pip install cuml` to install.
2026-04-12 17:18:22,615:WARNING:
'cuml' is a soft dependency and not included in the pycaret installation. Please run: `pip install cuml` to install.
2026-04-12 17:18:22,615:WARNING:
'cuml' is a soft dependency and not included in the pycaret installation. Please run: `pip install cuml` to install.
2026-04-12 17:18:22,616:WARNING:
'cuml' is a soft dependency and not included in the pycaret installation. Please run: `pip install cuml` to install.
2026-04-12 17:18:25,622:INFO:Initializing load_model()
2026-04-12 17:18:25,623:INFO:load_model(model_name=welcome_survey_clustering_pipeline_v1, platform=None, authentication=None, verbose=True)
2026-04-12 17:18:25,640:WARNING:C:\Users\slim\miniconda3\envs\od_zera_do_ai\Lib\site-packages\_distutils_hack\__init__.py:30: UserWarning: Setuptools is replacing distutils. Support for replacing an already imported distutils is deprecated. In the future, this condition will fail. Register concerns at https://github.com/pypa/setuptools/issues/new?template=distutils-deprecation.yml
  warnings.warn(

2026-04-12 17:18:25,777:WARNING:C:\Users\slim\miniconda3\envs\od_zera_do_ai\Lib\site-packages\pycaret\internal\pipeline.py:148: UserWarning: Version mismatch:
current: {'deps_info': {'pip': '26.0.1', 'setuptools': '78.1.1', 'pycaret': '3.3.2', 'IPython': '9.1.0', 'ipywidgets': '8.1.8', 'tqdm': '4.67.3', 'numpy': '1.26.4', 'pandas': '1.5.3', 'jinja2': '3.1.6', 'scipy': '1.10.1', 'joblib': '1.4.2', 'sklearn': '1.4.2', 'pyod': '2.0.5', 'imblearn': '0.14.1', 'category_encoders': '2.6.3', 'lightgbm': '4.6.0', 'numba': '0.63.1', 'requests': '2.32.4', 'matplotlib': '3.7.5', 'scikitplot': '0.3.7', 'yellowbrick': '1.5', 'plotly': '5.24.1', 'plotly-resampler': 'Not installed', 'kaleido': '1.0.0', 'schemdraw': '0.15', 'statsmodels': '0.14.6', 'sktime': '0.26.0', 'tbats': '1.1.3', 'pmdarima': 'Not installed', 'psutil': '5.9.0', 'markupsafe': '3.0.2', 'pickle5': 'Not installed', 'cloudpickle': '3.1.2', 'deprecation': '2.1.0', 'xxhash': '3.6.0', 'wurlitzer': 'Not installed'}, 'python': {'version': '3.11.11', 'machine': 'AMD64'}}
pickle: {'deps_info': {'pip': '24.0', 'setuptools': '70.3.0', 'pycaret': '3.3.1', 'IPython': '8.26.0', 'ipywidgets': '8.1.3', 'tqdm': '4.66.5', 'numpy': '1.26.4', 'pandas': '1.5.3', 'jinja2': '3.1.4', 'scipy': '1.11.4', 'joblib': '1.3.2', 'sklearn': '1.4.2', 'pyod': '2.0.1', 'imblearn': '0.12.3', 'category_encoders': '2.6.3', 'lightgbm': '4.5.0', 'numba': '0.60.0', 'requests': '2.32.3', 'matplotlib': '3.8.4', 'scikitplot': '0.3.7', 'yellowbrick': '1.5', 'plotly': '5.23.0', 'plotly-resampler': 'Not installed', 'kaleido': '0.2.1', 'schemdraw': '0.15', 'statsmodels': '0.14.2', 'sktime': '0.26.0', 'tbats': '1.1.3', 'pmdarima': '2.0.4', 'psutil': '6.0.0', 'markupsafe': '2.1.5', 'pickle5': 'Not installed', 'cloudpickle': '3.0.0', 'deprecation': '2.1.0', 'xxhash': '3.4.1', 'wurlitzer': '3.1.1'}, 'python': {'version': '3.11.9', 'machine': 'arm64'}}
  warnings.warn(

2026-04-12 17:18:59,367:WARNING:
'cuml' is a soft dependency and not included in the pycaret installation. Please run: `pip install cuml` to install.
2026-04-12 17:18:59,368:WARNING:
'cuml' is a soft dependency and not included in the pycaret installation. Please run: `pip install cuml` to install.
2026-04-12 17:18:59,369:WARNING:
'cuml' is a soft dependency and not included in the pycaret installation. Please run: `pip install cuml` to install.
2026-04-12 17:18:59,370:WARNING:
'cuml' is a soft dependency and not included in the pycaret installation. Please run: `pip install cuml` to install.
2026-04-12 17:19:04,023:INFO:Initializing load_model()
2026-04-12 17:19:04,024:INFO:load_model(model_name=welcome_survey_clustering_pipeline_v1, platform=None, authentication=None, verbose=True)
2026-04-12 17:19:04,041:WARNING:C:\Users\slim\miniconda3\envs\od_zera_do_ai\Lib\site-packages\_distutils_hack\__init__.py:30: UserWarning: Setuptools is replacing distutils. Support for replacing an already imported distutils is deprecated. In the future, this condition will fail. Register concerns at https://github.com/pypa/setuptools/issues/new?template=distutils-deprecation.yml
  warnings.warn(

2026-04-12 17:19:04,257:WARNING:C:\Users\slim\miniconda3\envs\od_zera_do_ai\Lib\site-packages\pycaret\internal\pipeline.py:148: UserWarning: Version mismatch:
current: {'deps_info': {'pip': '26.0.1', 'setuptools': '78.1.1', 'pycaret': '3.3.2', 'IPython': '9.1.0', 'ipywidgets': '8.1.8', 'tqdm': '4.67.3', 'numpy': '1.26.4', 'pandas': '1.5.3', 'jinja2': '3.1.6', 'scipy': '1.10.1', 'joblib': '1.4.2', 'sklearn': '1.4.2', 'pyod': '2.0.5', 'imblearn': '0.14.1', 'category_encoders': '2.6.3', 'lightgbm': '4.6.0', 'numba': '0.63.1', 'requests': '2.32.4', 'matplotlib': '3.7.5', 'scikitplot': '0.3.7', 'yellowbrick': '1.5', 'plotly': '5.24.1', 'plotly-resampler': 'Not installed', 'kaleido': '1.0.0', 'schemdraw': '0.15', 'statsmodels': '0.14.6', 'sktime': '0.26.0', 'tbats': '1.1.3', 'pmdarima': 'Not installed', 'psutil': '5.9.0', 'markupsafe': '3.0.2', 'pickle5': 'Not installed', 'cloudpickle': '3.1.2', 'deprecation': '2.1.0', 'xxhash': '3.6.0', 'wurlitzer': 'Not installed'}, 'python': {'version': '3.11.11', 'machine': 'AMD64'}}
pickle: {'deps_info': {'pip': '24.0', 'setuptools': '70.3.0', 'pycaret': '3.3.1', 'IPython': '8.26.0', 'ipywidgets': '8.1.3', 'tqdm': '4.66.5', 'numpy': '1.26.4', 'pandas': '1.5.3', 'jinja2': '3.1.4', 'scipy': '1.11.4', 'joblib': '1.3.2', 'sklearn': '1.4.2', 'pyod': '2.0.1', 'imblearn': '0.12.3', 'category_encoders': '2.6.3', 'lightgbm': '4.5.0', 'numba': '0.60.0', 'requests': '2.32.3', 'matplotlib': '3.8.4', 'scikitplot': '0.3.7', 'yellowbrick': '1.5', 'plotly': '5.23.0', 'plotly-resampler': 'Not installed', 'kaleido': '0.2.1', 'schemdraw': '0.15', 'statsmodels': '0.14.2', 'sktime': '0.26.0', 'tbats': '1.1.3', 'pmdarima': '2.0.4', 'psutil': '6.0.0', 'markupsafe': '2.1.5', 'pickle5': 'Not installed', 'cloudpickle': '3.0.0', 'deprecation': '2.1.0', 'xxhash': '3.4.1', 'wurlitzer': '3.1.1'}, 'python': {'version': '3.11.9', 'machine': 'arm64'}}
  warnings.warn(

2026-04-12 17:24:31,434:WARNING:
'cuml' is a soft dependency and not included in the pycaret installation. Please run: `pip install cuml` to install.
2026-04-12 17:24:31,435:WARNING:
'cuml' is a soft dependency and not included in the pycaret installation. Please run: `pip install cuml` to install.
2026-04-12 17:24:31,436:WARNING:
'cuml' is a soft dependency and not included in the pycaret installation. Please run: `pip install cuml` to install.
2026-04-12 17:24:31,437:WARNING:
'cuml' is a soft dependency and not included in the pycaret installation. Please run: `pip install cuml` to install.
2026-04-12 17:24:34,204:INFO:Initializing load_model()
2026-04-12 17:24:34,204:INFO:load_model(model_name=welcome_survey_clustering_pipeline_v1, platform=None, authentication=None, verbose=True)
2026-04-12 17:24:34,214:WARNING:C:\Users\slim\miniconda3\envs\od_zera_do_ai\Lib\site-packages\_distutils_hack\__init__.py:30: UserWarning: Setuptools is replacing distutils. Support for replacing an already imported distutils is deprecated. In the future, this condition will fail. Register concerns at https://github.com/pypa/setuptools/issues/new?template=distutils-deprecation.yml
  warnings.warn(

2026-04-12 17:24:34,311:WARNING:C:\Users\slim\miniconda3\envs\od_zera_do_ai\Lib\site-packages\pycaret\internal\pipeline.py:148: UserWarning: Version mismatch:
current: {'deps_info': {'pip': '26.0.1', 'setuptools': '78.1.1', 'pycaret': '3.3.2', 'IPython': '9.1.0', 'ipywidgets': '8.1.8', 'tqdm': '4.67.3', 'numpy': '1.26.4', 'pandas': '1.5.3', 'jinja2': '3.1.6', 'scipy': '1.10.1', 'joblib': '1.4.2', 'sklearn': '1.4.2', 'pyod': '2.0.5', 'imblearn': '0.14.1', 'category_encoders': '2.6.3', 'lightgbm': '4.6.0', 'numba': '0.63.1', 'requests': '2.32.4', 'matplotlib': '3.7.5', 'scikitplot': '0.3.7', 'yellowbrick': '1.5', 'plotly': '5.24.1', 'plotly-resampler': 'Not installed', 'kaleido': '1.0.0', 'schemdraw': '0.15', 'statsmodels': '0.14.6', 'sktime': '0.26.0', 'tbats': '1.1.3', 'pmdarima': 'Not installed', 'psutil': '5.9.0', 'markupsafe': '3.0.2', 'pickle5': 'Not installed', 'cloudpickle': '3.1.2', 'deprecation': '2.1.0', 'xxhash': '3.6.0', 'wurlitzer': 'Not installed'}, 'python': {'version': '3.11.11', 'machine': 'AMD64'}}
pickle: {'deps_info': {'pip': '24.0', 'setuptools': '70.3.0', 'pycaret': '3.3.1', 'IPython': '8.26.0', 'ipywidgets': '8.1.3', 'tqdm': '4.66.5', 'numpy': '1.26.4', 'pandas': '1.5.3', 'jinja2': '3.1.4', 'scipy': '1.11.4', 'joblib': '1.3.2', 'sklearn': '1.4.2', 'pyod': '2.0.1', 'imblearn': '0.12.3', 'category_encoders': '2.6.3', 'lightgbm': '4.5.0', 'numba': '0.60.0', 'requests': '2.32.3', 'matplotlib': '3.8.4', 'scikitplot': '0.3.7', 'yellowbrick': '1.5', 'plotly': '5.23.0', 'plotly-resampler': 'Not installed', 'kaleido': '0.2.1', 'schemdraw': '0.15', 'statsmodels': '0.14.2', 'sktime': '0.26.0', 'tbats': '1.1.3', 'pmdarima': '2.0.4', 'psutil': '6.0.0', 'markupsafe': '2.1.5', 'pickle5': 'Not installed', 'cloudpickle': '3.0.0', 'deprecation': '2.1.0', 'xxhash': '3.4.1', 'wurlitzer': '3.1.1'}, 'python': {'version': '3.11.9', 'machine': 'arm64'}}
  warnings.warn(

2026-04-12 17:24:34,377:INFO:Initializing predict_model()
2026-04-12 17:24:34,377:INFO:predict_model(self=<pycaret.clustering.oop.ClusteringExperiment object at 0x000001D56E318350>, estimator=Pipeline(memory=Memory(location=None),
         steps=[('numerical_imputer',
                 TransformerWrapper(include=[], transformer=SimpleImputer())),
                ('categorical_imputer',
                 TransformerWrapper(include=['age', 'edu_level', 'fav_animals',
                                             'fav_place', 'gender'],
                                    transformer=SimpleImputer(strategy='most_frequent'))),
                ('ordinal_encoding',
                 TransformerWrapper(include=['gender'],
                                    transfo...
                                                               mapping=[{'col': 'gender',
                                                                         'data_type': dtype('O'),
                                                                         'mapping': Kobieta      0
Mê¿czyzna    1
NaN         -1
dtype: int64}]))),
                ('onehot_encoding',
                 TransformerWrapper(include=['age', 'edu_level', 'fav_animals',
                                             'fav_place'],
                                    transformer=OneHotEncoder(cols=['age',
                                                                    'edu_level',
                                                                    'fav_animals',
                                                                    'fav_place'],
                                                              handle_missing='return_nan',
                                                              use_cat_names=True))),
                ('trained_model', KMeans(random_state=123))]), ml_usecase=None)
2026-04-12 17:24:34,377:INFO:Set up data.
2026-04-12 17:24:34,657:INFO:Initializing predict_model()
2026-04-12 17:24:34,657:INFO:predict_model(self=<pycaret.clustering.oop.ClusteringExperiment object at 0x000001D56E308710>, estimator=Pipeline(memory=Memory(location=None),
         steps=[('numerical_imputer',
                 TransformerWrapper(include=[], transformer=SimpleImputer())),
                ('categorical_imputer',
                 TransformerWrapper(include=['age', 'edu_level', 'fav_animals',
                                             'fav_place', 'gender'],
                                    transformer=SimpleImputer(strategy='most_frequent'))),
                ('ordinal_encoding',
                 TransformerWrapper(include=['gender'],
                                    transfo...
                                                               mapping=[{'col': 'gender',
                                                                         'data_type': dtype('O'),
                                                                         'mapping': Kobieta      0
Mê¿czyzna    1
NaN         -1
dtype: int64}]))),
                ('onehot_encoding',
                 TransformerWrapper(include=['age', 'edu_level', 'fav_animals',
                                             'fav_place'],
                                    transformer=OneHotEncoder(cols=['age',
                                                                    'edu_level',
                                                                    'fav_animals',
                                                                    'fav_place'],
                                                              handle_missing='return_nan',
                                                              use_cat_names=True))),
                ('trained_model', KMeans(random_state=123))]), ml_usecase=None)
2026-04-12 17:24:34,657:INFO:Set up data.
2026-04-12 17:26:41,465:WARNING:
'cuml' is a soft dependency and not included in the pycaret installation. Please run: `pip install cuml` to install.
2026-04-12 17:26:41,466:WARNING:
'cuml' is a soft dependency and not included in the pycaret installation. Please run: `pip install cuml` to install.
2026-04-12 17:26:41,467:WARNING:
'cuml' is a soft dependency and not included in the pycaret installation. Please run: `pip install cuml` to install.
2026-04-12 17:26:41,467:WARNING:
'cuml' is a soft dependency and not included in the pycaret installation. Please run: `pip install cuml` to install.
2026-04-12 17:26:44,055:INFO:Initializing load_model()
2026-04-12 17:26:44,056:INFO:load_model(model_name=welcome_survey_clustering_pipeline_v1, platform=None, authentication=None, verbose=True)
2026-04-12 17:26:44,064:WARNING:C:\Users\slim\miniconda3\envs\od_zera_do_ai\Lib\site-packages\_distutils_hack\__init__.py:30: UserWarning: Setuptools is replacing distutils. Support for replacing an already imported distutils is deprecated. In the future, this condition will fail. Register concerns at https://github.com/pypa/setuptools/issues/new?template=distutils-deprecation.yml
  warnings.warn(

2026-04-12 17:26:44,153:WARNING:C:\Users\slim\miniconda3\envs\od_zera_do_ai\Lib\site-packages\pycaret\internal\pipeline.py:148: UserWarning: Version mismatch:
current: {'deps_info': {'pip': '26.0.1', 'setuptools': '78.1.1', 'pycaret': '3.3.2', 'IPython': '9.1.0', 'ipywidgets': '8.1.8', 'tqdm': '4.67.3', 'numpy': '1.26.4', 'pandas': '1.5.3', 'jinja2': '3.1.6', 'scipy': '1.10.1', 'joblib': '1.4.2', 'sklearn': '1.4.2', 'pyod': '2.0.5', 'imblearn': '0.14.1', 'category_encoders': '2.6.3', 'lightgbm': '4.6.0', 'numba': '0.63.1', 'requests': '2.32.4', 'matplotlib': '3.7.5', 'scikitplot': '0.3.7', 'yellowbrick': '1.5', 'plotly': '5.24.1', 'plotly-resampler': 'Not installed', 'kaleido': '1.0.0', 'schemdraw': '0.15', 'statsmodels': '0.14.6', 'sktime': '0.26.0', 'tbats': '1.1.3', 'pmdarima': 'Not installed', 'psutil': '5.9.0', 'markupsafe': '3.0.2', 'pickle5': 'Not installed', 'cloudpickle': '3.1.2', 'deprecation': '2.1.0', 'xxhash': '3.6.0', 'wurlitzer': 'Not installed'}, 'python': {'version': '3.11.11', 'machine': 'AMD64'}}
pickle: {'deps_info': {'pip': '24.0', 'setuptools': '70.3.0', 'pycaret': '3.3.1', 'IPython': '8.26.0', 'ipywidgets': '8.1.3', 'tqdm': '4.66.5', 'numpy': '1.26.4', 'pandas': '1.5.3', 'jinja2': '3.1.4', 'scipy': '1.11.4', 'joblib': '1.3.2', 'sklearn': '1.4.2', 'pyod': '2.0.1', 'imblearn': '0.12.3', 'category_encoders': '2.6.3', 'lightgbm': '4.5.0', 'numba': '0.60.0', 'requests': '2.32.3', 'matplotlib': '3.8.4', 'scikitplot': '0.3.7', 'yellowbrick': '1.5', 'plotly': '5.23.0', 'plotly-resampler': 'Not installed', 'kaleido': '0.2.1', 'schemdraw': '0.15', 'statsmodels': '0.14.2', 'sktime': '0.26.0', 'tbats': '1.1.3', 'pmdarima': '2.0.4', 'psutil': '6.0.0', 'markupsafe': '2.1.5', 'pickle5': 'Not installed', 'cloudpickle': '3.0.0', 'deprecation': '2.1.0', 'xxhash': '3.4.1', 'wurlitzer': '3.1.1'}, 'python': {'version': '3.11.9', 'machine': 'arm64'}}
  warnings.warn(

2026-04-12 17:26:44,213:INFO:Initializing predict_model()
2026-04-12 17:26:44,213:INFO:predict_model(self=<pycaret.clustering.oop.ClusteringExperiment object at 0x0000028B1D226210>, estimator=Pipeline(memory=Memory(location=None),
         steps=[('numerical_imputer',
                 TransformerWrapper(include=[], transformer=SimpleImputer())),
                ('categorical_imputer',
                 TransformerWrapper(include=['age', 'edu_level', 'fav_animals',
                                             'fav_place', 'gender'],
                                    transformer=SimpleImputer(strategy='most_frequent'))),
                ('ordinal_encoding',
                 TransformerWrapper(include=['gender'],
                                    transfo...
                                                               mapping=[{'col': 'gender',
                                                                         'data_type': dtype('O'),
                                                                         'mapping': Kobieta      0
Mê¿czyzna    1
NaN         -1
dtype: int64}]))),
                ('onehot_encoding',
                 TransformerWrapper(include=['age', 'edu_level', 'fav_animals',
                                             'fav_place'],
                                    transformer=OneHotEncoder(cols=['age',
                                                                    'edu_level',
                                                                    'fav_animals',
                                                                    'fav_place'],
                                                              handle_missing='return_nan',
                                                              use_cat_names=True))),
                ('trained_model', KMeans(random_state=123))]), ml_usecase=None)
2026-04-12 17:26:44,213:INFO:Set up data.
2026-04-12 17:26:44,436:INFO:Initializing predict_model()
2026-04-12 17:26:44,436:INFO:predict_model(self=<pycaret.clustering.oop.ClusteringExperiment object at 0x0000028B56F59590>, estimator=Pipeline(memory=Memory(location=None),
         steps=[('numerical_imputer',
                 TransformerWrapper(include=[], transformer=SimpleImputer())),
                ('categorical_imputer',
                 TransformerWrapper(include=['age', 'edu_level', 'fav_animals',
                                             'fav_place', 'gender'],
                                    transformer=SimpleImputer(strategy='most_frequent'))),
                ('ordinal_encoding',
                 TransformerWrapper(include=['gender'],
                                    transfo...
                                                               mapping=[{'col': 'gender',
                                                                         'data_type': dtype('O'),
                                                                         'mapping': Kobieta      0
Mê¿czyzna    1
NaN         -1
dtype: int64}]))),
                ('onehot_encoding',
                 TransformerWrapper(include=['age', 'edu_level', 'fav_animals',
                                             'fav_place'],
                                    transformer=OneHotEncoder(cols=['age',
                                                                    'edu_level',
                                                                    'fav_animals',
                                                                    'fav_place'],
                                                              handle_missing='return_nan',
                                                              use_cat_names=True))),
                ('trained_model', KMeans(random_state=123))]), ml_usecase=None)
2026-04-12 17:26:44,436:INFO:Set up data.
2026-04-12 17:27:06,160:WARNING:
'cuml' is a soft dependency and not included in the pycaret installation. Please run: `pip install cuml` to install.
2026-04-12 17:27:06,162:WARNING:
'cuml' is a soft dependency and not included in the pycaret installation. Please run: `pip install cuml` to install.
2026-04-12 17:27:06,162:WARNING:
'cuml' is a soft dependency and not included in the pycaret installation. Please run: `pip install cuml` to install.
2026-04-12 17:27:06,163:WARNING:
'cuml' is a soft dependency and not included in the pycaret installation. Please run: `pip install cuml` to install.
2026-04-12 17:27:11,181:INFO:Initializing load_model()
2026-04-12 17:27:11,183:INFO:load_model(model_name=welcome_survey_clustering_pipeline_v1, platform=None, authentication=None, verbose=True)
2026-04-12 17:27:11,202:WARNING:C:\Users\slim\miniconda3\envs\od_zera_do_ai\Lib\site-packages\_distutils_hack\__init__.py:30: UserWarning: Setuptools is replacing distutils. Support for replacing an already imported distutils is deprecated. In the future, this condition will fail. Register concerns at https://github.com/pypa/setuptools/issues/new?template=distutils-deprecation.yml
  warnings.warn(

2026-04-12 17:27:11,432:WARNING:C:\Users\slim\miniconda3\envs\od_zera_do_ai\Lib\site-packages\pycaret\internal\pipeline.py:148: UserWarning: Version mismatch:
current: {'deps_info': {'pip': '26.0.1', 'setuptools': '78.1.1', 'pycaret': '3.3.2', 'IPython': '9.1.0', 'ipywidgets': '8.1.8', 'tqdm': '4.67.3', 'numpy': '1.26.4', 'pandas': '1.5.3', 'jinja2': '3.1.6', 'scipy': '1.10.1', 'joblib': '1.4.2', 'sklearn': '1.4.2', 'pyod': '2.0.5', 'imblearn': '0.14.1', 'category_encoders': '2.6.3', 'lightgbm': '4.6.0', 'numba': '0.63.1', 'requests': '2.32.4', 'matplotlib': '3.7.5', 'scikitplot': '0.3.7', 'yellowbrick': '1.5', 'plotly': '5.24.1', 'plotly-resampler': 'Not installed', 'kaleido': '1.0.0', 'schemdraw': '0.15', 'statsmodels': '0.14.6', 'sktime': '0.26.0', 'tbats': '1.1.3', 'pmdarima': 'Not installed', 'psutil': '5.9.0', 'markupsafe': '3.0.2', 'pickle5': 'Not installed', 'cloudpickle': '3.1.2', 'deprecation': '2.1.0', 'xxhash': '3.6.0', 'wurlitzer': 'Not installed'}, 'python': {'version': '3.11.11', 'machine': 'AMD64'}}
pickle: {'deps_info': {'pip': '24.0', 'setuptools': '70.3.0', 'pycaret': '3.3.1', 'IPython': '8.26.0', 'ipywidgets': '8.1.3', 'tqdm': '4.66.5', 'numpy': '1.26.4', 'pandas': '1.5.3', 'jinja2': '3.1.4', 'scipy': '1.11.4', 'joblib': '1.3.2', 'sklearn': '1.4.2', 'pyod': '2.0.1', 'imblearn': '0.12.3', 'category_encoders': '2.6.3', 'lightgbm': '4.5.0', 'numba': '0.60.0', 'requests': '2.32.3', 'matplotlib': '3.8.4', 'scikitplot': '0.3.7', 'yellowbrick': '1.5', 'plotly': '5.23.0', 'plotly-resampler': 'Not installed', 'kaleido': '0.2.1', 'schemdraw': '0.15', 'statsmodels': '0.14.2', 'sktime': '0.26.0', 'tbats': '1.1.3', 'pmdarima': '2.0.4', 'psutil': '6.0.0', 'markupsafe': '2.1.5', 'pickle5': 'Not installed', 'cloudpickle': '3.0.0', 'deprecation': '2.1.0', 'xxhash': '3.4.1', 'wurlitzer': '3.1.1'}, 'python': {'version': '3.11.9', 'machine': 'arm64'}}
  warnings.warn(

2026-04-12 17:27:11,544:INFO:Initializing predict_model()
2026-04-12 17:27:11,545:INFO:predict_model(self=<pycaret.clustering.oop.ClusteringExperiment object at 0x0000022E415256D0>, estimator=Pipeline(memory=Memory(location=None),
         steps=[('numerical_imputer',
                 TransformerWrapper(include=[], transformer=SimpleImputer())),
                ('categorical_imputer',
                 TransformerWrapper(include=['age', 'edu_level', 'fav_animals',
                                             'fav_place', 'gender'],
                                    transformer=SimpleImputer(strategy='most_frequent'))),
                ('ordinal_encoding',
                 TransformerWrapper(include=['gender'],
                                    transfo...
                                                               mapping=[{'col': 'gender',
                                                                         'data_type': dtype('O'),
                                                                         'mapping': Kobieta      0
Mê¿czyzna    1
NaN         -1
dtype: int64}]))),
                ('onehot_encoding',
                 TransformerWrapper(include=['age', 'edu_level', 'fav_animals',
                                             'fav_place'],
                                    transformer=OneHotEncoder(cols=['age',
                                                                    'edu_level',
                                                                    'fav_animals',
                                                                    'fav_place'],
                                                              handle_missing='return_nan',
                                                              use_cat_names=True))),
                ('trained_model', KMeans(random_state=123))]), ml_usecase=None)
2026-04-12 17:27:11,546:INFO:Set up data.
2026-04-12 17:27:11,988:INFO:Initializing predict_model()
2026-04-12 17:27:11,988:INFO:predict_model(self=<pycaret.clustering.oop.ClusteringExperiment object at 0x0000022E4158BA50>, estimator=Pipeline(memory=Memory(location=None),
         steps=[('numerical_imputer',
                 TransformerWrapper(include=[], transformer=SimpleImputer())),
                ('categorical_imputer',
                 TransformerWrapper(include=['age', 'edu_level', 'fav_animals',
                                             'fav_place', 'gender'],
                                    transformer=SimpleImputer(strategy='most_frequent'))),
                ('ordinal_encoding',
                 TransformerWrapper(include=['gender'],
                                    transfo...
                                                               mapping=[{'col': 'gender',
                                                                         'data_type': dtype('O'),
                                                                         'mapping': Kobieta      0
Mê¿czyzna    1
NaN         -1
dtype: int64}]))),
                ('onehot_encoding',
                 TransformerWrapper(include=['age', 'edu_level', 'fav_animals',
                                             'fav_place'],
                                    transformer=OneHotEncoder(cols=['age',
                                                                    'edu_level',
                                                                    'fav_animals',
                                                                    'fav_place'],
                                                              handle_missing='return_nan',
                                                              use_cat_names=True))),
                ('trained_model', KMeans(random_state=123))]), ml_usecase=None)
2026-04-12 17:27:11,989:INFO:Set up data.
2026-04-12 17:27:28,418:INFO:Initializing predict_model()
2026-04-12 17:27:28,419:INFO:predict_model(self=<pycaret.clustering.oop.ClusteringExperiment object at 0x0000022E86E64FD0>, estimator=Pipeline(memory=Memory(location=None),
         steps=[('numerical_imputer',
                 TransformerWrapper(include=[], transformer=SimpleImputer())),
                ('categorical_imputer',
                 TransformerWrapper(include=['age', 'edu_level', 'fav_animals',
                                             'fav_place', 'gender'],
                                    transformer=SimpleImputer(strategy='most_frequent'))),
                ('ordinal_encoding',
                 TransformerWrapper(include=['gender'],
                                    transfo...
                                                               mapping=[{'col': 'gender',
                                                                         'data_type': dtype('O'),
                                                                         'mapping': Kobieta      0
Mê¿czyzna    1
NaN         -1
dtype: int64}]))),
                ('onehot_encoding',
                 TransformerWrapper(include=['age', 'edu_level', 'fav_animals',
                                             'fav_place'],
                                    transformer=OneHotEncoder(cols=['age',
                                                                    'edu_level',
                                                                    'fav_animals',
                                                                    'fav_place'],
                                                              handle_missing='return_nan',
                                                              use_cat_names=True))),
                ('trained_model', KMeans(random_state=123))]), ml_usecase=None)
2026-04-12 17:27:28,419:INFO:Set up data.
2026-04-12 17:29:59,555:WARNING:
'cuml' is a soft dependency and not included in the pycaret installation. Please run: `pip install cuml` to install.
2026-04-12 17:29:59,556:WARNING:
'cuml' is a soft dependency and not included in the pycaret installation. Please run: `pip install cuml` to install.
2026-04-12 17:29:59,557:WARNING:
'cuml' is a soft dependency and not included in the pycaret installation. Please run: `pip install cuml` to install.
2026-04-12 17:29:59,557:WARNING:
'cuml' is a soft dependency and not included in the pycaret installation. Please run: `pip install cuml` to install.
2026-04-12 17:30:05,191:INFO:Initializing load_model()
2026-04-12 17:30:05,193:INFO:load_model(model_name=welcome_survey_clustering_pipeline_v1, platform=None, authentication=None, verbose=True)
2026-04-12 17:30:05,217:WARNING:C:\Users\slim\miniconda3\envs\od_zera_do_ai\Lib\site-packages\_distutils_hack\__init__.py:30: UserWarning: Setuptools is replacing distutils. Support for replacing an already imported distutils is deprecated. In the future, this condition will fail. Register concerns at https://github.com/pypa/setuptools/issues/new?template=distutils-deprecation.yml
  warnings.warn(

2026-04-12 17:30:05,428:WARNING:C:\Users\slim\miniconda3\envs\od_zera_do_ai\Lib\site-packages\pycaret\internal\pipeline.py:148: UserWarning: Version mismatch:
current: {'deps_info': {'pip': '26.0.1', 'setuptools': '78.1.1', 'pycaret': '3.3.2', 'IPython': '9.1.0', 'ipywidgets': '8.1.8', 'tqdm': '4.67.3', 'numpy': '1.26.4', 'pandas': '1.5.3', 'jinja2': '3.1.6', 'scipy': '1.10.1', 'joblib': '1.4.2', 'sklearn': '1.4.2', 'pyod': '2.0.5', 'imblearn': '0.14.1', 'category_encoders': '2.6.3', 'lightgbm': '4.6.0', 'numba': '0.63.1', 'requests': '2.32.4', 'matplotlib': '3.7.5', 'scikitplot': '0.3.7', 'yellowbrick': '1.5', 'plotly': '5.24.1', 'plotly-resampler': 'Not installed', 'kaleido': '1.0.0', 'schemdraw': '0.15', 'statsmodels': '0.14.6', 'sktime': '0.26.0', 'tbats': '1.1.3', 'pmdarima': 'Not installed', 'psutil': '5.9.0', 'markupsafe': '3.0.2', 'pickle5': 'Not installed', 'cloudpickle': '3.1.2', 'deprecation': '2.1.0', 'xxhash': '3.6.0', 'wurlitzer': 'Not installed'}, 'python': {'version': '3.11.11', 'machine': 'AMD64'}}
pickle: {'deps_info': {'pip': '24.0', 'setuptools': '70.3.0', 'pycaret': '3.3.1', 'IPython': '8.26.0', 'ipywidgets': '8.1.3', 'tqdm': '4.66.5', 'numpy': '1.26.4', 'pandas': '1.5.3', 'jinja2': '3.1.4', 'scipy': '1.11.4', 'joblib': '1.3.2', 'sklearn': '1.4.2', 'pyod': '2.0.1', 'imblearn': '0.12.3', 'category_encoders': '2.6.3', 'lightgbm': '4.5.0', 'numba': '0.60.0', 'requests': '2.32.3', 'matplotlib': '3.8.4', 'scikitplot': '0.3.7', 'yellowbrick': '1.5', 'plotly': '5.23.0', 'plotly-resampler': 'Not installed', 'kaleido': '0.2.1', 'schemdraw': '0.15', 'statsmodels': '0.14.2', 'sktime': '0.26.0', 'tbats': '1.1.3', 'pmdarima': '2.0.4', 'psutil': '6.0.0', 'markupsafe': '2.1.5', 'pickle5': 'Not installed', 'cloudpickle': '3.0.0', 'deprecation': '2.1.0', 'xxhash': '3.4.1', 'wurlitzer': '3.1.1'}, 'python': {'version': '3.11.9', 'machine': 'arm64'}}
  warnings.warn(

2026-04-12 17:30:05,531:INFO:Initializing predict_model()
2026-04-12 17:30:05,532:INFO:predict_model(self=<pycaret.clustering.oop.ClusteringExperiment object at 0x0000026E37AE8550>, estimator=Pipeline(memory=Memory(location=None),
         steps=[('numerical_imputer',
                 TransformerWrapper(include=[], transformer=SimpleImputer())),
                ('categorical_imputer',
                 TransformerWrapper(include=['age', 'edu_level', 'fav_animals',
                                             'fav_place', 'gender'],
                                    transformer=SimpleImputer(strategy='most_frequent'))),
                ('ordinal_encoding',
                 TransformerWrapper(include=['gender'],
                                    transfo...
                                                               mapping=[{'col': 'gender',
                                                                         'data_type': dtype('O'),
                                                                         'mapping': Kobieta      0
Mê¿czyzna    1
NaN         -1
dtype: int64}]))),
                ('onehot_encoding',
                 TransformerWrapper(include=['age', 'edu_level', 'fav_animals',
                                             'fav_place'],
                                    transformer=OneHotEncoder(cols=['age',
                                                                    'edu_level',
                                                                    'fav_animals',
                                                                    'fav_place'],
                                                              handle_missing='return_nan',
                                                              use_cat_names=True))),
                ('trained_model', KMeans(random_state=123))]), ml_usecase=None)
2026-04-12 17:30:05,532:INFO:Set up data.
2026-04-12 17:30:05,940:INFO:Initializing predict_model()
2026-04-12 17:30:05,940:INFO:predict_model(self=<pycaret.clustering.oop.ClusteringExperiment object at 0x0000026E37D1E150>, estimator=Pipeline(memory=Memory(location=None),
         steps=[('numerical_imputer',
                 TransformerWrapper(include=[], transformer=SimpleImputer())),
                ('categorical_imputer',
                 TransformerWrapper(include=['age', 'edu_level', 'fav_animals',
                                             'fav_place', 'gender'],
                                    transformer=SimpleImputer(strategy='most_frequent'))),
                ('ordinal_encoding',
                 TransformerWrapper(include=['gender'],
                                    transfo...
                                                               mapping=[{'col': 'gender',
                                                                         'data_type': dtype('O'),
                                                                         'mapping': Kobieta      0
Mê¿czyzna    1
NaN         -1
dtype: int64}]))),
                ('onehot_encoding',
                 TransformerWrapper(include=['age', 'edu_level', 'fav_animals',
                                             'fav_place'],
                                    transformer=OneHotEncoder(cols=['age',
                                                                    'edu_level',
                                                                    'fav_animals',
                                                                    'fav_place'],
                                                              handle_missing='return_nan',
                                                              use_cat_names=True))),
                ('trained_model', KMeans(random_state=123))]), ml_usecase=None)
2026-04-12 17:30:05,941:INFO:Set up data.
2026-04-12 17:30:44,509:WARNING:
'cuml' is a soft dependency and not included in the pycaret installation. Please run: `pip install cuml` to install.
2026-04-12 17:30:44,510:WARNING:
'cuml' is a soft dependency and not included in the pycaret installation. Please run: `pip install cuml` to install.
2026-04-12 17:30:44,510:WARNING:
'cuml' is a soft dependency and not included in the pycaret installation. Please run: `pip install cuml` to install.
2026-04-12 17:30:44,510:WARNING:
'cuml' is a soft dependency and not included in the pycaret installation. Please run: `pip install cuml` to install.
2026-04-12 17:30:48,400:INFO:Initializing load_model()
2026-04-12 17:30:48,400:INFO:load_model(model_name=welcome_survey_clustering_pipeline_v1, platform=None, authentication=None, verbose=True)
2026-04-12 17:30:48,415:WARNING:C:\Users\slim\miniconda3\envs\od_zera_do_ai\Lib\site-packages\_distutils_hack\__init__.py:30: UserWarning: Setuptools is replacing distutils. Support for replacing an already imported distutils is deprecated. In the future, this condition will fail. Register concerns at https://github.com/pypa/setuptools/issues/new?template=distutils-deprecation.yml
  warnings.warn(

2026-04-12 17:30:48,609:WARNING:C:\Users\slim\miniconda3\envs\od_zera_do_ai\Lib\site-packages\pycaret\internal\pipeline.py:148: UserWarning: Version mismatch:
current: {'deps_info': {'pip': '26.0.1', 'setuptools': '78.1.1', 'pycaret': '3.3.2', 'IPython': '9.1.0', 'ipywidgets': '8.1.8', 'tqdm': '4.67.3', 'numpy': '1.26.4', 'pandas': '1.5.3', 'jinja2': '3.1.6', 'scipy': '1.10.1', 'joblib': '1.4.2', 'sklearn': '1.4.2', 'pyod': '2.0.5', 'imblearn': '0.14.1', 'category_encoders': '2.6.3', 'lightgbm': '4.6.0', 'numba': '0.63.1', 'requests': '2.32.4', 'matplotlib': '3.7.5', 'scikitplot': '0.3.7', 'yellowbrick': '1.5', 'plotly': '5.24.1', 'plotly-resampler': 'Not installed', 'kaleido': '1.0.0', 'schemdraw': '0.15', 'statsmodels': '0.14.6', 'sktime': '0.26.0', 'tbats': '1.1.3', 'pmdarima': 'Not installed', 'psutil': '5.9.0', 'markupsafe': '3.0.2', 'pickle5': 'Not installed', 'cloudpickle': '3.1.2', 'deprecation': '2.1.0', 'xxhash': '3.6.0', 'wurlitzer': 'Not installed'}, 'python': {'version': '3.11.11', 'machine': 'AMD64'}}
pickle: {'deps_info': {'pip': '24.0', 'setuptools': '70.3.0', 'pycaret': '3.3.1', 'IPython': '8.26.0', 'ipywidgets': '8.1.3', 'tqdm': '4.66.5', 'numpy': '1.26.4', 'pandas': '1.5.3', 'jinja2': '3.1.4', 'scipy': '1.11.4', 'joblib': '1.3.2', 'sklearn': '1.4.2', 'pyod': '2.0.1', 'imblearn': '0.12.3', 'category_encoders': '2.6.3', 'lightgbm': '4.5.0', 'numba': '0.60.0', 'requests': '2.32.3', 'matplotlib': '3.8.4', 'scikitplot': '0.3.7', 'yellowbrick': '1.5', 'plotly': '5.23.0', 'plotly-resampler': 'Not installed', 'kaleido': '0.2.1', 'schemdraw': '0.15', 'statsmodels': '0.14.2', 'sktime': '0.26.0', 'tbats': '1.1.3', 'pmdarima': '2.0.4', 'psutil': '6.0.0', 'markupsafe': '2.1.5', 'pickle5': 'Not installed', 'cloudpickle': '3.0.0', 'deprecation': '2.1.0', 'xxhash': '3.4.1', 'wurlitzer': '3.1.1'}, 'python': {'version': '3.11.9', 'machine': 'arm64'}}
  warnings.warn(

2026-04-12 17:30:48,703:INFO:Initializing predict_model()
2026-04-12 17:30:48,703:INFO:predict_model(self=<pycaret.clustering.oop.ClusteringExperiment object at 0x0000021497FB8810>, estimator=Pipeline(memory=Memory(location=None),
         steps=[('numerical_imputer',
                 TransformerWrapper(include=[], transformer=SimpleImputer())),
                ('categorical_imputer',
                 TransformerWrapper(include=['age', 'edu_level', 'fav_animals',
                                             'fav_place', 'gender'],
                                    transformer=SimpleImputer(strategy='most_frequent'))),
                ('ordinal_encoding',
                 TransformerWrapper(include=['gender'],
                                    transfo...
                                                               mapping=[{'col': 'gender',
                                                                         'data_type': dtype('O'),
                                                                         'mapping': Kobieta      0
Mê¿czyzna    1
NaN         -1
dtype: int64}]))),
                ('onehot_encoding',
                 TransformerWrapper(include=['age', 'edu_level', 'fav_animals',
                                             'fav_place'],
                                    transformer=OneHotEncoder(cols=['age',
                                                                    'edu_level',
                                                                    'fav_animals',
                                                                    'fav_place'],
                                                              handle_missing='return_nan',
                                                              use_cat_names=True))),
                ('trained_model', KMeans(random_state=123))]), ml_usecase=None)
2026-04-12 17:30:48,704:INFO:Set up data.
2026-04-12 17:30:49,142:INFO:Initializing predict_model()
2026-04-12 17:30:49,142:INFO:predict_model(self=<pycaret.clustering.oop.ClusteringExperiment object at 0x0000021498185250>, estimator=Pipeline(memory=Memory(location=None),
         steps=[('numerical_imputer',
                 TransformerWrapper(include=[], transformer=SimpleImputer())),
                ('categorical_imputer',
                 TransformerWrapper(include=['age', 'edu_level', 'fav_animals',
                                             'fav_place', 'gender'],
                                    transformer=SimpleImputer(strategy='most_frequent'))),
                ('ordinal_encoding',
                 TransformerWrapper(include=['gender'],
                                    transfo...
                                                               mapping=[{'col': 'gender',
                                                                         'data_type': dtype('O'),
                                                                         'mapping': Kobieta      0
Mê¿czyzna    1
NaN         -1
dtype: int64}]))),
                ('onehot_encoding',
                 TransformerWrapper(include=['age', 'edu_level', 'fav_animals',
                                             'fav_place'],
                                    transformer=OneHotEncoder(cols=['age',
                                                                    'edu_level',
                                                                    'fav_animals',
                                                                    'fav_place'],
                                                              handle_missing='return_nan',
                                                              use_cat_names=True))),
                ('trained_model', KMeans(random_state=123))]), ml_usecase=None)
2026-04-12 17:30:49,142:INFO:Set up data.
2026-04-12 20:35:48,981:INFO:Initializing predict_model()
2026-04-12 20:35:48,985:INFO:predict_model(self=<pycaret.clustering.oop.ClusteringExperiment object at 0x00000214E197B010>, estimator=Pipeline(memory=Memory(location=None),
         steps=[('numerical_imputer',
                 TransformerWrapper(include=[], transformer=SimpleImputer())),
                ('categorical_imputer',
                 TransformerWrapper(include=['age', 'edu_level', 'fav_animals',
                                             'fav_place', 'gender'],
                                    transformer=SimpleImputer(strategy='most_frequent'))),
                ('ordinal_encoding',
                 TransformerWrapper(include=['gender'],
                                    transfo...
                                                               mapping=[{'col': 'gender',
                                                                         'data_type': dtype('O'),
                                                                         'mapping': Kobieta      0
Mê¿czyzna    1
NaN         -1
dtype: int64}]))),
                ('onehot_encoding',
                 TransformerWrapper(include=['age', 'edu_level', 'fav_animals',
                                             'fav_place'],
                                    transformer=OneHotEncoder(cols=['age',
                                                                    'edu_level',
                                                                    'fav_animals',
                                                                    'fav_place'],
                                                              handle_missing='return_nan',
                                                              use_cat_names=True))),
                ('trained_model', KMeans(random_state=123))]), ml_usecase=None)
2026-04-12 20:35:48,985:INFO:Set up data.
2026-04-12 20:36:22,516:INFO:Initializing predict_model()
2026-04-12 20:36:22,517:INFO:predict_model(self=<pycaret.clustering.oop.ClusteringExperiment object at 0x000002149C595810>, estimator=Pipeline(memory=Memory(location=None),
         steps=[('numerical_imputer',
                 TransformerWrapper(include=[], transformer=SimpleImputer())),
                ('categorical_imputer',
                 TransformerWrapper(include=['age', 'edu_level', 'fav_animals',
                                             'fav_place', 'gender'],
                                    transformer=SimpleImputer(strategy='most_frequent'))),
                ('ordinal_encoding',
                 TransformerWrapper(include=['gender'],
                                    transfo...
                                                               mapping=[{'col': 'gender',
                                                                         'data_type': dtype('O'),
                                                                         'mapping': Kobieta      0
Mê¿czyzna    1
NaN         -1
dtype: int64}]))),
                ('onehot_encoding',
                 TransformerWrapper(include=['age', 'edu_level', 'fav_animals',
                                             'fav_place'],
                                    transformer=OneHotEncoder(cols=['age',
                                                                    'edu_level',
                                                                    'fav_animals',
                                                                    'fav_place'],
                                                              handle_missing='return_nan',
                                                              use_cat_names=True))),
                ('trained_model', KMeans(random_state=123))]), ml_usecase=None)
2026-04-12 20:36:22,518:INFO:Set up data.
2026-04-12 20:36:23,531:INFO:Initializing predict_model()
2026-04-12 20:36:23,533:INFO:predict_model(self=<pycaret.clustering.oop.ClusteringExperiment object at 0x000002149D1EA010>, estimator=Pipeline(memory=Memory(location=None),
         steps=[('numerical_imputer',
                 TransformerWrapper(include=[], transformer=SimpleImputer())),
                ('categorical_imputer',
                 TransformerWrapper(include=['age', 'edu_level', 'fav_animals',
                                             'fav_place', 'gender'],
                                    transformer=SimpleImputer(strategy='most_frequent'))),
                ('ordinal_encoding',
                 TransformerWrapper(include=['gender'],
                                    transfo...
                                                               mapping=[{'col': 'gender',
                                                                         'data_type': dtype('O'),
                                                                         'mapping': Kobieta      0
Mê¿czyzna    1
NaN         -1
dtype: int64}]))),
                ('onehot_encoding',
                 TransformerWrapper(include=['age', 'edu_level', 'fav_animals',
                                             'fav_place'],
                                    transformer=OneHotEncoder(cols=['age',
                                                                    'edu_level',
                                                                    'fav_animals',
                                                                    'fav_place'],
                                                              handle_missing='return_nan',
                                                              use_cat_names=True))),
                ('trained_model', KMeans(random_state=123))]), ml_usecase=None)
2026-04-12 20:36:23,534:INFO:Set up data.
2026-04-12 20:36:31,456:INFO:Initializing predict_model()
2026-04-12 20:36:31,457:INFO:predict_model(self=<pycaret.clustering.oop.ClusteringExperiment object at 0x000002149C4E6AD0>, estimator=Pipeline(memory=Memory(location=None),
         steps=[('numerical_imputer',
                 TransformerWrapper(include=[], transformer=SimpleImputer())),
                ('categorical_imputer',
                 TransformerWrapper(include=['age', 'edu_level', 'fav_animals',
                                             'fav_place', 'gender'],
                                    transformer=SimpleImputer(strategy='most_frequent'))),
                ('ordinal_encoding',
                 TransformerWrapper(include=['gender'],
                                    transfo...
                                                               mapping=[{'col': 'gender',
                                                                         'data_type': dtype('O'),
                                                                         'mapping': Kobieta      0
Mê¿czyzna    1
NaN         -1
dtype: int64}]))),
                ('onehot_encoding',
                 TransformerWrapper(include=['age', 'edu_level', 'fav_animals',
                                             'fav_place'],
                                    transformer=OneHotEncoder(cols=['age',
                                                                    'edu_level',
                                                                    'fav_animals',
                                                                    'fav_place'],
                                                              handle_missing='return_nan',
                                                              use_cat_names=True))),
                ('trained_model', KMeans(random_state=123))]), ml_usecase=None)
2026-04-12 20:36:31,457:INFO:Set up data.
2026-04-12 20:36:41,508:INFO:Initializing predict_model()
2026-04-12 20:36:41,509:INFO:predict_model(self=<pycaret.clustering.oop.ClusteringExperiment object at 0x0000021496D21950>, estimator=Pipeline(memory=Memory(location=None),
         steps=[('numerical_imputer',
                 TransformerWrapper(include=[], transformer=SimpleImputer())),
                ('categorical_imputer',
                 TransformerWrapper(include=['age', 'edu_level', 'fav_animals',
                                             'fav_place', 'gender'],
                                    transformer=SimpleImputer(strategy='most_frequent'))),
                ('ordinal_encoding',
                 TransformerWrapper(include=['gender'],
                                    transfo...
                                                               mapping=[{'col': 'gender',
                                                                         'data_type': dtype('O'),
                                                                         'mapping': Kobieta      0
Mê¿czyzna    1
NaN         -1
dtype: int64}]))),
                ('onehot_encoding',
                 TransformerWrapper(include=['age', 'edu_level', 'fav_animals',
                                             'fav_place'],
                                    transformer=OneHotEncoder(cols=['age',
                                                                    'edu_level',
                                                                    'fav_animals',
                                                                    'fav_place'],
                                                              handle_missing='return_nan',
                                                              use_cat_names=True))),
                ('trained_model', KMeans(random_state=123))]), ml_usecase=None)
2026-04-12 20:36:41,510:INFO:Set up data.
2026-04-12 20:36:50,928:INFO:Initializing predict_model()
2026-04-12 20:36:50,929:INFO:predict_model(self=<pycaret.clustering.oop.ClusteringExperiment object at 0x000002149CCFD250>, estimator=Pipeline(memory=Memory(location=None),
         steps=[('numerical_imputer',
                 TransformerWrapper(include=[], transformer=SimpleImputer())),
                ('categorical_imputer',
                 TransformerWrapper(include=['age', 'edu_level', 'fav_animals',
                                             'fav_place', 'gender'],
                                    transformer=SimpleImputer(strategy='most_frequent'))),
                ('ordinal_encoding',
                 TransformerWrapper(include=['gender'],
                                    transfo...
                                                               mapping=[{'col': 'gender',
                                                                         'data_type': dtype('O'),
                                                                         'mapping': Kobieta      0
Mê¿czyzna    1
NaN         -1
dtype: int64}]))),
                ('onehot_encoding',
                 TransformerWrapper(include=['age', 'edu_level', 'fav_animals',
                                             'fav_place'],
                                    transformer=OneHotEncoder(cols=['age',
                                                                    'edu_level',
                                                                    'fav_animals',
                                                                    'fav_place'],
                                                              handle_missing='return_nan',
                                                              use_cat_names=True))),
                ('trained_model', KMeans(random_state=123))]), ml_usecase=None)
2026-04-12 20:36:50,929:INFO:Set up data.
2026-04-12 20:37:17,061:INFO:Initializing predict_model()
2026-04-12 20:37:17,061:INFO:predict_model(self=<pycaret.clustering.oop.ClusteringExperiment object at 0x00000214DC7A4A10>, estimator=Pipeline(memory=Memory(location=None),
         steps=[('numerical_imputer',
                 TransformerWrapper(include=[], transformer=SimpleImputer())),
                ('categorical_imputer',
                 TransformerWrapper(include=['age', 'edu_level', 'fav_animals',
                                             'fav_place', 'gender'],
                                    transformer=SimpleImputer(strategy='most_frequent'))),
                ('ordinal_encoding',
                 TransformerWrapper(include=['gender'],
                                    transfo...
                                                               mapping=[{'col': 'gender',
                                                                         'data_type': dtype('O'),
                                                                         'mapping': Kobieta      0
Mê¿czyzna    1
NaN         -1
dtype: int64}]))),
                ('onehot_encoding',
                 TransformerWrapper(include=['age', 'edu_level', 'fav_animals',
                                             'fav_place'],
                                    transformer=OneHotEncoder(cols=['age',
                                                                    'edu_level',
                                                                    'fav_animals',
                                                                    'fav_place'],
                                                              handle_missing='return_nan',
                                                              use_cat_names=True))),
                ('trained_model', KMeans(random_state=123))]), ml_usecase=None)
2026-04-12 20:37:17,061:INFO:Set up data.
2026-04-12 20:37:42,477:INFO:Initializing predict_model()
2026-04-12 20:37:42,478:INFO:predict_model(self=<pycaret.clustering.oop.ClusteringExperiment object at 0x000002149CCC1950>, estimator=Pipeline(memory=Memory(location=None),
         steps=[('numerical_imputer',
                 TransformerWrapper(include=[], transformer=SimpleImputer())),
                ('categorical_imputer',
                 TransformerWrapper(include=['age', 'edu_level', 'fav_animals',
                                             'fav_place', 'gender'],
                                    transformer=SimpleImputer(strategy='most_frequent'))),
                ('ordinal_encoding',
                 TransformerWrapper(include=['gender'],
                                    transfo...
                                                               mapping=[{'col': 'gender',
                                                                         'data_type': dtype('O'),
                                                                         'mapping': Kobieta      0
Mê¿czyzna    1
NaN         -1
dtype: int64}]))),
                ('onehot_encoding',
                 TransformerWrapper(include=['age', 'edu_level', 'fav_animals',
                                             'fav_place'],
                                    transformer=OneHotEncoder(cols=['age',
                                                                    'edu_level',
                                                                    'fav_animals',
                                                                    'fav_place'],
                                                              handle_missing='return_nan',
                                                              use_cat_names=True))),
                ('trained_model', KMeans(random_state=123))]), ml_usecase=None)
2026-04-12 20:37:42,478:INFO:Set up data.
2026-04-12 20:37:43,795:INFO:Initializing predict_model()
2026-04-12 20:37:43,795:INFO:predict_model(self=<pycaret.clustering.oop.ClusteringExperiment object at 0x000002149D15B3D0>, estimator=Pipeline(memory=Memory(location=None),
         steps=[('numerical_imputer',
                 TransformerWrapper(include=[], transformer=SimpleImputer())),
                ('categorical_imputer',
                 TransformerWrapper(include=['age', 'edu_level', 'fav_animals',
                                             'fav_place', 'gender'],
                                    transformer=SimpleImputer(strategy='most_frequent'))),
                ('ordinal_encoding',
                 TransformerWrapper(include=['gender'],
                                    transfo...
                                                               mapping=[{'col': 'gender',
                                                                         'data_type': dtype('O'),
                                                                         'mapping': Kobieta      0
Mê¿czyzna    1
NaN         -1
dtype: int64}]))),
                ('onehot_encoding',
                 TransformerWrapper(include=['age', 'edu_level', 'fav_animals',
                                             'fav_place'],
                                    transformer=OneHotEncoder(cols=['age',
                                                                    'edu_level',
                                                                    'fav_animals',
                                                                    'fav_place'],
                                                              handle_missing='return_nan',
                                                              use_cat_names=True))),
                ('trained_model', KMeans(random_state=123))]), ml_usecase=None)
2026-04-12 20:37:43,796:INFO:Set up data.
2026-04-12 20:38:02,819:INFO:Initializing predict_model()
2026-04-12 20:38:02,819:INFO:predict_model(self=<pycaret.clustering.oop.ClusteringExperiment object at 0x000002149C70C390>, estimator=Pipeline(memory=Memory(location=None),
         steps=[('numerical_imputer',
                 TransformerWrapper(include=[], transformer=SimpleImputer())),
                ('categorical_imputer',
                 TransformerWrapper(include=['age', 'edu_level', 'fav_animals',
                                             'fav_place', 'gender'],
                                    transformer=SimpleImputer(strategy='most_frequent'))),
                ('ordinal_encoding',
                 TransformerWrapper(include=['gender'],
                                    transfo...
                                                               mapping=[{'col': 'gender',
                                                                         'data_type': dtype('O'),
                                                                         'mapping': Kobieta      0
Mê¿czyzna    1
NaN         -1
dtype: int64}]))),
                ('onehot_encoding',
                 TransformerWrapper(include=['age', 'edu_level', 'fav_animals',
                                             'fav_place'],
                                    transformer=OneHotEncoder(cols=['age',
                                                                    'edu_level',
                                                                    'fav_animals',
                                                                    'fav_place'],
                                                              handle_missing='return_nan',
                                                              use_cat_names=True))),
                ('trained_model', KMeans(random_state=123))]), ml_usecase=None)
2026-04-12 20:38:02,820:INFO:Set up data.
2026-04-12 20:38:11,147:INFO:Initializing predict_model()
2026-04-12 20:38:11,147:INFO:predict_model(self=<pycaret.clustering.oop.ClusteringExperiment object at 0x00000214F8A8AFD0>, estimator=Pipeline(memory=Memory(location=None),
         steps=[('numerical_imputer',
                 TransformerWrapper(include=[], transformer=SimpleImputer())),
                ('categorical_imputer',
                 TransformerWrapper(include=['age', 'edu_level', 'fav_animals',
                                             'fav_place', 'gender'],
                                    transformer=SimpleImputer(strategy='most_frequent'))),
                ('ordinal_encoding',
                 TransformerWrapper(include=['gender'],
                                    transfo...
                                                               mapping=[{'col': 'gender',
                                                                         'data_type': dtype('O'),
                                                                         'mapping': Kobieta      0
Mê¿czyzna    1
NaN         -1
dtype: int64}]))),
                ('onehot_encoding',
                 TransformerWrapper(include=['age', 'edu_level', 'fav_animals',
                                             'fav_place'],
                                    transformer=OneHotEncoder(cols=['age',
                                                                    'edu_level',
                                                                    'fav_animals',
                                                                    'fav_place'],
                                                              handle_missing='return_nan',
                                                              use_cat_names=True))),
                ('trained_model', KMeans(random_state=123))]), ml_usecase=None)
2026-04-12 20:38:11,148:INFO:Set up data.
2026-04-12 20:38:56,358:INFO:Initializing predict_model()
2026-04-12 20:38:56,359:INFO:predict_model(self=<pycaret.clustering.oop.ClusteringExperiment object at 0x00000214E1A62210>, estimator=Pipeline(memory=Memory(location=None),
         steps=[('numerical_imputer',
                 TransformerWrapper(include=[], transformer=SimpleImputer())),
                ('categorical_imputer',
                 TransformerWrapper(include=['age', 'edu_level', 'fav_animals',
                                             'fav_place', 'gender'],
                                    transformer=SimpleImputer(strategy='most_frequent'))),
                ('ordinal_encoding',
                 TransformerWrapper(include=['gender'],
                                    transfo...
                                                               mapping=[{'col': 'gender',
                                                                         'data_type': dtype('O'),
                                                                         'mapping': Kobieta      0
Mê¿czyzna    1
NaN         -1
dtype: int64}]))),
                ('onehot_encoding',
                 TransformerWrapper(include=['age', 'edu_level', 'fav_animals',
                                             'fav_place'],
                                    transformer=OneHotEncoder(cols=['age',
                                                                    'edu_level',
                                                                    'fav_animals',
                                                                    'fav_place'],
                                                              handle_missing='return_nan',
                                                              use_cat_names=True))),
                ('trained_model', KMeans(random_state=123))]), ml_usecase=None)
2026-04-12 20:38:56,359:INFO:Set up data.
2026-04-12 20:39:00,786:INFO:Initializing predict_model()
2026-04-12 20:39:00,786:INFO:predict_model(self=<pycaret.clustering.oop.ClusteringExperiment object at 0x00000214DCDC6CD0>, estimator=Pipeline(memory=Memory(location=None),
         steps=[('numerical_imputer',
                 TransformerWrapper(include=[], transformer=SimpleImputer())),
                ('categorical_imputer',
                 TransformerWrapper(include=['age', 'edu_level', 'fav_animals',
                                             'fav_place', 'gender'],
                                    transformer=SimpleImputer(strategy='most_frequent'))),
                ('ordinal_encoding',
                 TransformerWrapper(include=['gender'],
                                    transfo...
                                                               mapping=[{'col': 'gender',
                                                                         'data_type': dtype('O'),
                                                                         'mapping': Kobieta      0
Mê¿czyzna    1
NaN         -1
dtype: int64}]))),
                ('onehot_encoding',
                 TransformerWrapper(include=['age', 'edu_level', 'fav_animals',
                                             'fav_place'],
                                    transformer=OneHotEncoder(cols=['age',
                                                                    'edu_level',
                                                                    'fav_animals',
                                                                    'fav_place'],
                                                              handle_missing='return_nan',
                                                              use_cat_names=True))),
                ('trained_model', KMeans(random_state=123))]), ml_usecase=None)
2026-04-12 20:39:00,786:INFO:Set up data.
2026-04-12 20:39:04,110:INFO:Initializing predict_model()
2026-04-12 20:39:04,111:INFO:predict_model(self=<pycaret.clustering.oop.ClusteringExperiment object at 0x000002149CCFEC90>, estimator=Pipeline(memory=Memory(location=None),
         steps=[('numerical_imputer',
                 TransformerWrapper(include=[], transformer=SimpleImputer())),
                ('categorical_imputer',
                 TransformerWrapper(include=['age', 'edu_level', 'fav_animals',
                                             'fav_place', 'gender'],
                                    transformer=SimpleImputer(strategy='most_frequent'))),
                ('ordinal_encoding',
                 TransformerWrapper(include=['gender'],
                                    transfo...
                                                               mapping=[{'col': 'gender',
                                                                         'data_type': dtype('O'),
                                                                         'mapping': Kobieta      0
Mê¿czyzna    1
NaN         -1
dtype: int64}]))),
                ('onehot_encoding',
                 TransformerWrapper(include=['age', 'edu_level', 'fav_animals',
                                             'fav_place'],
                                    transformer=OneHotEncoder(cols=['age',
                                                                    'edu_level',
                                                                    'fav_animals',
                                                                    'fav_place'],
                                                              handle_missing='return_nan',
                                                              use_cat_names=True))),
                ('trained_model', KMeans(random_state=123))]), ml_usecase=None)
2026-04-12 20:39:04,111:INFO:Set up data.
2026-04-12 20:39:08,210:INFO:Initializing predict_model()
2026-04-12 20:39:08,211:INFO:predict_model(self=<pycaret.clustering.oop.ClusteringExperiment object at 0x00000214E18BCC50>, estimator=Pipeline(memory=Memory(location=None),
         steps=[('numerical_imputer',
                 TransformerWrapper(include=[], transformer=SimpleImputer())),
                ('categorical_imputer',
                 TransformerWrapper(include=['age', 'edu_level', 'fav_animals',
                                             'fav_place', 'gender'],
                                    transformer=SimpleImputer(strategy='most_frequent'))),
                ('ordinal_encoding',
                 TransformerWrapper(include=['gender'],
                                    transfo...
                                                               mapping=[{'col': 'gender',
                                                                         'data_type': dtype('O'),
                                                                         'mapping': Kobieta      0
Mê¿czyzna    1
NaN         -1
dtype: int64}]))),
                ('onehot_encoding',
                 TransformerWrapper(include=['age', 'edu_level', 'fav_animals',
                                             'fav_place'],
                                    transformer=OneHotEncoder(cols=['age',
                                                                    'edu_level',
                                                                    'fav_animals',
                                                                    'fav_place'],
                                                              handle_missing='return_nan',
                                                              use_cat_names=True))),
                ('trained_model', KMeans(random_state=123))]), ml_usecase=None)
2026-04-12 20:39:08,211:INFO:Set up data.
2026-04-12 20:39:21,490:INFO:Initializing predict_model()
2026-04-12 20:39:21,491:INFO:predict_model(self=<pycaret.clustering.oop.ClusteringExperiment object at 0x000002149C733510>, estimator=Pipeline(memory=Memory(location=None),
         steps=[('numerical_imputer',
                 TransformerWrapper(include=[], transformer=SimpleImputer())),
                ('categorical_imputer',
                 TransformerWrapper(include=['age', 'edu_level', 'fav_animals',
                                             'fav_place', 'gender'],
                                    transformer=SimpleImputer(strategy='most_frequent'))),
                ('ordinal_encoding',
                 TransformerWrapper(include=['gender'],
                                    transfo...
                                                               mapping=[{'col': 'gender',
                                                                         'data_type': dtype('O'),
                                                                         'mapping': Kobieta      0
Mê¿czyzna    1
NaN         -1
dtype: int64}]))),
                ('onehot_encoding',
                 TransformerWrapper(include=['age', 'edu_level', 'fav_animals',
                                             'fav_place'],
                                    transformer=OneHotEncoder(cols=['age',
                                                                    'edu_level',
                                                                    'fav_animals',
                                                                    'fav_place'],
                                                              handle_missing='return_nan',
                                                              use_cat_names=True))),
                ('trained_model', KMeans(random_state=123))]), ml_usecase=None)
2026-04-12 20:39:21,492:INFO:Set up data.
2026-04-12 20:39:23,151:INFO:Initializing predict_model()
2026-04-12 20:39:23,151:INFO:predict_model(self=<pycaret.clustering.oop.ClusteringExperiment object at 0x000002149CC78450>, estimator=Pipeline(memory=Memory(location=None),
         steps=[('numerical_imputer',
                 TransformerWrapper(include=[], transformer=SimpleImputer())),
                ('categorical_imputer',
                 TransformerWrapper(include=['age', 'edu_level', 'fav_animals',
                                             'fav_place', 'gender'],
                                    transformer=SimpleImputer(strategy='most_frequent'))),
                ('ordinal_encoding',
                 TransformerWrapper(include=['gender'],
                                    transfo...
                                                               mapping=[{'col': 'gender',
                                                                         'data_type': dtype('O'),
                                                                         'mapping': Kobieta      0
Mê¿czyzna    1
NaN         -1
dtype: int64}]))),
                ('onehot_encoding',
                 TransformerWrapper(include=['age', 'edu_level', 'fav_animals',
                                             'fav_place'],
                                    transformer=OneHotEncoder(cols=['age',
                                                                    'edu_level',
                                                                    'fav_animals',
                                                                    'fav_place'],
                                                              handle_missing='return_nan',
                                                              use_cat_names=True))),
                ('trained_model', KMeans(random_state=123))]), ml_usecase=None)
2026-04-12 20:39:23,152:INFO:Set up data.
2026-04-12 20:39:26,671:INFO:Initializing predict_model()
2026-04-12 20:39:26,671:INFO:predict_model(self=<pycaret.clustering.oop.ClusteringExperiment object at 0x000002149C504450>, estimator=Pipeline(memory=Memory(location=None),
         steps=[('numerical_imputer',
                 TransformerWrapper(include=[], transformer=SimpleImputer())),
                ('categorical_imputer',
                 TransformerWrapper(include=['age', 'edu_level', 'fav_animals',
                                             'fav_place', 'gender'],
                                    transformer=SimpleImputer(strategy='most_frequent'))),
                ('ordinal_encoding',
                 TransformerWrapper(include=['gender'],
                                    transfo...
                                                               mapping=[{'col': 'gender',
                                                                         'data_type': dtype('O'),
                                                                         'mapping': Kobieta      0
Mê¿czyzna    1
NaN         -1
dtype: int64}]))),
                ('onehot_encoding',
                 TransformerWrapper(include=['age', 'edu_level', 'fav_animals',
                                             'fav_place'],
                                    transformer=OneHotEncoder(cols=['age',
                                                                    'edu_level',
                                                                    'fav_animals',
                                                                    'fav_place'],
                                                              handle_missing='return_nan',
                                                              use_cat_names=True))),
                ('trained_model', KMeans(random_state=123))]), ml_usecase=None)
2026-04-12 20:39:26,672:INFO:Set up data.
2026-04-12 20:39:33,390:INFO:Initializing predict_model()
2026-04-12 20:39:33,390:INFO:predict_model(self=<pycaret.clustering.oop.ClusteringExperiment object at 0x000002149C9E5E50>, estimator=Pipeline(memory=Memory(location=None),
         steps=[('numerical_imputer',
                 TransformerWrapper(include=[], transformer=SimpleImputer())),
                ('categorical_imputer',
                 TransformerWrapper(include=['age', 'edu_level', 'fav_animals',
                                             'fav_place', 'gender'],
                                    transformer=SimpleImputer(strategy='most_frequent'))),
                ('ordinal_encoding',
                 TransformerWrapper(include=['gender'],
                                    transfo...
                                                               mapping=[{'col': 'gender',
                                                                         'data_type': dtype('O'),
                                                                         'mapping': Kobieta      0
Mê¿czyzna    1
NaN         -1
dtype: int64}]))),
                ('onehot_encoding',
                 TransformerWrapper(include=['age', 'edu_level', 'fav_animals',
                                             'fav_place'],
                                    transformer=OneHotEncoder(cols=['age',
                                                                    'edu_level',
                                                                    'fav_animals',
                                                                    'fav_place'],
                                                              handle_missing='return_nan',
                                                              use_cat_names=True))),
                ('trained_model', KMeans(random_state=123))]), ml_usecase=None)
2026-04-12 20:39:33,391:INFO:Set up data.
2026-04-12 20:39:50,973:INFO:Initializing predict_model()
2026-04-12 20:39:50,974:INFO:predict_model(self=<pycaret.clustering.oop.ClusteringExperiment object at 0x000002149D23F0D0>, estimator=Pipeline(memory=Memory(location=None),
         steps=[('numerical_imputer',
                 TransformerWrapper(include=[], transformer=SimpleImputer())),
                ('categorical_imputer',
                 TransformerWrapper(include=['age', 'edu_level', 'fav_animals',
                                             'fav_place', 'gender'],
                                    transformer=SimpleImputer(strategy='most_frequent'))),
                ('ordinal_encoding',
                 TransformerWrapper(include=['gender'],
                                    transfo...
                                                               mapping=[{'col': 'gender',
                                                                         'data_type': dtype('O'),
                                                                         'mapping': Kobieta      0
Mê¿czyzna    1
NaN         -1
dtype: int64}]))),
                ('onehot_encoding',
                 TransformerWrapper(include=['age', 'edu_level', 'fav_animals',
                                             'fav_place'],
                                    transformer=OneHotEncoder(cols=['age',
                                                                    'edu_level',
                                                                    'fav_animals',
                                                                    'fav_place'],
                                                              handle_missing='return_nan',
                                                              use_cat_names=True))),
                ('trained_model', KMeans(random_state=123))]), ml_usecase=None)
2026-04-12 20:39:50,974:INFO:Set up data.
2026-04-12 20:39:56,369:INFO:Initializing predict_model()
2026-04-12 20:39:56,369:INFO:predict_model(self=<pycaret.clustering.oop.ClusteringExperiment object at 0x00000214E1B298D0>, estimator=Pipeline(memory=Memory(location=None),
         steps=[('numerical_imputer',
                 TransformerWrapper(include=[], transformer=SimpleImputer())),
                ('categorical_imputer',
                 TransformerWrapper(include=['age', 'edu_level', 'fav_animals',
                                             'fav_place', 'gender'],
                                    transformer=SimpleImputer(strategy='most_frequent'))),
                ('ordinal_encoding',
                 TransformerWrapper(include=['gender'],
                                    transfo...
                                                               mapping=[{'col': 'gender',
                                                                         'data_type': dtype('O'),
                                                                         'mapping': Kobieta      0
Mê¿czyzna    1
NaN         -1
dtype: int64}]))),
                ('onehot_encoding',
                 TransformerWrapper(include=['age', 'edu_level', 'fav_animals',
                                             'fav_place'],
                                    transformer=OneHotEncoder(cols=['age',
                                                                    'edu_level',
                                                                    'fav_animals',
                                                                    'fav_place'],
                                                              handle_missing='return_nan',
                                                              use_cat_names=True))),
                ('trained_model', KMeans(random_state=123))]), ml_usecase=None)
2026-04-12 20:39:56,369:INFO:Set up data.
2026-04-12 20:40:08,832:INFO:Initializing predict_model()
2026-04-12 20:40:08,832:INFO:predict_model(self=<pycaret.clustering.oop.ClusteringExperiment object at 0x000002149CCB0290>, estimator=Pipeline(memory=Memory(location=None),
         steps=[('numerical_imputer',
                 TransformerWrapper(include=[], transformer=SimpleImputer())),
                ('categorical_imputer',
                 TransformerWrapper(include=['age', 'edu_level', 'fav_animals',
                                             'fav_place', 'gender'],
                                    transformer=SimpleImputer(strategy='most_frequent'))),
                ('ordinal_encoding',
                 TransformerWrapper(include=['gender'],
                                    transfo...
                                                               mapping=[{'col': 'gender',
                                                                         'data_type': dtype('O'),
                                                                         'mapping': Kobieta      0
Mê¿czyzna    1
NaN         -1
dtype: int64}]))),
                ('onehot_encoding',
                 TransformerWrapper(include=['age', 'edu_level', 'fav_animals',
                                             'fav_place'],
                                    transformer=OneHotEncoder(cols=['age',
                                                                    'edu_level',
                                                                    'fav_animals',
                                                                    'fav_place'],
                                                              handle_missing='return_nan',
                                                              use_cat_names=True))),
                ('trained_model', KMeans(random_state=123))]), ml_usecase=None)
2026-04-12 20:40:08,833:INFO:Set up data.
2026-04-12 20:40:18,607:INFO:Initializing predict_model()
2026-04-12 20:40:18,607:INFO:predict_model(self=<pycaret.clustering.oop.ClusteringExperiment object at 0x000002149CCA2050>, estimator=Pipeline(memory=Memory(location=None),
         steps=[('numerical_imputer',
                 TransformerWrapper(include=[], transformer=SimpleImputer())),
                ('categorical_imputer',
                 TransformerWrapper(include=['age', 'edu_level', 'fav_animals',
                                             'fav_place', 'gender'],
                                    transformer=SimpleImputer(strategy='most_frequent'))),
                ('ordinal_encoding',
                 TransformerWrapper(include=['gender'],
                                    transfo...
                                                               mapping=[{'col': 'gender',
                                                                         'data_type': dtype('O'),
                                                                         'mapping': Kobieta      0
Mê¿czyzna    1
NaN         -1
dtype: int64}]))),
                ('onehot_encoding',
                 TransformerWrapper(include=['age', 'edu_level', 'fav_animals',
                                             'fav_place'],
                                    transformer=OneHotEncoder(cols=['age',
                                                                    'edu_level',
                                                                    'fav_animals',
                                                                    'fav_place'],
                                                              handle_missing='return_nan',
                                                              use_cat_names=True))),
                ('trained_model', KMeans(random_state=123))]), ml_usecase=None)
2026-04-12 20:40:18,608:INFO:Set up data.
2026-04-12 20:40:32,714:INFO:Initializing predict_model()
2026-04-12 20:40:32,715:INFO:predict_model(self=<pycaret.clustering.oop.ClusteringExperiment object at 0x000002149D0E9010>, estimator=Pipeline(memory=Memory(location=None),
         steps=[('numerical_imputer',
                 TransformerWrapper(include=[], transformer=SimpleImputer())),
                ('categorical_imputer',
                 TransformerWrapper(include=['age', 'edu_level', 'fav_animals',
                                             'fav_place', 'gender'],
                                    transformer=SimpleImputer(strategy='most_frequent'))),
                ('ordinal_encoding',
                 TransformerWrapper(include=['gender'],
                                    transfo...
                                                               mapping=[{'col': 'gender',
                                                                         'data_type': dtype('O'),
                                                                         'mapping': Kobieta      0
Mê¿czyzna    1
NaN         -1
dtype: int64}]))),
                ('onehot_encoding',
                 TransformerWrapper(include=['age', 'edu_level', 'fav_animals',
                                             'fav_place'],
                                    transformer=OneHotEncoder(cols=['age',
                                                                    'edu_level',
                                                                    'fav_animals',
                                                                    'fav_place'],
                                                              handle_missing='return_nan',
                                                              use_cat_names=True))),
                ('trained_model', KMeans(random_state=123))]), ml_usecase=None)
2026-04-12 20:40:32,715:INFO:Set up data.
2026-04-12 20:40:35,966:INFO:Initializing predict_model()
2026-04-12 20:40:35,967:INFO:predict_model(self=<pycaret.clustering.oop.ClusteringExperiment object at 0x000002149C9D0F10>, estimator=Pipeline(memory=Memory(location=None),
         steps=[('numerical_imputer',
                 TransformerWrapper(include=[], transformer=SimpleImputer())),
                ('categorical_imputer',
                 TransformerWrapper(include=['age', 'edu_level', 'fav_animals',
                                             'fav_place', 'gender'],
                                    transformer=SimpleImputer(strategy='most_frequent'))),
                ('ordinal_encoding',
                 TransformerWrapper(include=['gender'],
                                    transfo...
                                                               mapping=[{'col': 'gender',
                                                                         'data_type': dtype('O'),
                                                                         'mapping': Kobieta      0
Mê¿czyzna    1
NaN         -1
dtype: int64}]))),
                ('onehot_encoding',
                 TransformerWrapper(include=['age', 'edu_level', 'fav_animals',
                                             'fav_place'],
                                    transformer=OneHotEncoder(cols=['age',
                                                                    'edu_level',
                                                                    'fav_animals',
                                                                    'fav_place'],
                                                              handle_missing='return_nan',
                                                              use_cat_names=True))),
                ('trained_model', KMeans(random_state=123))]), ml_usecase=None)
2026-04-12 20:40:35,968:INFO:Set up data.
2026-04-12 20:40:39,534:INFO:Initializing predict_model()
2026-04-12 20:40:39,534:INFO:predict_model(self=<pycaret.clustering.oop.ClusteringExperiment object at 0x00000214E1B28C10>, estimator=Pipeline(memory=Memory(location=None),
         steps=[('numerical_imputer',
                 TransformerWrapper(include=[], transformer=SimpleImputer())),
                ('categorical_imputer',
                 TransformerWrapper(include=['age', 'edu_level', 'fav_animals',
                                             'fav_place', 'gender'],
                                    transformer=SimpleImputer(strategy='most_frequent'))),
                ('ordinal_encoding',
                 TransformerWrapper(include=['gender'],
                                    transfo...
                                                               mapping=[{'col': 'gender',
                                                                         'data_type': dtype('O'),
                                                                         'mapping': Kobieta      0
Mê¿czyzna    1
NaN         -1
dtype: int64}]))),
                ('onehot_encoding',
                 TransformerWrapper(include=['age', 'edu_level', 'fav_animals',
                                             'fav_place'],
                                    transformer=OneHotEncoder(cols=['age',
                                                                    'edu_level',
                                                                    'fav_animals',
                                                                    'fav_place'],
                                                              handle_missing='return_nan',
                                                              use_cat_names=True))),
                ('trained_model', KMeans(random_state=123))]), ml_usecase=None)
2026-04-12 20:40:39,536:INFO:Set up data.
2026-04-12 20:41:10,054:INFO:Initializing predict_model()
2026-04-12 20:41:10,056:INFO:predict_model(self=<pycaret.clustering.oop.ClusteringExperiment object at 0x00000214E18D97D0>, estimator=Pipeline(memory=Memory(location=None),
         steps=[('numerical_imputer',
                 TransformerWrapper(include=[], transformer=SimpleImputer())),
                ('categorical_imputer',
                 TransformerWrapper(include=['age', 'edu_level', 'fav_animals',
                                             'fav_place', 'gender'],
                                    transformer=SimpleImputer(strategy='most_frequent'))),
                ('ordinal_encoding',
                 TransformerWrapper(include=['gender'],
                                    transfo...
                                                               mapping=[{'col': 'gender',
                                                                         'data_type': dtype('O'),
                                                                         'mapping': Kobieta      0
Mê¿czyzna    1
NaN         -1
dtype: int64}]))),
                ('onehot_encoding',
                 TransformerWrapper(include=['age', 'edu_level', 'fav_animals',
                                             'fav_place'],
                                    transformer=OneHotEncoder(cols=['age',
                                                                    'edu_level',
                                                                    'fav_animals',
                                                                    'fav_place'],
                                                              handle_missing='return_nan',
                                                              use_cat_names=True))),
                ('trained_model', KMeans(random_state=123))]), ml_usecase=None)
2026-04-12 20:41:10,056:INFO:Set up data.
2026-04-12 20:41:20,074:INFO:Initializing predict_model()
2026-04-12 20:41:20,075:INFO:predict_model(self=<pycaret.clustering.oop.ClusteringExperiment object at 0x000002149D0373D0>, estimator=Pipeline(memory=Memory(location=None),
         steps=[('numerical_imputer',
                 TransformerWrapper(include=[], transformer=SimpleImputer())),
                ('categorical_imputer',
                 TransformerWrapper(include=['age', 'edu_level', 'fav_animals',
                                             'fav_place', 'gender'],
                                    transformer=SimpleImputer(strategy='most_frequent'))),
                ('ordinal_encoding',
                 TransformerWrapper(include=['gender'],
                                    transfo...
                                                               mapping=[{'col': 'gender',
                                                                         'data_type': dtype('O'),
                                                                         'mapping': Kobieta      0
Mê¿czyzna    1
NaN         -1
dtype: int64}]))),
                ('onehot_encoding',
                 TransformerWrapper(include=['age', 'edu_level', 'fav_animals',
                                             'fav_place'],
                                    transformer=OneHotEncoder(cols=['age',
                                                                    'edu_level',
                                                                    'fav_animals',
                                                                    'fav_place'],
                                                              handle_missing='return_nan',
                                                              use_cat_names=True))),
                ('trained_model', KMeans(random_state=123))]), ml_usecase=None)
2026-04-12 20:41:20,075:INFO:Set up data.
2026-04-12 20:41:32,747:INFO:Initializing predict_model()
2026-04-12 20:41:32,747:INFO:predict_model(self=<pycaret.clustering.oop.ClusteringExperiment object at 0x000002149D02AB90>, estimator=Pipeline(memory=Memory(location=None),
         steps=[('numerical_imputer',
                 TransformerWrapper(include=[], transformer=SimpleImputer())),
                ('categorical_imputer',
                 TransformerWrapper(include=['age', 'edu_level', 'fav_animals',
                                             'fav_place', 'gender'],
                                    transformer=SimpleImputer(strategy='most_frequent'))),
                ('ordinal_encoding',
                 TransformerWrapper(include=['gender'],
                                    transfo...
                                                               mapping=[{'col': 'gender',
                                                                         'data_type': dtype('O'),
                                                                         'mapping': Kobieta      0
Mê¿czyzna    1
NaN         -1
dtype: int64}]))),
                ('onehot_encoding',
                 TransformerWrapper(include=['age', 'edu_level', 'fav_animals',
                                             'fav_place'],
                                    transformer=OneHotEncoder(cols=['age',
                                                                    'edu_level',
                                                                    'fav_animals',
                                                                    'fav_place'],
                                                              handle_missing='return_nan',
                                                              use_cat_names=True))),
                ('trained_model', KMeans(random_state=123))]), ml_usecase=None)
2026-04-12 20:41:32,748:INFO:Set up data.
2026-04-12 20:41:36,047:INFO:Initializing predict_model()
2026-04-12 20:41:36,047:INFO:predict_model(self=<pycaret.clustering.oop.ClusteringExperiment object at 0x000002149D4BE650>, estimator=Pipeline(memory=Memory(location=None),
         steps=[('numerical_imputer',
                 TransformerWrapper(include=[], transformer=SimpleImputer())),
                ('categorical_imputer',
                 TransformerWrapper(include=['age', 'edu_level', 'fav_animals',
                                             'fav_place', 'gender'],
                                    transformer=SimpleImputer(strategy='most_frequent'))),
                ('ordinal_encoding',
                 TransformerWrapper(include=['gender'],
                                    transfo...
                                                               mapping=[{'col': 'gender',
                                                                         'data_type': dtype('O'),
                                                                         'mapping': Kobieta      0
Mê¿czyzna    1
NaN         -1
dtype: int64}]))),
                ('onehot_encoding',
                 TransformerWrapper(include=['age', 'edu_level', 'fav_animals',
                                             'fav_place'],
                                    transformer=OneHotEncoder(cols=['age',
                                                                    'edu_level',
                                                                    'fav_animals',
                                                                    'fav_place'],
                                                              handle_missing='return_nan',
                                                              use_cat_names=True))),
                ('trained_model', KMeans(random_state=123))]), ml_usecase=None)
2026-04-12 20:41:36,048:INFO:Set up data.
2026-04-12 20:41:59,819:INFO:Initializing predict_model()
2026-04-12 20:41:59,820:INFO:predict_model(self=<pycaret.clustering.oop.ClusteringExperiment object at 0x000002149C6B29D0>, estimator=Pipeline(memory=Memory(location=None),
         steps=[('numerical_imputer',
                 TransformerWrapper(include=[], transformer=SimpleImputer())),
                ('categorical_imputer',
                 TransformerWrapper(include=['age', 'edu_level', 'fav_animals',
                                             'fav_place', 'gender'],
                                    transformer=SimpleImputer(strategy='most_frequent'))),
                ('ordinal_encoding',
                 TransformerWrapper(include=['gender'],
                                    transfo...
                                                               mapping=[{'col': 'gender',
                                                                         'data_type': dtype('O'),
                                                                         'mapping': Kobieta      0
Mê¿czyzna    1
NaN         -1
dtype: int64}]))),
                ('onehot_encoding',
                 TransformerWrapper(include=['age', 'edu_level', 'fav_animals',
                                             'fav_place'],
                                    transformer=OneHotEncoder(cols=['age',
                                                                    'edu_level',
                                                                    'fav_animals',
                                                                    'fav_place'],
                                                              handle_missing='return_nan',
                                                              use_cat_names=True))),
                ('trained_model', KMeans(random_state=123))]), ml_usecase=None)
2026-04-12 20:41:59,821:INFO:Set up data.
2026-04-12 20:42:07,737:INFO:Initializing predict_model()
2026-04-12 20:42:07,738:INFO:predict_model(self=<pycaret.clustering.oop.ClusteringExperiment object at 0x000002149D100150>, estimator=Pipeline(memory=Memory(location=None),
         steps=[('numerical_imputer',
                 TransformerWrapper(include=[], transformer=SimpleImputer())),
                ('categorical_imputer',
                 TransformerWrapper(include=['age', 'edu_level', 'fav_animals',
                                             'fav_place', 'gender'],
                                    transformer=SimpleImputer(strategy='most_frequent'))),
                ('ordinal_encoding',
                 TransformerWrapper(include=['gender'],
                                    transfo...
                                                               mapping=[{'col': 'gender',
                                                                         'data_type': dtype('O'),
                                                                         'mapping': Kobieta      0
Mê¿czyzna    1
NaN         -1
dtype: int64}]))),
                ('onehot_encoding',
                 TransformerWrapper(include=['age', 'edu_level', 'fav_animals',
                                             'fav_place'],
                                    transformer=OneHotEncoder(cols=['age',
                                                                    'edu_level',
                                                                    'fav_animals',
                                                                    'fav_place'],
                                                              handle_missing='return_nan',
                                                              use_cat_names=True))),
                ('trained_model', KMeans(random_state=123))]), ml_usecase=None)
2026-04-12 20:42:07,738:INFO:Set up data.
2026-04-12 20:42:21,745:INFO:Initializing predict_model()
2026-04-12 20:42:21,746:INFO:predict_model(self=<pycaret.clustering.oop.ClusteringExperiment object at 0x000002149C9A9550>, estimator=Pipeline(memory=Memory(location=None),
         steps=[('numerical_imputer',
                 TransformerWrapper(include=[], transformer=SimpleImputer())),
                ('categorical_imputer',
                 TransformerWrapper(include=['age', 'edu_level', 'fav_animals',
                                             'fav_place', 'gender'],
                                    transformer=SimpleImputer(strategy='most_frequent'))),
                ('ordinal_encoding',
                 TransformerWrapper(include=['gender'],
                                    transfo...
                                                               mapping=[{'col': 'gender',
                                                                         'data_type': dtype('O'),
                                                                         'mapping': Kobieta      0
Mê¿czyzna    1
NaN         -1
dtype: int64}]))),
                ('onehot_encoding',
                 TransformerWrapper(include=['age', 'edu_level', 'fav_animals',
                                             'fav_place'],
                                    transformer=OneHotEncoder(cols=['age',
                                                                    'edu_level',
                                                                    'fav_animals',
                                                                    'fav_place'],
                                                              handle_missing='return_nan',
                                                              use_cat_names=True))),
                ('trained_model', KMeans(random_state=123))]), ml_usecase=None)
2026-04-12 20:42:21,746:INFO:Set up data.
2026-04-12 20:42:32,697:INFO:Initializing predict_model()
2026-04-12 20:42:32,697:INFO:predict_model(self=<pycaret.clustering.oop.ClusteringExperiment object at 0x00000214981F2D10>, estimator=Pipeline(memory=Memory(location=None),
         steps=[('numerical_imputer',
                 TransformerWrapper(include=[], transformer=SimpleImputer())),
                ('categorical_imputer',
                 TransformerWrapper(include=['age', 'edu_level', 'fav_animals',
                                             'fav_place', 'gender'],
                                    transformer=SimpleImputer(strategy='most_frequent'))),
                ('ordinal_encoding',
                 TransformerWrapper(include=['gender'],
                                    transfo...
                                                               mapping=[{'col': 'gender',
                                                                         'data_type': dtype('O'),
                                                                         'mapping': Kobieta      0
Mê¿czyzna    1
NaN         -1
dtype: int64}]))),
                ('onehot_encoding',
                 TransformerWrapper(include=['age', 'edu_level', 'fav_animals',
                                             'fav_place'],
                                    transformer=OneHotEncoder(cols=['age',
                                                                    'edu_level',
                                                                    'fav_animals',
                                                                    'fav_place'],
                                                              handle_missing='return_nan',
                                                              use_cat_names=True))),
                ('trained_model', KMeans(random_state=123))]), ml_usecase=None)
2026-04-12 20:42:32,697:INFO:Set up data.
2026-04-12 20:42:44,736:INFO:Initializing predict_model()
2026-04-12 20:42:44,737:INFO:predict_model(self=<pycaret.clustering.oop.ClusteringExperiment object at 0x000002149D104790>, estimator=Pipeline(memory=Memory(location=None),
         steps=[('numerical_imputer',
                 TransformerWrapper(include=[], transformer=SimpleImputer())),
                ('categorical_imputer',
                 TransformerWrapper(include=['age', 'edu_level', 'fav_animals',
                                             'fav_place', 'gender'],
                                    transformer=SimpleImputer(strategy='most_frequent'))),
                ('ordinal_encoding',
                 TransformerWrapper(include=['gender'],
                                    transfo...
                                                               mapping=[{'col': 'gender',
                                                                         'data_type': dtype('O'),
                                                                         'mapping': Kobieta      0
Mê¿czyzna    1
NaN         -1
dtype: int64}]))),
                ('onehot_encoding',
                 TransformerWrapper(include=['age', 'edu_level', 'fav_animals',
                                             'fav_place'],
                                    transformer=OneHotEncoder(cols=['age',
                                                                    'edu_level',
                                                                    'fav_animals',
                                                                    'fav_place'],
                                                              handle_missing='return_nan',
                                                              use_cat_names=True))),
                ('trained_model', KMeans(random_state=123))]), ml_usecase=None)
2026-04-12 20:42:44,737:INFO:Set up data.
2026-04-12 20:42:48,182:INFO:Initializing predict_model()
2026-04-12 20:42:48,183:INFO:predict_model(self=<pycaret.clustering.oop.ClusteringExperiment object at 0x0000021496D52650>, estimator=Pipeline(memory=Memory(location=None),
         steps=[('numerical_imputer',
                 TransformerWrapper(include=[], transformer=SimpleImputer())),
                ('categorical_imputer',
                 TransformerWrapper(include=['age', 'edu_level', 'fav_animals',
                                             'fav_place', 'gender'],
                                    transformer=SimpleImputer(strategy='most_frequent'))),
                ('ordinal_encoding',
                 TransformerWrapper(include=['gender'],
                                    transfo...
                                                               mapping=[{'col': 'gender',
                                                                         'data_type': dtype('O'),
                                                                         'mapping': Kobieta      0
Mê¿czyzna    1
NaN         -1
dtype: int64}]))),
                ('onehot_encoding',
                 TransformerWrapper(include=['age', 'edu_level', 'fav_animals',
                                             'fav_place'],
                                    transformer=OneHotEncoder(cols=['age',
                                                                    'edu_level',
                                                                    'fav_animals',
                                                                    'fav_place'],
                                                              handle_missing='return_nan',
                                                              use_cat_names=True))),
                ('trained_model', KMeans(random_state=123))]), ml_usecase=None)
2026-04-12 20:42:48,184:INFO:Set up data.
2026-04-12 20:42:53,573:INFO:Initializing predict_model()
2026-04-12 20:42:53,574:INFO:predict_model(self=<pycaret.clustering.oop.ClusteringExperiment object at 0x000002149C86B510>, estimator=Pipeline(memory=Memory(location=None),
         steps=[('numerical_imputer',
                 TransformerWrapper(include=[], transformer=SimpleImputer())),
                ('categorical_imputer',
                 TransformerWrapper(include=['age', 'edu_level', 'fav_animals',
                                             'fav_place', 'gender'],
                                    transformer=SimpleImputer(strategy='most_frequent'))),
                ('ordinal_encoding',
                 TransformerWrapper(include=['gender'],
                                    transfo...
                                                               mapping=[{'col': 'gender',
                                                                         'data_type': dtype('O'),
                                                                         'mapping': Kobieta      0
Mê¿czyzna    1
NaN         -1
dtype: int64}]))),
                ('onehot_encoding',
                 TransformerWrapper(include=['age', 'edu_level', 'fav_animals',
                                             'fav_place'],
                                    transformer=OneHotEncoder(cols=['age',
                                                                    'edu_level',
                                                                    'fav_animals',
                                                                    'fav_place'],
                                                              handle_missing='return_nan',
                                                              use_cat_names=True))),
                ('trained_model', KMeans(random_state=123))]), ml_usecase=None)
2026-04-12 20:42:53,574:INFO:Set up data.
2026-04-12 20:43:01,462:INFO:Initializing predict_model()
2026-04-12 20:43:01,462:INFO:predict_model(self=<pycaret.clustering.oop.ClusteringExperiment object at 0x000002149D0E2BD0>, estimator=Pipeline(memory=Memory(location=None),
         steps=[('numerical_imputer',
                 TransformerWrapper(include=[], transformer=SimpleImputer())),
                ('categorical_imputer',
                 TransformerWrapper(include=['age', 'edu_level', 'fav_animals',
                                             'fav_place', 'gender'],
                                    transformer=SimpleImputer(strategy='most_frequent'))),
                ('ordinal_encoding',
                 TransformerWrapper(include=['gender'],
                                    transfo...
                                                               mapping=[{'col': 'gender',
                                                                         'data_type': dtype('O'),
                                                                         'mapping': Kobieta      0
Mê¿czyzna    1
NaN         -1
dtype: int64}]))),
                ('onehot_encoding',
                 TransformerWrapper(include=['age', 'edu_level', 'fav_animals',
                                             'fav_place'],
                                    transformer=OneHotEncoder(cols=['age',
                                                                    'edu_level',
                                                                    'fav_animals',
                                                                    'fav_place'],
                                                              handle_missing='return_nan',
                                                              use_cat_names=True))),
                ('trained_model', KMeans(random_state=123))]), ml_usecase=None)
2026-04-12 20:43:01,463:INFO:Set up data.
2026-04-12 20:43:12,866:INFO:Initializing predict_model()
2026-04-12 20:43:12,867:INFO:predict_model(self=<pycaret.clustering.oop.ClusteringExperiment object at 0x000002149C760BD0>, estimator=Pipeline(memory=Memory(location=None),
         steps=[('numerical_imputer',
                 TransformerWrapper(include=[], transformer=SimpleImputer())),
                ('categorical_imputer',
                 TransformerWrapper(include=['age', 'edu_level', 'fav_animals',
                                             'fav_place', 'gender'],
                                    transformer=SimpleImputer(strategy='most_frequent'))),
                ('ordinal_encoding',
                 TransformerWrapper(include=['gender'],
                                    transfo...
                                                               mapping=[{'col': 'gender',
                                                                         'data_type': dtype('O'),
                                                                         'mapping': Kobieta      0
Mê¿czyzna    1
NaN         -1
dtype: int64}]))),
                ('onehot_encoding',
                 TransformerWrapper(include=['age', 'edu_level', 'fav_animals',
                                             'fav_place'],
                                    transformer=OneHotEncoder(cols=['age',
                                                                    'edu_level',
                                                                    'fav_animals',
                                                                    'fav_place'],
                                                              handle_missing='return_nan',
                                                              use_cat_names=True))),
                ('trained_model', KMeans(random_state=123))]), ml_usecase=None)
2026-04-12 20:43:12,867:INFO:Set up data.
2026-04-12 20:43:14,816:INFO:Initializing predict_model()
2026-04-12 20:43:14,817:INFO:predict_model(self=<pycaret.clustering.oop.ClusteringExperiment object at 0x000002149D037D50>, estimator=Pipeline(memory=Memory(location=None),
         steps=[('numerical_imputer',
                 TransformerWrapper(include=[], transformer=SimpleImputer())),
                ('categorical_imputer',
                 TransformerWrapper(include=['age', 'edu_level', 'fav_animals',
                                             'fav_place', 'gender'],
                                    transformer=SimpleImputer(strategy='most_frequent'))),
                ('ordinal_encoding',
                 TransformerWrapper(include=['gender'],
                                    transfo...
                                                               mapping=[{'col': 'gender',
                                                                         'data_type': dtype('O'),
                                                                         'mapping': Kobieta      0
Mê¿czyzna    1
NaN         -1
dtype: int64}]))),
                ('onehot_encoding',
                 TransformerWrapper(include=['age', 'edu_level', 'fav_animals',
                                             'fav_place'],
                                    transformer=OneHotEncoder(cols=['age',
                                                                    'edu_level',
                                                                    'fav_animals',
                                                                    'fav_place'],
                                                              handle_missing='return_nan',
                                                              use_cat_names=True))),
                ('trained_model', KMeans(random_state=123))]), ml_usecase=None)
2026-04-12 20:43:14,817:INFO:Set up data.
2026-04-12 20:43:24,323:INFO:Initializing predict_model()
2026-04-12 20:43:24,324:INFO:predict_model(self=<pycaret.clustering.oop.ClusteringExperiment object at 0x000002149D0E5310>, estimator=Pipeline(memory=Memory(location=None),
         steps=[('numerical_imputer',
                 TransformerWrapper(include=[], transformer=SimpleImputer())),
                ('categorical_imputer',
                 TransformerWrapper(include=['age', 'edu_level', 'fav_animals',
                                             'fav_place', 'gender'],
                                    transformer=SimpleImputer(strategy='most_frequent'))),
                ('ordinal_encoding',
                 TransformerWrapper(include=['gender'],
                                    transfo...
                                                               mapping=[{'col': 'gender',
                                                                         'data_type': dtype('O'),
                                                                         'mapping': Kobieta      0
Mê¿czyzna    1
NaN         -1
dtype: int64}]))),
                ('onehot_encoding',
                 TransformerWrapper(include=['age', 'edu_level', 'fav_animals',
                                             'fav_place'],
                                    transformer=OneHotEncoder(cols=['age',
                                                                    'edu_level',
                                                                    'fav_animals',
                                                                    'fav_place'],
                                                              handle_missing='return_nan',
                                                              use_cat_names=True))),
                ('trained_model', KMeans(random_state=123))]), ml_usecase=None)
2026-04-12 20:43:24,324:INFO:Set up data.
2026-04-12 20:43:28,557:INFO:Initializing predict_model()
2026-04-12 20:43:28,558:INFO:predict_model(self=<pycaret.clustering.oop.ClusteringExperiment object at 0x00000214E188F290>, estimator=Pipeline(memory=Memory(location=None),
         steps=[('numerical_imputer',
                 TransformerWrapper(include=[], transformer=SimpleImputer())),
                ('categorical_imputer',
                 TransformerWrapper(include=['age', 'edu_level', 'fav_animals',
                                             'fav_place', 'gender'],
                                    transformer=SimpleImputer(strategy='most_frequent'))),
                ('ordinal_encoding',
                 TransformerWrapper(include=['gender'],
                                    transfo...
                                                               mapping=[{'col': 'gender',
                                                                         'data_type': dtype('O'),
                                                                         'mapping': Kobieta      0
Mê¿czyzna    1
NaN         -1
dtype: int64}]))),
                ('onehot_encoding',
                 TransformerWrapper(include=['age', 'edu_level', 'fav_animals',
                                             'fav_place'],
                                    transformer=OneHotEncoder(cols=['age',
                                                                    'edu_level',
                                                                    'fav_animals',
                                                                    'fav_place'],
                                                              handle_missing='return_nan',
                                                              use_cat_names=True))),
                ('trained_model', KMeans(random_state=123))]), ml_usecase=None)
2026-04-12 20:43:28,558:INFO:Set up data.
2026-04-12 20:43:34,804:INFO:Initializing predict_model()
2026-04-12 20:43:34,805:INFO:predict_model(self=<pycaret.clustering.oop.ClusteringExperiment object at 0x000002149D02B1D0>, estimator=Pipeline(memory=Memory(location=None),
         steps=[('numerical_imputer',
                 TransformerWrapper(include=[], transformer=SimpleImputer())),
                ('categorical_imputer',
                 TransformerWrapper(include=['age', 'edu_level', 'fav_animals',
                                             'fav_place', 'gender'],
                                    transformer=SimpleImputer(strategy='most_frequent'))),
                ('ordinal_encoding',
                 TransformerWrapper(include=['gender'],
                                    transfo...
                                                               mapping=[{'col': 'gender',
                                                                         'data_type': dtype('O'),
                                                                         'mapping': Kobieta      0
Mê¿czyzna    1
NaN         -1
dtype: int64}]))),
                ('onehot_encoding',
                 TransformerWrapper(include=['age', 'edu_level', 'fav_animals',
                                             'fav_place'],
                                    transformer=OneHotEncoder(cols=['age',
                                                                    'edu_level',
                                                                    'fav_animals',
                                                                    'fav_place'],
                                                              handle_missing='return_nan',
                                                              use_cat_names=True))),
                ('trained_model', KMeans(random_state=123))]), ml_usecase=None)
2026-04-12 20:43:34,805:INFO:Set up data.
2026-04-12 20:43:39,507:INFO:Initializing predict_model()
2026-04-12 20:43:39,507:INFO:predict_model(self=<pycaret.clustering.oop.ClusteringExperiment object at 0x00000214982047D0>, estimator=Pipeline(memory=Memory(location=None),
         steps=[('numerical_imputer',
                 TransformerWrapper(include=[], transformer=SimpleImputer())),
                ('categorical_imputer',
                 TransformerWrapper(include=['age', 'edu_level', 'fav_animals',
                                             'fav_place', 'gender'],
                                    transformer=SimpleImputer(strategy='most_frequent'))),
                ('ordinal_encoding',
                 TransformerWrapper(include=['gender'],
                                    transfo...
                                                               mapping=[{'col': 'gender',
                                                                         'data_type': dtype('O'),
                                                                         'mapping': Kobieta      0
Mê¿czyzna    1
NaN         -1
dtype: int64}]))),
                ('onehot_encoding',
                 TransformerWrapper(include=['age', 'edu_level', 'fav_animals',
                                             'fav_place'],
                                    transformer=OneHotEncoder(cols=['age',
                                                                    'edu_level',
                                                                    'fav_animals',
                                                                    'fav_place'],
                                                              handle_missing='return_nan',
                                                              use_cat_names=True))),
                ('trained_model', KMeans(random_state=123))]), ml_usecase=None)
2026-04-12 20:43:39,508:INFO:Set up data.
2026-04-12 20:43:47,307:INFO:Initializing predict_model()
2026-04-12 20:43:47,308:INFO:predict_model(self=<pycaret.clustering.oop.ClusteringExperiment object at 0x000002149C9E40D0>, estimator=Pipeline(memory=Memory(location=None),
         steps=[('numerical_imputer',
                 TransformerWrapper(include=[], transformer=SimpleImputer())),
                ('categorical_imputer',
                 TransformerWrapper(include=['age', 'edu_level', 'fav_animals',
                                             'fav_place', 'gender'],
                                    transformer=SimpleImputer(strategy='most_frequent'))),
                ('ordinal_encoding',
                 TransformerWrapper(include=['gender'],
                                    transfo...
                                                               mapping=[{'col': 'gender',
                                                                         'data_type': dtype('O'),
                                                                         'mapping': Kobieta      0
Mê¿czyzna    1
NaN         -1
dtype: int64}]))),
                ('onehot_encoding',
                 TransformerWrapper(include=['age', 'edu_level', 'fav_animals',
                                             'fav_place'],
                                    transformer=OneHotEncoder(cols=['age',
                                                                    'edu_level',
                                                                    'fav_animals',
                                                                    'fav_place'],
                                                              handle_missing='return_nan',
                                                              use_cat_names=True))),
                ('trained_model', KMeans(random_state=123))]), ml_usecase=None)
2026-04-12 20:43:47,309:INFO:Set up data.
2026-04-12 20:43:55,520:INFO:Initializing predict_model()
2026-04-12 20:43:55,521:INFO:predict_model(self=<pycaret.clustering.oop.ClusteringExperiment object at 0x000002149D21C850>, estimator=Pipeline(memory=Memory(location=None),
         steps=[('numerical_imputer',
                 TransformerWrapper(include=[], transformer=SimpleImputer())),
                ('categorical_imputer',
                 TransformerWrapper(include=['age', 'edu_level', 'fav_animals',
                                             'fav_place', 'gender'],
                                    transformer=SimpleImputer(strategy='most_frequent'))),
                ('ordinal_encoding',
                 TransformerWrapper(include=['gender'],
                                    transfo...
                                                               mapping=[{'col': 'gender',
                                                                         'data_type': dtype('O'),
                                                                         'mapping': Kobieta      0
Mê¿czyzna    1
NaN         -1
dtype: int64}]))),
                ('onehot_encoding',
                 TransformerWrapper(include=['age', 'edu_level', 'fav_animals',
                                             'fav_place'],
                                    transformer=OneHotEncoder(cols=['age',
                                                                    'edu_level',
                                                                    'fav_animals',
                                                                    'fav_place'],
                                                              handle_missing='return_nan',
                                                              use_cat_names=True))),
                ('trained_model', KMeans(random_state=123))]), ml_usecase=None)
2026-04-12 20:43:55,521:INFO:Set up data.
2026-04-12 20:44:00,677:INFO:Initializing predict_model()
2026-04-12 20:44:00,677:INFO:predict_model(self=<pycaret.clustering.oop.ClusteringExperiment object at 0x000002149D21B650>, estimator=Pipeline(memory=Memory(location=None),
         steps=[('numerical_imputer',
                 TransformerWrapper(include=[], transformer=SimpleImputer())),
                ('categorical_imputer',
                 TransformerWrapper(include=['age', 'edu_level', 'fav_animals',
                                             'fav_place', 'gender'],
                                    transformer=SimpleImputer(strategy='most_frequent'))),
                ('ordinal_encoding',
                 TransformerWrapper(include=['gender'],
                                    transfo...
                                                               mapping=[{'col': 'gender',
                                                                         'data_type': dtype('O'),
                                                                         'mapping': Kobieta      0
Mê¿czyzna    1
NaN         -1
dtype: int64}]))),
                ('onehot_encoding',
                 TransformerWrapper(include=['age', 'edu_level', 'fav_animals',
                                             'fav_place'],
                                    transformer=OneHotEncoder(cols=['age',
                                                                    'edu_level',
                                                                    'fav_animals',
                                                                    'fav_place'],
                                                              handle_missing='return_nan',
                                                              use_cat_names=True))),
                ('trained_model', KMeans(random_state=123))]), ml_usecase=None)
2026-04-12 20:44:00,677:INFO:Set up data.
2026-04-15 19:40:56,056:INFO:Initializing predict_model()
2026-04-15 19:40:56,061:INFO:predict_model(self=<pycaret.clustering.oop.ClusteringExperiment object at 0x000002149D15AD50>, estimator=Pipeline(memory=Memory(location=None),
         steps=[('numerical_imputer',
                 TransformerWrapper(include=[], transformer=SimpleImputer())),
                ('categorical_imputer',
                 TransformerWrapper(include=['age', 'edu_level', 'fav_animals',
                                             'fav_place', 'gender'],
                                    transformer=SimpleImputer(strategy='most_frequent'))),
                ('ordinal_encoding',
                 TransformerWrapper(include=['gender'],
                                    transfo...
                                                               mapping=[{'col': 'gender',
                                                                         'data_type': dtype('O'),
                                                                         'mapping': Kobieta      0
Mê¿czyzna    1
NaN         -1
dtype: int64}]))),
                ('onehot_encoding',
                 TransformerWrapper(include=['age', 'edu_level', 'fav_animals',
                                             'fav_place'],
                                    transformer=OneHotEncoder(cols=['age',
                                                                    'edu_level',
                                                                    'fav_animals',
                                                                    'fav_place'],
                                                              handle_missing='return_nan',
                                                              use_cat_names=True))),
                ('trained_model', KMeans(random_state=123))]), ml_usecase=None)
2026-04-15 19:40:56,067:INFO:Set up data.
2026-05-01 18:28:49,386:WARNING:
'cuml' is a soft dependency and not included in the pycaret installation. Please run: `pip install cuml` to install.
2026-05-01 18:28:49,389:WARNING:
'cuml' is a soft dependency and not included in the pycaret installation. Please run: `pip install cuml` to install.
2026-05-01 18:28:49,390:WARNING:
'cuml' is a soft dependency and not included in the pycaret installation. Please run: `pip install cuml` to install.
2026-05-01 18:28:49,391:WARNING:
'cuml' is a soft dependency and not included in the pycaret installation. Please run: `pip install cuml` to install.
2026-05-01 18:28:58,058:INFO:Initializing load_model()
2026-05-01 18:28:58,060:INFO:load_model(model_name=welcome_survey_clustering_pipeline_v1, platform=None, authentication=None, verbose=True)
2026-05-01 18:28:58,089:WARNING:C:\Users\slim\miniconda3\envs\od_zera_do_ai\Lib\site-packages\_distutils_hack\__init__.py:30: UserWarning: Setuptools is replacing distutils. Support for replacing an already imported distutils is deprecated. In the future, this condition will fail. Register concerns at https://github.com/pypa/setuptools/issues/new?template=distutils-deprecation.yml
  warnings.warn(

2026-05-01 18:28:58,630:WARNING:C:\Users\slim\miniconda3\envs\od_zera_do_ai\Lib\site-packages\pycaret\internal\pipeline.py:148: UserWarning: Version mismatch:
current: {'deps_info': {'pip': '26.0.1', 'setuptools': '78.1.1', 'pycaret': '3.3.2', 'IPython': '9.1.0', 'ipywidgets': '8.1.8', 'tqdm': '4.67.3', 'numpy': '1.26.4', 'pandas': '1.5.3', 'jinja2': '3.1.6', 'scipy': '1.10.1', 'joblib': '1.4.2', 'sklearn': '1.4.2', 'pyod': '2.0.5', 'imblearn': '0.14.1', 'category_encoders': '2.6.3', 'lightgbm': '4.6.0', 'numba': '0.63.1', 'requests': '2.32.4', 'matplotlib': '3.7.5', 'scikitplot': '0.3.7', 'yellowbrick': '1.5', 'plotly': '5.24.1', 'plotly-resampler': 'Not installed', 'kaleido': '1.0.0', 'schemdraw': '0.15', 'statsmodels': '0.14.6', 'sktime': '0.26.0', 'tbats': '1.1.3', 'pmdarima': 'Not installed', 'psutil': '5.9.0', 'markupsafe': '3.0.2', 'pickle5': 'Not installed', 'cloudpickle': '3.1.2', 'deprecation': '2.1.0', 'xxhash': '3.6.0', 'wurlitzer': 'Not installed'}, 'python': {'version': '3.11.11', 'machine': 'AMD64'}}
pickle: {'deps_info': {'pip': '24.0', 'setuptools': '70.3.0', 'pycaret': '3.3.1', 'IPython': '8.26.0', 'ipywidgets': '8.1.3', 'tqdm': '4.66.5', 'numpy': '1.26.4', 'pandas': '1.5.3', 'jinja2': '3.1.4', 'scipy': '1.11.4', 'joblib': '1.3.2', 'sklearn': '1.4.2', 'pyod': '2.0.1', 'imblearn': '0.12.3', 'category_encoders': '2.6.3', 'lightgbm': '4.5.0', 'numba': '0.60.0', 'requests': '2.32.3', 'matplotlib': '3.8.4', 'scikitplot': '0.3.7', 'yellowbrick': '1.5', 'plotly': '5.23.0', 'plotly-resampler': 'Not installed', 'kaleido': '0.2.1', 'schemdraw': '0.15', 'statsmodels': '0.14.2', 'sktime': '0.26.0', 'tbats': '1.1.3', 'pmdarima': '2.0.4', 'psutil': '6.0.0', 'markupsafe': '2.1.5', 'pickle5': 'Not installed', 'cloudpickle': '3.0.0', 'deprecation': '2.1.0', 'xxhash': '3.4.1', 'wurlitzer': '3.1.1'}, 'python': {'version': '3.11.9', 'machine': 'arm64'}}
  warnings.warn(

2026-05-01 18:28:58,769:INFO:Initializing predict_model()
2026-05-01 18:28:58,770:INFO:predict_model(self=<pycaret.clustering.oop.ClusteringExperiment object at 0x000001F785660E90>, estimator=Pipeline(memory=Memory(location=None),
         steps=[('numerical_imputer',
                 TransformerWrapper(include=[], transformer=SimpleImputer())),
                ('categorical_imputer',
                 TransformerWrapper(include=['age', 'edu_level', 'fav_animals',
                                             'fav_place', 'gender'],
                                    transformer=SimpleImputer(strategy='most_frequent'))),
                ('ordinal_encoding',
                 TransformerWrapper(include=['gender'],
                                    transfo...
                                                               mapping=[{'col': 'gender',
                                                                         'data_type': dtype('O'),
                                                                         'mapping': Kobieta      0
Mê¿czyzna    1
NaN         -1
dtype: int64}]))),
                ('onehot_encoding',
                 TransformerWrapper(include=['age', 'edu_level', 'fav_animals',
                                             'fav_place'],
                                    transformer=OneHotEncoder(cols=['age',
                                                                    'edu_level',
                                                                    'fav_animals',
                                                                    'fav_place'],
                                                              handle_missing='return_nan',
                                                              use_cat_names=True))),
                ('trained_model', KMeans(random_state=123))]), ml_usecase=None)
2026-05-01 18:28:58,770:INFO:Set up data.
2026-05-01 18:28:59,462:INFO:Initializing predict_model()
2026-05-01 18:28:59,463:INFO:predict_model(self=<pycaret.clustering.oop.ClusteringExperiment object at 0x000001F7D01C2910>, estimator=Pipeline(memory=Memory(location=None),
         steps=[('numerical_imputer',
                 TransformerWrapper(include=[], transformer=SimpleImputer())),
                ('categorical_imputer',
                 TransformerWrapper(include=['age', 'edu_level', 'fav_animals',
                                             'fav_place', 'gender'],
                                    transformer=SimpleImputer(strategy='most_frequent'))),
                ('ordinal_encoding',
                 TransformerWrapper(include=['gender'],
                                    transfo...
                                                               mapping=[{'col': 'gender',
                                                                         'data_type': dtype('O'),
                                                                         'mapping': Kobieta      0
Mê¿czyzna    1
NaN         -1
dtype: int64}]))),
                ('onehot_encoding',
                 TransformerWrapper(include=['age', 'edu_level', 'fav_animals',
                                             'fav_place'],
                                    transformer=OneHotEncoder(cols=['age',
                                                                    'edu_level',
                                                                    'fav_animals',
                                                                    'fav_place'],
                                                              handle_missing='return_nan',
                                                              use_cat_names=True))),
                ('trained_model', KMeans(random_state=123))]), ml_usecase=None)
2026-05-01 18:28:59,464:INFO:Set up data.
2026-05-01 18:29:47,328:INFO:Initializing predict_model()
2026-05-01 18:29:47,328:INFO:predict_model(self=<pycaret.clustering.oop.ClusteringExperiment object at 0x000001F78B90BA10>, estimator=Pipeline(memory=Memory(location=None),
         steps=[('numerical_imputer',
                 TransformerWrapper(include=[], transformer=SimpleImputer())),
                ('categorical_imputer',
                 TransformerWrapper(include=['age', 'edu_level', 'fav_animals',
                                             'fav_place', 'gender'],
                                    transformer=SimpleImputer(strategy='most_frequent'))),
                ('ordinal_encoding',
                 TransformerWrapper(include=['gender'],
                                    transfo...
                                                               mapping=[{'col': 'gender',
                                                                         'data_type': dtype('O'),
                                                                         'mapping': Kobieta      0
Mê¿czyzna    1
NaN         -1
dtype: int64}]))),
                ('onehot_encoding',
                 TransformerWrapper(include=['age', 'edu_level', 'fav_animals',
                                             'fav_place'],
                                    transformer=OneHotEncoder(cols=['age',
                                                                    'edu_level',
                                                                    'fav_animals',
                                                                    'fav_place'],
                                                              handle_missing='return_nan',
                                                              use_cat_names=True))),
                ('trained_model', KMeans(random_state=123))]), ml_usecase=None)
2026-05-01 18:29:47,329:INFO:Set up data.
2026-05-01 18:29:52,778:INFO:Initializing predict_model()
2026-05-01 18:29:52,780:INFO:predict_model(self=<pycaret.clustering.oop.ClusteringExperiment object at 0x000001F78B4944D0>, estimator=Pipeline(memory=Memory(location=None),
         steps=[('numerical_imputer',
                 TransformerWrapper(include=[], transformer=SimpleImputer())),
                ('categorical_imputer',
                 TransformerWrapper(include=['age', 'edu_level', 'fav_animals',
                                             'fav_place', 'gender'],
                                    transformer=SimpleImputer(strategy='most_frequent'))),
                ('ordinal_encoding',
                 TransformerWrapper(include=['gender'],
                                    transfo...
                                                               mapping=[{'col': 'gender',
                                                                         'data_type': dtype('O'),
                                                                         'mapping': Kobieta      0
Mê¿czyzna    1
NaN         -1
dtype: int64}]))),
                ('onehot_encoding',
                 TransformerWrapper(include=['age', 'edu_level', 'fav_animals',
                                             'fav_place'],
                                    transformer=OneHotEncoder(cols=['age',
                                                                    'edu_level',
                                                                    'fav_animals',
                                                                    'fav_place'],
                                                              handle_missing='return_nan',
                                                              use_cat_names=True))),
                ('trained_model', KMeans(random_state=123))]), ml_usecase=None)
2026-05-01 18:29:52,781:INFO:Set up data.
2026-05-01 18:30:05,639:INFO:Initializing predict_model()
2026-05-01 18:30:05,641:INFO:predict_model(self=<pycaret.clustering.oop.ClusteringExperiment object at 0x000001F78AF67590>, estimator=Pipeline(memory=Memory(location=None),
         steps=[('numerical_imputer',
                 TransformerWrapper(include=[], transformer=SimpleImputer())),
                ('categorical_imputer',
                 TransformerWrapper(include=['age', 'edu_level', 'fav_animals',
                                             'fav_place', 'gender'],
                                    transformer=SimpleImputer(strategy='most_frequent'))),
                ('ordinal_encoding',
                 TransformerWrapper(include=['gender'],
                                    transfo...
                                                               mapping=[{'col': 'gender',
                                                                         'data_type': dtype('O'),
                                                                         'mapping': Kobieta      0
Mê¿czyzna    1
NaN         -1
dtype: int64}]))),
                ('onehot_encoding',
                 TransformerWrapper(include=['age', 'edu_level', 'fav_animals',
                                             'fav_place'],
                                    transformer=OneHotEncoder(cols=['age',
                                                                    'edu_level',
                                                                    'fav_animals',
                                                                    'fav_place'],
                                                              handle_missing='return_nan',
                                                              use_cat_names=True))),
                ('trained_model', KMeans(random_state=123))]), ml_usecase=None)
2026-05-01 18:30:05,642:INFO:Set up data.
2026-05-01 18:30:17,912:INFO:Initializing predict_model()
2026-05-01 18:30:17,912:INFO:predict_model(self=<pycaret.clustering.oop.ClusteringExperiment object at 0x000001F78AF73910>, estimator=Pipeline(memory=Memory(location=None),
         steps=[('numerical_imputer',
                 TransformerWrapper(include=[], transformer=SimpleImputer())),
                ('categorical_imputer',
                 TransformerWrapper(include=['age', 'edu_level', 'fav_animals',
                                             'fav_place', 'gender'],
                                    transformer=SimpleImputer(strategy='most_frequent'))),
                ('ordinal_encoding',
                 TransformerWrapper(include=['gender'],
                                    transfo...
                                                               mapping=[{'col': 'gender',
                                                                         'data_type': dtype('O'),
                                                                         'mapping': Kobieta      0
Mê¿czyzna    1
NaN         -1
dtype: int64}]))),
                ('onehot_encoding',
                 TransformerWrapper(include=['age', 'edu_level', 'fav_animals',
                                             'fav_place'],
                                    transformer=OneHotEncoder(cols=['age',
                                                                    'edu_level',
                                                                    'fav_animals',
                                                                    'fav_place'],
                                                              handle_missing='return_nan',
                                                              use_cat_names=True))),
                ('trained_model', KMeans(random_state=123))]), ml_usecase=None)
2026-05-01 18:30:17,914:INFO:Set up data.
2026-05-01 18:30:37,889:INFO:Initializing predict_model()
2026-05-01 18:30:37,889:INFO:predict_model(self=<pycaret.clustering.oop.ClusteringExperiment object at 0x000001F78ADE5850>, estimator=Pipeline(memory=Memory(location=None),
         steps=[('numerical_imputer',
                 TransformerWrapper(include=[], transformer=SimpleImputer())),
                ('categorical_imputer',
                 TransformerWrapper(include=['age', 'edu_level', 'fav_animals',
                                             'fav_place', 'gender'],
                                    transformer=SimpleImputer(strategy='most_frequent'))),
                ('ordinal_encoding',
                 TransformerWrapper(include=['gender'],
                                    transfo...
                                                               mapping=[{'col': 'gender',
                                                                         'data_type': dtype('O'),
                                                                         'mapping': Kobieta      0
Mê¿czyzna    1
NaN         -1
dtype: int64}]))),
                ('onehot_encoding',
                 TransformerWrapper(include=['age', 'edu_level', 'fav_animals',
                                             'fav_place'],
                                    transformer=OneHotEncoder(cols=['age',
                                                                    'edu_level',
                                                                    'fav_animals',
                                                                    'fav_place'],
                                                              handle_missing='return_nan',
                                                              use_cat_names=True))),
                ('trained_model', KMeans(random_state=123))]), ml_usecase=None)
2026-05-01 18:30:37,890:INFO:Set up data.
2026-05-01 18:30:42,755:INFO:Initializing predict_model()
2026-05-01 18:30:42,755:INFO:predict_model(self=<pycaret.clustering.oop.ClusteringExperiment object at 0x000001F7856EA450>, estimator=Pipeline(memory=Memory(location=None),
         steps=[('numerical_imputer',
                 TransformerWrapper(include=[], transformer=SimpleImputer())),
                ('categorical_imputer',
                 TransformerWrapper(include=['age', 'edu_level', 'fav_animals',
                                             'fav_place', 'gender'],
                                    transformer=SimpleImputer(strategy='most_frequent'))),
                ('ordinal_encoding',
                 TransformerWrapper(include=['gender'],
                                    transfo...
                                                               mapping=[{'col': 'gender',
                                                                         'data_type': dtype('O'),
                                                                         'mapping': Kobieta      0
Mê¿czyzna    1
NaN         -1
dtype: int64}]))),
                ('onehot_encoding',
                 TransformerWrapper(include=['age', 'edu_level', 'fav_animals',
                                             'fav_place'],
                                    transformer=OneHotEncoder(cols=['age',
                                                                    'edu_level',
                                                                    'fav_animals',
                                                                    'fav_place'],
                                                              handle_missing='return_nan',
                                                              use_cat_names=True))),
                ('trained_model', KMeans(random_state=123))]), ml_usecase=None)
2026-05-01 18:30:42,756:INFO:Set up data.
2026-05-01 18:31:14,125:INFO:Initializing predict_model()
2026-05-01 18:31:14,125:INFO:predict_model(self=<pycaret.clustering.oop.ClusteringExperiment object at 0x000001F78ADDAB10>, estimator=Pipeline(memory=Memory(location=None),
         steps=[('numerical_imputer',
                 TransformerWrapper(include=[], transformer=SimpleImputer())),
                ('categorical_imputer',
                 TransformerWrapper(include=['age', 'edu_level', 'fav_animals',
                                             'fav_place', 'gender'],
                                    transformer=SimpleImputer(strategy='most_frequent'))),
                ('ordinal_encoding',
                 TransformerWrapper(include=['gender'],
                                    transfo...
                                                               mapping=[{'col': 'gender',
                                                                         'data_type': dtype('O'),
                                                                         'mapping': Kobieta      0
Mê¿czyzna    1
NaN         -1
dtype: int64}]))),
                ('onehot_encoding',
                 TransformerWrapper(include=['age', 'edu_level', 'fav_animals',
                                             'fav_place'],
                                    transformer=OneHotEncoder(cols=['age',
                                                                    'edu_level',
                                                                    'fav_animals',
                                                                    'fav_place'],
                                                              handle_missing='return_nan',
                                                              use_cat_names=True))),
                ('trained_model', KMeans(random_state=123))]), ml_usecase=None)
2026-05-01 18:31:14,126:INFO:Set up data.
2026-05-01 18:32:07,258:INFO:Initializing predict_model()
2026-05-01 18:32:07,258:INFO:predict_model(self=<pycaret.clustering.oop.ClusteringExperiment object at 0x000001F78B53EE90>, estimator=Pipeline(memory=Memory(location=None),
         steps=[('numerical_imputer',
                 TransformerWrapper(include=[], transformer=SimpleImputer())),
                ('categorical_imputer',
                 TransformerWrapper(include=['age', 'edu_level', 'fav_animals',
                                             'fav_place', 'gender'],
                                    transformer=SimpleImputer(strategy='most_frequent'))),
                ('ordinal_encoding',
                 TransformerWrapper(include=['gender'],
                                    transfo...
                                                               mapping=[{'col': 'gender',
                                                                         'data_type': dtype('O'),
                                                                         'mapping': Kobieta      0
Mê¿czyzna    1
NaN         -1
dtype: int64}]))),
                ('onehot_encoding',
                 TransformerWrapper(include=['age', 'edu_level', 'fav_animals',
                                             'fav_place'],
                                    transformer=OneHotEncoder(cols=['age',
                                                                    'edu_level',
                                                                    'fav_animals',
                                                                    'fav_place'],
                                                              handle_missing='return_nan',
                                                              use_cat_names=True))),
                ('trained_model', KMeans(random_state=123))]), ml_usecase=None)
2026-05-01 18:32:07,259:INFO:Set up data.
2026-05-01 18:32:24,281:INFO:Initializing predict_model()
2026-05-01 18:32:24,282:INFO:predict_model(self=<pycaret.clustering.oop.ClusteringExperiment object at 0x000001F788A3E7D0>, estimator=Pipeline(memory=Memory(location=None),
         steps=[('numerical_imputer',
                 TransformerWrapper(include=[], transformer=SimpleImputer())),
                ('categorical_imputer',
                 TransformerWrapper(include=['age', 'edu_level', 'fav_animals',
                                             'fav_place', 'gender'],
                                    transformer=SimpleImputer(strategy='most_frequent'))),
                ('ordinal_encoding',
                 TransformerWrapper(include=['gender'],
                                    transfo...
                                                               mapping=[{'col': 'gender',
                                                                         'data_type': dtype('O'),
                                                                         'mapping': Kobieta      0
Mê¿czyzna    1
NaN         -1
dtype: int64}]))),
                ('onehot_encoding',
                 TransformerWrapper(include=['age', 'edu_level', 'fav_animals',
                                             'fav_place'],
                                    transformer=OneHotEncoder(cols=['age',
                                                                    'edu_level',
                                                                    'fav_animals',
                                                                    'fav_place'],
                                                              handle_missing='return_nan',
                                                              use_cat_names=True))),
                ('trained_model', KMeans(random_state=123))]), ml_usecase=None)
2026-05-01 18:32:24,282:INFO:Set up data.
2026-05-01 18:32:45,433:INFO:Initializing predict_model()
2026-05-01 18:32:45,433:INFO:predict_model(self=<pycaret.clustering.oop.ClusteringExperiment object at 0x000001F78ADB6B50>, estimator=Pipeline(memory=Memory(location=None),
         steps=[('numerical_imputer',
                 TransformerWrapper(include=[], transformer=SimpleImputer())),
                ('categorical_imputer',
                 TransformerWrapper(include=['age', 'edu_level', 'fav_animals',
                                             'fav_place', 'gender'],
                                    transformer=SimpleImputer(strategy='most_frequent'))),
                ('ordinal_encoding',
                 TransformerWrapper(include=['gender'],
                                    transfo...
                                                               mapping=[{'col': 'gender',
                                                                         'data_type': dtype('O'),
                                                                         'mapping': Kobieta      0
Mê¿czyzna    1
NaN         -1
dtype: int64}]))),
                ('onehot_encoding',
                 TransformerWrapper(include=['age', 'edu_level', 'fav_animals',
                                             'fav_place'],
                                    transformer=OneHotEncoder(cols=['age',
                                                                    'edu_level',
                                                                    'fav_animals',
                                                                    'fav_place'],
                                                              handle_missing='return_nan',
                                                              use_cat_names=True))),
                ('trained_model', KMeans(random_state=123))]), ml_usecase=None)
2026-05-01 18:32:45,434:INFO:Set up data.
2026-05-01 18:32:57,885:INFO:Initializing predict_model()
2026-05-01 18:32:57,885:INFO:predict_model(self=<pycaret.clustering.oop.ClusteringExperiment object at 0x000001F78AE01510>, estimator=Pipeline(memory=Memory(location=None),
         steps=[('numerical_imputer',
                 TransformerWrapper(include=[], transformer=SimpleImputer())),
                ('categorical_imputer',
                 TransformerWrapper(include=['age', 'edu_level', 'fav_animals',
                                             'fav_place', 'gender'],
                                    transformer=SimpleImputer(strategy='most_frequent'))),
                ('ordinal_encoding',
                 TransformerWrapper(include=['gender'],
                                    transfo...
                                                               mapping=[{'col': 'gender',
                                                                         'data_type': dtype('O'),
                                                                         'mapping': Kobieta      0
Mê¿czyzna    1
NaN         -1
dtype: int64}]))),
                ('onehot_encoding',
                 TransformerWrapper(include=['age', 'edu_level', 'fav_animals',
                                             'fav_place'],
                                    transformer=OneHotEncoder(cols=['age',
                                                                    'edu_level',
                                                                    'fav_animals',
                                                                    'fav_place'],
                                                              handle_missing='return_nan',
                                                              use_cat_names=True))),
                ('trained_model', KMeans(random_state=123))]), ml_usecase=None)
2026-05-01 18:32:57,886:INFO:Set up data.
2026-05-01 18:34:21,706:INFO:Initializing predict_model()
2026-05-01 18:34:21,706:INFO:predict_model(self=<pycaret.clustering.oop.ClusteringExperiment object at 0x000001F786972850>, estimator=Pipeline(memory=Memory(location=None),
         steps=[('numerical_imputer',
                 TransformerWrapper(include=[], transformer=SimpleImputer())),
                ('categorical_imputer',
                 TransformerWrapper(include=['age', 'edu_level', 'fav_animals',
                                             'fav_place', 'gender'],
                                    transformer=SimpleImputer(strategy='most_frequent'))),
                ('ordinal_encoding',
                 TransformerWrapper(include=['gender'],
                                    transfo...
                                                               mapping=[{'col': 'gender',
                                                                         'data_type': dtype('O'),
                                                                         'mapping': Kobieta      0
Mê¿czyzna    1
NaN         -1
dtype: int64}]))),
                ('onehot_encoding',
                 TransformerWrapper(include=['age', 'edu_level', 'fav_animals',
                                             'fav_place'],
                                    transformer=OneHotEncoder(cols=['age',
                                                                    'edu_level',
                                                                    'fav_animals',
                                                                    'fav_place'],
                                                              handle_missing='return_nan',
                                                              use_cat_names=True))),
                ('trained_model', KMeans(random_state=123))]), ml_usecase=None)
2026-05-01 18:34:21,706:INFO:Set up data.
2026-05-01 18:34:24,545:INFO:Initializing predict_model()
2026-05-01 18:34:24,545:INFO:predict_model(self=<pycaret.clustering.oop.ClusteringExperiment object at 0x000001F78B9082D0>, estimator=Pipeline(memory=Memory(location=None),
         steps=[('numerical_imputer',
                 TransformerWrapper(include=[], transformer=SimpleImputer())),
                ('categorical_imputer',
                 TransformerWrapper(include=['age', 'edu_level', 'fav_animals',
                                             'fav_place', 'gender'],
                                    transformer=SimpleImputer(strategy='most_frequent'))),
                ('ordinal_encoding',
                 TransformerWrapper(include=['gender'],
                                    transfo...
                                                               mapping=[{'col': 'gender',
                                                                         'data_type': dtype('O'),
                                                                         'mapping': Kobieta      0
Mê¿czyzna    1
NaN         -1
dtype: int64}]))),
                ('onehot_encoding',
                 TransformerWrapper(include=['age', 'edu_level', 'fav_animals',
                                             'fav_place'],
                                    transformer=OneHotEncoder(cols=['age',
                                                                    'edu_level',
                                                                    'fav_animals',
                                                                    'fav_place'],
                                                              handle_missing='return_nan',
                                                              use_cat_names=True))),
                ('trained_model', KMeans(random_state=123))]), ml_usecase=None)
2026-05-01 18:34:24,545:INFO:Set up data.
2026-05-01 18:34:29,414:INFO:Initializing predict_model()
2026-05-01 18:34:29,415:INFO:predict_model(self=<pycaret.clustering.oop.ClusteringExperiment object at 0x000001F78BA0DCD0>, estimator=Pipeline(memory=Memory(location=None),
         steps=[('numerical_imputer',
                 TransformerWrapper(include=[], transformer=SimpleImputer())),
                ('categorical_imputer',
                 TransformerWrapper(include=['age', 'edu_level', 'fav_animals',
                                             'fav_place', 'gender'],
                                    transformer=SimpleImputer(strategy='most_frequent'))),
                ('ordinal_encoding',
                 TransformerWrapper(include=['gender'],
                                    transfo...
                                                               mapping=[{'col': 'gender',
                                                                         'data_type': dtype('O'),
                                                                         'mapping': Kobieta      0
Mê¿czyzna    1
NaN         -1
dtype: int64}]))),
                ('onehot_encoding',
                 TransformerWrapper(include=['age', 'edu_level', 'fav_animals',
                                             'fav_place'],
                                    transformer=OneHotEncoder(cols=['age',
                                                                    'edu_level',
                                                                    'fav_animals',
                                                                    'fav_place'],
                                                              handle_missing='return_nan',
                                                              use_cat_names=True))),
                ('trained_model', KMeans(random_state=123))]), ml_usecase=None)
2026-05-01 18:34:29,415:INFO:Set up data.
2026-05-01 18:35:30,443:INFO:Initializing predict_model()
2026-05-01 18:35:30,443:INFO:predict_model(self=<pycaret.clustering.oop.ClusteringExperiment object at 0x000001F7E8C06250>, estimator=Pipeline(memory=Memory(location=None),
         steps=[('numerical_imputer',
                 TransformerWrapper(include=[], transformer=SimpleImputer())),
                ('categorical_imputer',
                 TransformerWrapper(include=['age', 'edu_level', 'fav_animals',
                                             'fav_place', 'gender'],
                                    transformer=SimpleImputer(strategy='most_frequent'))),
                ('ordinal_encoding',
                 TransformerWrapper(include=['gender'],
                                    transfo...
                                                               mapping=[{'col': 'gender',
                                                                         'data_type': dtype('O'),
                                                                         'mapping': Kobieta      0
Mê¿czyzna    1
NaN         -1
dtype: int64}]))),
                ('onehot_encoding',
                 TransformerWrapper(include=['age', 'edu_level', 'fav_animals',
                                             'fav_place'],
                                    transformer=OneHotEncoder(cols=['age',
                                                                    'edu_level',
                                                                    'fav_animals',
                                                                    'fav_place'],
                                                              handle_missing='return_nan',
                                                              use_cat_names=True))),
                ('trained_model', KMeans(random_state=123))]), ml_usecase=None)
2026-05-01 18:35:30,444:INFO:Set up data.
2026-05-01 18:35:39,071:INFO:Initializing predict_model()
2026-05-01 18:35:39,072:INFO:predict_model(self=<pycaret.clustering.oop.ClusteringExperiment object at 0x000001F78ABABC90>, estimator=Pipeline(memory=Memory(location=None),
         steps=[('numerical_imputer',
                 TransformerWrapper(include=[], transformer=SimpleImputer())),
                ('categorical_imputer',
                 TransformerWrapper(include=['age', 'edu_level', 'fav_animals',
                                             'fav_place', 'gender'],
                                    transformer=SimpleImputer(strategy='most_frequent'))),
                ('ordinal_encoding',
                 TransformerWrapper(include=['gender'],
                                    transfo...
                                                               mapping=[{'col': 'gender',
                                                                         'data_type': dtype('O'),
                                                                         'mapping': Kobieta      0
Mê¿czyzna    1
NaN         -1
dtype: int64}]))),
                ('onehot_encoding',
                 TransformerWrapper(include=['age', 'edu_level', 'fav_animals',
                                             'fav_place'],
                                    transformer=OneHotEncoder(cols=['age',
                                                                    'edu_level',
                                                                    'fav_animals',
                                                                    'fav_place'],
                                                              handle_missing='return_nan',
                                                              use_cat_names=True))),
                ('trained_model', KMeans(random_state=123))]), ml_usecase=None)
2026-05-01 18:35:39,072:INFO:Set up data.
2026-05-01 18:35:43,984:INFO:Initializing predict_model()
2026-05-01 18:35:43,985:INFO:predict_model(self=<pycaret.clustering.oop.ClusteringExperiment object at 0x000001F78AB6BBD0>, estimator=Pipeline(memory=Memory(location=None),
         steps=[('numerical_imputer',
                 TransformerWrapper(include=[], transformer=SimpleImputer())),
                ('categorical_imputer',
                 TransformerWrapper(include=['age', 'edu_level', 'fav_animals',
                                             'fav_place', 'gender'],
                                    transformer=SimpleImputer(strategy='most_frequent'))),
                ('ordinal_encoding',
                 TransformerWrapper(include=['gender'],
                                    transfo...
                                                               mapping=[{'col': 'gender',
                                                                         'data_type': dtype('O'),
                                                                         'mapping': Kobieta      0
Mê¿czyzna    1
NaN         -1
dtype: int64}]))),
                ('onehot_encoding',
                 TransformerWrapper(include=['age', 'edu_level', 'fav_animals',
                                             'fav_place'],
                                    transformer=OneHotEncoder(cols=['age',
                                                                    'edu_level',
                                                                    'fav_animals',
                                                                    'fav_place'],
                                                              handle_missing='return_nan',
                                                              use_cat_names=True))),
                ('trained_model', KMeans(random_state=123))]), ml_usecase=None)
2026-05-01 18:35:43,985:INFO:Set up data.
2026-05-01 18:35:58,262:INFO:Initializing predict_model()
2026-05-01 18:35:58,262:INFO:predict_model(self=<pycaret.clustering.oop.ClusteringExperiment object at 0x000001F78B92D650>, estimator=Pipeline(memory=Memory(location=None),
         steps=[('numerical_imputer',
                 TransformerWrapper(include=[], transformer=SimpleImputer())),
                ('categorical_imputer',
                 TransformerWrapper(include=['age', 'edu_level', 'fav_animals',
                                             'fav_place', 'gender'],
                                    transformer=SimpleImputer(strategy='most_frequent'))),
                ('ordinal_encoding',
                 TransformerWrapper(include=['gender'],
                                    transfo...
                                                               mapping=[{'col': 'gender',
                                                                         'data_type': dtype('O'),
                                                                         'mapping': Kobieta      0
Mê¿czyzna    1
NaN         -1
dtype: int64}]))),
                ('onehot_encoding',
                 TransformerWrapper(include=['age', 'edu_level', 'fav_animals',
                                             'fav_place'],
                                    transformer=OneHotEncoder(cols=['age',
                                                                    'edu_level',
                                                                    'fav_animals',
                                                                    'fav_place'],
                                                              handle_missing='return_nan',
                                                              use_cat_names=True))),
                ('trained_model', KMeans(random_state=123))]), ml_usecase=None)
2026-05-01 18:35:58,263:INFO:Set up data.
2026-05-01 19:33:22,280:INFO:Initializing predict_model()
2026-05-01 19:33:22,282:INFO:predict_model(self=<pycaret.clustering.oop.ClusteringExperiment object at 0x000001F7E6EBDD50>, estimator=Pipeline(memory=Memory(location=None),
         steps=[('numerical_imputer',
                 TransformerWrapper(include=[], transformer=SimpleImputer())),
                ('categorical_imputer',
                 TransformerWrapper(include=['age', 'edu_level', 'fav_animals',
                                             'fav_place', 'gender'],
                                    transformer=SimpleImputer(strategy='most_frequent'))),
                ('ordinal_encoding',
                 TransformerWrapper(include=['gender'],
                                    transfo...
                                                               mapping=[{'col': 'gender',
                                                                         'data_type': dtype('O'),
                                                                         'mapping': Kobieta      0
Mê¿czyzna    1
NaN         -1
dtype: int64}]))),
                ('onehot_encoding',
                 TransformerWrapper(include=['age', 'edu_level', 'fav_animals',
                                             'fav_place'],
                                    transformer=OneHotEncoder(cols=['age',
                                                                    'edu_level',
                                                                    'fav_animals',
                                                                    'fav_place'],
                                                              handle_missing='return_nan',
                                                              use_cat_names=True))),
                ('trained_model', KMeans(random_state=123))]), ml_usecase=None)
2026-05-01 19:33:22,282:INFO:Set up data.
2026-05-01 19:34:45,155:INFO:Initializing predict_model()
2026-05-01 19:34:45,157:INFO:predict_model(self=<pycaret.clustering.oop.ClusteringExperiment object at 0x000001F78ADE5350>, estimator=Pipeline(memory=Memory(location=None),
         steps=[('numerical_imputer',
                 TransformerWrapper(include=[], transformer=SimpleImputer())),
                ('categorical_imputer',
                 TransformerWrapper(include=['age', 'edu_level', 'fav_animals',
                                             'fav_place', 'gender'],
                                    transformer=SimpleImputer(strategy='most_frequent'))),
                ('ordinal_encoding',
                 TransformerWrapper(include=['gender'],
                                    transfo...
                                                               mapping=[{'col': 'gender',
                                                                         'data_type': dtype('O'),
                                                                         'mapping': Kobieta      0
Mê¿czyzna    1
NaN         -1
dtype: int64}]))),
                ('onehot_encoding',
                 TransformerWrapper(include=['age', 'edu_level', 'fav_animals',
                                             'fav_place'],
                                    transformer=OneHotEncoder(cols=['age',
                                                                    'edu_level',
                                                                    'fav_animals',
                                                                    'fav_place'],
                                                              handle_missing='return_nan',
                                                              use_cat_names=True))),
                ('trained_model', KMeans(random_state=123))]), ml_usecase=None)
2026-05-01 19:34:45,157:INFO:Set up data.
2026-05-01 19:37:58,645:INFO:Initializing predict_model()
2026-05-01 19:37:58,646:INFO:predict_model(self=<pycaret.clustering.oop.ClusteringExperiment object at 0x000001F78AC436D0>, estimator=Pipeline(memory=Memory(location=None),
         steps=[('numerical_imputer',
                 TransformerWrapper(include=[], transformer=SimpleImputer())),
                ('categorical_imputer',
                 TransformerWrapper(include=['age', 'edu_level', 'fav_animals',
                                             'fav_place', 'gender'],
                                    transformer=SimpleImputer(strategy='most_frequent'))),
                ('ordinal_encoding',
                 TransformerWrapper(include=['gender'],
                                    transfo...
                                                               mapping=[{'col': 'gender',
                                                                         'data_type': dtype('O'),
                                                                         'mapping': Kobieta      0
Mê¿czyzna    1
NaN         -1
dtype: int64}]))),
                ('onehot_encoding',
                 TransformerWrapper(include=['age', 'edu_level', 'fav_animals',
                                             'fav_place'],
                                    transformer=OneHotEncoder(cols=['age',
                                                                    'edu_level',
                                                                    'fav_animals',
                                                                    'fav_place'],
                                                              handle_missing='return_nan',
                                                              use_cat_names=True))),
                ('trained_model', KMeans(random_state=123))]), ml_usecase=None)
2026-05-01 19:37:58,647:INFO:Set up data.
2026-05-01 19:37:58,806:INFO:Initializing predict_model()
2026-05-01 19:37:58,806:INFO:predict_model(self=<pycaret.clustering.oop.ClusteringExperiment object at 0x000001F7869E1590>, estimator=Pipeline(memory=Memory(location=None),
         steps=[('numerical_imputer',
                 TransformerWrapper(include=[], transformer=SimpleImputer())),
                ('categorical_imputer',
                 TransformerWrapper(include=['age', 'edu_level', 'fav_animals',
                                             'fav_place', 'gender'],
                                    transformer=SimpleImputer(strategy='most_frequent'))),
                ('ordinal_encoding',
                 TransformerWrapper(include=['gender'],
                                    transfo...
                                                               mapping=[{'col': 'gender',
                                                                         'data_type': dtype('O'),
                                                                         'mapping': Kobieta      0
Mê¿czyzna    1
NaN         -1
dtype: int64}]))),
                ('onehot_encoding',
                 TransformerWrapper(include=['age', 'edu_level', 'fav_animals',
                                             'fav_place'],
                                    transformer=OneHotEncoder(cols=['age',
                                                                    'edu_level',
                                                                    'fav_animals',
                                                                    'fav_place'],
                                                              handle_missing='return_nan',
                                                              use_cat_names=True))),
                ('trained_model', KMeans(random_state=123))]), ml_usecase=None)
2026-05-01 19:37:58,807:INFO:Set up data.
2026-05-01 19:37:58,967:INFO:Initializing predict_model()
2026-05-01 19:37:58,968:INFO:predict_model(self=<pycaret.clustering.oop.ClusteringExperiment object at 0x000001F78CD17790>, estimator=Pipeline(memory=Memory(location=None),
         steps=[('numerical_imputer',
                 TransformerWrapper(include=[], transformer=SimpleImputer())),
                ('categorical_imputer',
                 TransformerWrapper(include=['age', 'edu_level', 'fav_animals',
                                             'fav_place', 'gender'],
                                    transformer=SimpleImputer(strategy='most_frequent'))),
                ('ordinal_encoding',
                 TransformerWrapper(include=['gender'],
                                    transfo...
                                                               mapping=[{'col': 'gender',
                                                                         'data_type': dtype('O'),
                                                                         'mapping': Kobieta      0
Mê¿czyzna    1
NaN         -1
dtype: int64}]))),
                ('onehot_encoding',
                 TransformerWrapper(include=['age', 'edu_level', 'fav_animals',
                                             'fav_place'],
                                    transformer=OneHotEncoder(cols=['age',
                                                                    'edu_level',
                                                                    'fav_animals',
                                                                    'fav_place'],
                                                              handle_missing='return_nan',
                                                              use_cat_names=True))),
                ('trained_model', KMeans(random_state=123))]), ml_usecase=None)
2026-05-01 19:37:58,968:INFO:Set up data.
2026-05-01 19:41:16,935:INFO:Initializing predict_model()
2026-05-01 19:41:16,936:INFO:predict_model(self=<pycaret.clustering.oop.ClusteringExperiment object at 0x000001F7867DC850>, estimator=Pipeline(memory=Memory(location=None),
         steps=[('numerical_imputer',
                 TransformerWrapper(include=[], transformer=SimpleImputer())),
                ('categorical_imputer',
                 TransformerWrapper(include=['age', 'edu_level', 'fav_animals',
                                             'fav_place', 'gender'],
                                    transformer=SimpleImputer(strategy='most_frequent'))),
                ('ordinal_encoding',
                 TransformerWrapper(include=['gender'],
                                    transfo...
                                                               mapping=[{'col': 'gender',
                                                                         'data_type': dtype('O'),
                                                                         'mapping': Kobieta      0
Mê¿czyzna    1
NaN         -1
dtype: int64}]))),
                ('onehot_encoding',
                 TransformerWrapper(include=['age', 'edu_level', 'fav_animals',
                                             'fav_place'],
                                    transformer=OneHotEncoder(cols=['age',
                                                                    'edu_level',
                                                                    'fav_animals',
                                                                    'fav_place'],
                                                              handle_missing='return_nan',
                                                              use_cat_names=True))),
                ('trained_model', KMeans(random_state=123))]), ml_usecase=None)
2026-05-01 19:41:16,937:INFO:Set up data.
2026-05-01 19:41:17,080:INFO:Initializing predict_model()
2026-05-01 19:41:17,080:INFO:predict_model(self=<pycaret.clustering.oop.ClusteringExperiment object at 0x000001F7852C46D0>, estimator=Pipeline(memory=Memory(location=None),
         steps=[('numerical_imputer',
                 TransformerWrapper(include=[], transformer=SimpleImputer())),
                ('categorical_imputer',
                 TransformerWrapper(include=['age', 'edu_level', 'fav_animals',
                                             'fav_place', 'gender'],
                                    transformer=SimpleImputer(strategy='most_frequent'))),
                ('ordinal_encoding',
                 TransformerWrapper(include=['gender'],
                                    transfo...
                                                               mapping=[{'col': 'gender',
                                                                         'data_type': dtype('O'),
                                                                         'mapping': Kobieta      0
Mê¿czyzna    1
NaN         -1
dtype: int64}]))),
                ('onehot_encoding',
                 TransformerWrapper(include=['age', 'edu_level', 'fav_animals',
                                             'fav_place'],
                                    transformer=OneHotEncoder(cols=['age',
                                                                    'edu_level',
                                                                    'fav_animals',
                                                                    'fav_place'],
                                                              handle_missing='return_nan',
                                                              use_cat_names=True))),
                ('trained_model', KMeans(random_state=123))]), ml_usecase=None)
2026-05-01 19:41:17,081:INFO:Set up data.
2026-05-01 19:41:17,216:INFO:Initializing predict_model()
2026-05-01 19:41:17,216:INFO:predict_model(self=<pycaret.clustering.oop.ClusteringExperiment object at 0x000001F78B510490>, estimator=Pipeline(memory=Memory(location=None),
         steps=[('numerical_imputer',
                 TransformerWrapper(include=[], transformer=SimpleImputer())),
                ('categorical_imputer',
                 TransformerWrapper(include=['age', 'edu_level', 'fav_animals',
                                             'fav_place', 'gender'],
                                    transformer=SimpleImputer(strategy='most_frequent'))),
                ('ordinal_encoding',
                 TransformerWrapper(include=['gender'],
                                    transfo...
                                                               mapping=[{'col': 'gender',
                                                                         'data_type': dtype('O'),
                                                                         'mapping': Kobieta      0
Mê¿czyzna    1
NaN         -1
dtype: int64}]))),
                ('onehot_encoding',
                 TransformerWrapper(include=['age', 'edu_level', 'fav_animals',
                                             'fav_place'],
                                    transformer=OneHotEncoder(cols=['age',
                                                                    'edu_level',
                                                                    'fav_animals',
                                                                    'fav_place'],
                                                              handle_missing='return_nan',
                                                              use_cat_names=True))),
                ('trained_model', KMeans(random_state=123))]), ml_usecase=None)
2026-05-01 19:41:17,216:INFO:Set up data.
2026-05-01 19:44:00,314:INFO:Initializing predict_model()
2026-05-01 19:44:00,314:INFO:predict_model(self=<pycaret.clustering.oop.ClusteringExperiment object at 0x000001F7E6520410>, estimator=Pipeline(memory=Memory(location=None),
         steps=[('numerical_imputer',
                 TransformerWrapper(include=[], transformer=SimpleImputer())),
                ('categorical_imputer',
                 TransformerWrapper(include=['age', 'edu_level', 'fav_animals',
                                             'fav_place', 'gender'],
                                    transformer=SimpleImputer(strategy='most_frequent'))),
                ('ordinal_encoding',
                 TransformerWrapper(include=['gender'],
                                    transfo...
                                                               mapping=[{'col': 'gender',
                                                                         'data_type': dtype('O'),
                                                                         'mapping': Kobieta      0
Mê¿czyzna    1
NaN         -1
dtype: int64}]))),
                ('onehot_encoding',
                 TransformerWrapper(include=['age', 'edu_level', 'fav_animals',
                                             'fav_place'],
                                    transformer=OneHotEncoder(cols=['age',
                                                                    'edu_level',
                                                                    'fav_animals',
                                                                    'fav_place'],
                                                              handle_missing='return_nan',
                                                              use_cat_names=True))),
                ('trained_model', KMeans(random_state=123))]), ml_usecase=None)
2026-05-01 19:44:00,315:INFO:Set up data.
2026-05-01 19:44:00,495:INFO:Initializing predict_model()
2026-05-01 19:44:00,496:INFO:predict_model(self=<pycaret.clustering.oop.ClusteringExperiment object at 0x000001F78BA23150>, estimator=Pipeline(memory=Memory(location=None),
         steps=[('numerical_imputer',
                 TransformerWrapper(include=[], transformer=SimpleImputer())),
                ('categorical_imputer',
                 TransformerWrapper(include=['age', 'edu_level', 'fav_animals',
                                             'fav_place', 'gender'],
                                    transformer=SimpleImputer(strategy='most_frequent'))),
                ('ordinal_encoding',
                 TransformerWrapper(include=['gender'],
                                    transfo...
                                                               mapping=[{'col': 'gender',
                                                                         'data_type': dtype('O'),
                                                                         'mapping': Kobieta      0
Mê¿czyzna    1
NaN         -1
dtype: int64}]))),
                ('onehot_encoding',
                 TransformerWrapper(include=['age', 'edu_level', 'fav_animals',
                                             'fav_place'],
                                    transformer=OneHotEncoder(cols=['age',
                                                                    'edu_level',
                                                                    'fav_animals',
                                                                    'fav_place'],
                                                              handle_missing='return_nan',
                                                              use_cat_names=True))),
                ('trained_model', KMeans(random_state=123))]), ml_usecase=None)
2026-05-01 19:44:00,497:INFO:Set up data.
2026-05-01 19:44:00,658:INFO:Initializing predict_model()
2026-05-01 19:44:00,658:INFO:predict_model(self=<pycaret.clustering.oop.ClusteringExperiment object at 0x000001F785661A50>, estimator=Pipeline(memory=Memory(location=None),
         steps=[('numerical_imputer',
                 TransformerWrapper(include=[], transformer=SimpleImputer())),
                ('categorical_imputer',
                 TransformerWrapper(include=['age', 'edu_level', 'fav_animals',
                                             'fav_place', 'gender'],
                                    transformer=SimpleImputer(strategy='most_frequent'))),
                ('ordinal_encoding',
                 TransformerWrapper(include=['gender'],
                                    transfo...
                                                               mapping=[{'col': 'gender',
                                                                         'data_type': dtype('O'),
                                                                         'mapping': Kobieta      0
Mê¿czyzna    1
NaN         -1
dtype: int64}]))),
                ('onehot_encoding',
                 TransformerWrapper(include=['age', 'edu_level', 'fav_animals',
                                             'fav_place'],
                                    transformer=OneHotEncoder(cols=['age',
                                                                    'edu_level',
                                                                    'fav_animals',
                                                                    'fav_place'],
                                                              handle_missing='return_nan',
                                                              use_cat_names=True))),
                ('trained_model', KMeans(random_state=123))]), ml_usecase=None)
2026-05-01 19:44:00,658:INFO:Set up data.
2026-05-01 19:44:20,356:INFO:Initializing predict_model()
2026-05-01 19:44:20,357:INFO:predict_model(self=<pycaret.clustering.oop.ClusteringExperiment object at 0x000001F786972C10>, estimator=Pipeline(memory=Memory(location=None),
         steps=[('numerical_imputer',
                 TransformerWrapper(include=[], transformer=SimpleImputer())),
                ('categorical_imputer',
                 TransformerWrapper(include=['age', 'edu_level', 'fav_animals',
                                             'fav_place', 'gender'],
                                    transformer=SimpleImputer(strategy='most_frequent'))),
                ('ordinal_encoding',
                 TransformerWrapper(include=['gender'],
                                    transfo...
                                                               mapping=[{'col': 'gender',
                                                                         'data_type': dtype('O'),
                                                                         'mapping': Kobieta      0
Mê¿czyzna    1
NaN         -1
dtype: int64}]))),
                ('onehot_encoding',
                 TransformerWrapper(include=['age', 'edu_level', 'fav_animals',
                                             'fav_place'],
                                    transformer=OneHotEncoder(cols=['age',
                                                                    'edu_level',
                                                                    'fav_animals',
                                                                    'fav_place'],
                                                              handle_missing='return_nan',
                                                              use_cat_names=True))),
                ('trained_model', KMeans(random_state=123))]), ml_usecase=None)
2026-05-01 19:44:20,357:INFO:Set up data.
2026-05-01 19:44:20,494:INFO:Initializing predict_model()
2026-05-01 19:44:20,495:INFO:predict_model(self=<pycaret.clustering.oop.ClusteringExperiment object at 0x000001F78AB98250>, estimator=Pipeline(memory=Memory(location=None),
         steps=[('numerical_imputer',
                 TransformerWrapper(include=[], transformer=SimpleImputer())),
                ('categorical_imputer',
                 TransformerWrapper(include=['age', 'edu_level', 'fav_animals',
                                             'fav_place', 'gender'],
                                    transformer=SimpleImputer(strategy='most_frequent'))),
                ('ordinal_encoding',
                 TransformerWrapper(include=['gender'],
                                    transfo...
                                                               mapping=[{'col': 'gender',
                                                                         'data_type': dtype('O'),
                                                                         'mapping': Kobieta      0
Mê¿czyzna    1
NaN         -1
dtype: int64}]))),
                ('onehot_encoding',
                 TransformerWrapper(include=['age', 'edu_level', 'fav_animals',
                                             'fav_place'],
                                    transformer=OneHotEncoder(cols=['age',
                                                                    'edu_level',
                                                                    'fav_animals',
                                                                    'fav_place'],
                                                              handle_missing='return_nan',
                                                              use_cat_names=True))),
                ('trained_model', KMeans(random_state=123))]), ml_usecase=None)
2026-05-01 19:44:20,496:INFO:Set up data.
2026-05-01 19:44:20,609:INFO:Initializing predict_model()
2026-05-01 19:44:20,610:INFO:predict_model(self=<pycaret.clustering.oop.ClusteringExperiment object at 0x000001F7CE6C3B90>, estimator=Pipeline(memory=Memory(location=None),
         steps=[('numerical_imputer',
                 TransformerWrapper(include=[], transformer=SimpleImputer())),
                ('categorical_imputer',
                 TransformerWrapper(include=['age', 'edu_level', 'fav_animals',
                                             'fav_place', 'gender'],
                                    transformer=SimpleImputer(strategy='most_frequent'))),
                ('ordinal_encoding',
                 TransformerWrapper(include=['gender'],
                                    transfo...
                                                               mapping=[{'col': 'gender',
                                                                         'data_type': dtype('O'),
                                                                         'mapping': Kobieta      0
Mê¿czyzna    1
NaN         -1
dtype: int64}]))),
                ('onehot_encoding',
                 TransformerWrapper(include=['age', 'edu_level', 'fav_animals',
                                             'fav_place'],
                                    transformer=OneHotEncoder(cols=['age',
                                                                    'edu_level',
                                                                    'fav_animals',
                                                                    'fav_place'],
                                                              handle_missing='return_nan',
                                                              use_cat_names=True))),
                ('trained_model', KMeans(random_state=123))]), ml_usecase=None)
2026-05-01 19:44:20,610:INFO:Set up data.
2026-05-01 19:44:26,141:INFO:Initializing predict_model()
2026-05-01 19:44:26,141:INFO:predict_model(self=<pycaret.clustering.oop.ClusteringExperiment object at 0x000001F78CE15AD0>, estimator=Pipeline(memory=Memory(location=None),
         steps=[('numerical_imputer',
                 TransformerWrapper(include=[], transformer=SimpleImputer())),
                ('categorical_imputer',
                 TransformerWrapper(include=['age', 'edu_level', 'fav_animals',
                                             'fav_place', 'gender'],
                                    transformer=SimpleImputer(strategy='most_frequent'))),
                ('ordinal_encoding',
                 TransformerWrapper(include=['gender'],
                                    transfo...
                                                               mapping=[{'col': 'gender',
                                                                         'data_type': dtype('O'),
                                                                         'mapping': Kobieta      0
Mê¿czyzna    1
NaN         -1
dtype: int64}]))),
                ('onehot_encoding',
                 TransformerWrapper(include=['age', 'edu_level', 'fav_animals',
                                             'fav_place'],
                                    transformer=OneHotEncoder(cols=['age',
                                                                    'edu_level',
                                                                    'fav_animals',
                                                                    'fav_place'],
                                                              handle_missing='return_nan',
                                                              use_cat_names=True))),
                ('trained_model', KMeans(random_state=123))]), ml_usecase=None)
2026-05-01 19:44:26,141:INFO:Set up data.
2026-05-01 19:44:26,251:INFO:Initializing predict_model()
2026-05-01 19:44:26,251:INFO:predict_model(self=<pycaret.clustering.oop.ClusteringExperiment object at 0x000001F7E96846D0>, estimator=Pipeline(memory=Memory(location=None),
         steps=[('numerical_imputer',
                 TransformerWrapper(include=[], transformer=SimpleImputer())),
                ('categorical_imputer',
                 TransformerWrapper(include=['age', 'edu_level', 'fav_animals',
                                             'fav_place', 'gender'],
                                    transformer=SimpleImputer(strategy='most_frequent'))),
                ('ordinal_encoding',
                 TransformerWrapper(include=['gender'],
                                    transfo...
                                                               mapping=[{'col': 'gender',
                                                                         'data_type': dtype('O'),
                                                                         'mapping': Kobieta      0
Mê¿czyzna    1
NaN         -1
dtype: int64}]))),
                ('onehot_encoding',
                 TransformerWrapper(include=['age', 'edu_level', 'fav_animals',
                                             'fav_place'],
                                    transformer=OneHotEncoder(cols=['age',
                                                                    'edu_level',
                                                                    'fav_animals',
                                                                    'fav_place'],
                                                              handle_missing='return_nan',
                                                              use_cat_names=True))),
                ('trained_model', KMeans(random_state=123))]), ml_usecase=None)
2026-05-01 19:44:26,251:INFO:Set up data.
2026-05-01 19:44:26,389:INFO:Initializing predict_model()
2026-05-01 19:44:26,390:INFO:predict_model(self=<pycaret.clustering.oop.ClusteringExperiment object at 0x000001F7E8E78050>, estimator=Pipeline(memory=Memory(location=None),
         steps=[('numerical_imputer',
                 TransformerWrapper(include=[], transformer=SimpleImputer())),
                ('categorical_imputer',
                 TransformerWrapper(include=['age', 'edu_level', 'fav_animals',
                                             'fav_place', 'gender'],
                                    transformer=SimpleImputer(strategy='most_frequent'))),
                ('ordinal_encoding',
                 TransformerWrapper(include=['gender'],
                                    transfo...
                                                               mapping=[{'col': 'gender',
                                                                         'data_type': dtype('O'),
                                                                         'mapping': Kobieta      0
Mê¿czyzna    1
NaN         -1
dtype: int64}]))),
                ('onehot_encoding',
                 TransformerWrapper(include=['age', 'edu_level', 'fav_animals',
                                             'fav_place'],
                                    transformer=OneHotEncoder(cols=['age',
                                                                    'edu_level',
                                                                    'fav_animals',
                                                                    'fav_place'],
                                                              handle_missing='return_nan',
                                                              use_cat_names=True))),
                ('trained_model', KMeans(random_state=123))]), ml_usecase=None)
2026-05-01 19:44:26,390:INFO:Set up data.
2026-05-01 19:44:39,452:INFO:Initializing predict_model()
2026-05-01 19:44:39,453:INFO:predict_model(self=<pycaret.clustering.oop.ClusteringExperiment object at 0x000001F78CDF83D0>, estimator=Pipeline(memory=Memory(location=None),
         steps=[('numerical_imputer',
                 TransformerWrapper(include=[], transformer=SimpleImputer())),
                ('categorical_imputer',
                 TransformerWrapper(include=['age', 'edu_level', 'fav_animals',
                                             'fav_place', 'gender'],
                                    transformer=SimpleImputer(strategy='most_frequent'))),
                ('ordinal_encoding',
                 TransformerWrapper(include=['gender'],
                                    transfo...
                                                               mapping=[{'col': 'gender',
                                                                         'data_type': dtype('O'),
                                                                         'mapping': Kobieta      0
Mê¿czyzna    1
NaN         -1
dtype: int64}]))),
                ('onehot_encoding',
                 TransformerWrapper(include=['age', 'edu_level', 'fav_animals',
                                             'fav_place'],
                                    transformer=OneHotEncoder(cols=['age',
                                                                    'edu_level',
                                                                    'fav_animals',
                                                                    'fav_place'],
                                                              handle_missing='return_nan',
                                                              use_cat_names=True))),
                ('trained_model', KMeans(random_state=123))]), ml_usecase=None)
2026-05-01 19:44:39,454:INFO:Set up data.
2026-05-01 19:44:39,584:INFO:Initializing predict_model()
2026-05-01 19:44:39,584:INFO:predict_model(self=<pycaret.clustering.oop.ClusteringExperiment object at 0x000001F78CDFBF10>, estimator=Pipeline(memory=Memory(location=None),
         steps=[('numerical_imputer',
                 TransformerWrapper(include=[], transformer=SimpleImputer())),
                ('categorical_imputer',
                 TransformerWrapper(include=['age', 'edu_level', 'fav_animals',
                                             'fav_place', 'gender'],
                                    transformer=SimpleImputer(strategy='most_frequent'))),
                ('ordinal_encoding',
                 TransformerWrapper(include=['gender'],
                                    transfo...
                                                               mapping=[{'col': 'gender',
                                                                         'data_type': dtype('O'),
                                                                         'mapping': Kobieta      0
Mê¿czyzna    1
NaN         -1
dtype: int64}]))),
                ('onehot_encoding',
                 TransformerWrapper(include=['age', 'edu_level', 'fav_animals',
                                             'fav_place'],
                                    transformer=OneHotEncoder(cols=['age',
                                                                    'edu_level',
                                                                    'fav_animals',
                                                                    'fav_place'],
                                                              handle_missing='return_nan',
                                                              use_cat_names=True))),
                ('trained_model', KMeans(random_state=123))]), ml_usecase=None)
2026-05-01 19:44:39,584:INFO:Set up data.
2026-05-01 19:44:39,713:INFO:Initializing predict_model()
2026-05-01 19:44:39,714:INFO:predict_model(self=<pycaret.clustering.oop.ClusteringExperiment object at 0x000001F7D0242D50>, estimator=Pipeline(memory=Memory(location=None),
         steps=[('numerical_imputer',
                 TransformerWrapper(include=[], transformer=SimpleImputer())),
                ('categorical_imputer',
                 TransformerWrapper(include=['age', 'edu_level', 'fav_animals',
                                             'fav_place', 'gender'],
                                    transformer=SimpleImputer(strategy='most_frequent'))),
                ('ordinal_encoding',
                 TransformerWrapper(include=['gender'],
                                    transfo...
                                                               mapping=[{'col': 'gender',
                                                                         'data_type': dtype('O'),
                                                                         'mapping': Kobieta      0
Mê¿czyzna    1
NaN         -1
dtype: int64}]))),
                ('onehot_encoding',
                 TransformerWrapper(include=['age', 'edu_level', 'fav_animals',
                                             'fav_place'],
                                    transformer=OneHotEncoder(cols=['age',
                                                                    'edu_level',
                                                                    'fav_animals',
                                                                    'fav_place'],
                                                              handle_missing='return_nan',
                                                              use_cat_names=True))),
                ('trained_model', KMeans(random_state=123))]), ml_usecase=None)
2026-05-01 19:44:39,714:INFO:Set up data.
2026-05-01 19:44:47,883:INFO:Initializing predict_model()
2026-05-01 19:44:47,884:INFO:predict_model(self=<pycaret.clustering.oop.ClusteringExperiment object at 0x000001F78AF73510>, estimator=Pipeline(memory=Memory(location=None),
         steps=[('numerical_imputer',
                 TransformerWrapper(include=[], transformer=SimpleImputer())),
                ('categorical_imputer',
                 TransformerWrapper(include=['age', 'edu_level', 'fav_animals',
                                             'fav_place', 'gender'],
                                    transformer=SimpleImputer(strategy='most_frequent'))),
                ('ordinal_encoding',
                 TransformerWrapper(include=['gender'],
                                    transfo...
                                                               mapping=[{'col': 'gender',
                                                                         'data_type': dtype('O'),
                                                                         'mapping': Kobieta      0
Mê¿czyzna    1
NaN         -1
dtype: int64}]))),
                ('onehot_encoding',
                 TransformerWrapper(include=['age', 'edu_level', 'fav_animals',
                                             'fav_place'],
                                    transformer=OneHotEncoder(cols=['age',
                                                                    'edu_level',
                                                                    'fav_animals',
                                                                    'fav_place'],
                                                              handle_missing='return_nan',
                                                              use_cat_names=True))),
                ('trained_model', KMeans(random_state=123))]), ml_usecase=None)
2026-05-01 19:44:47,884:INFO:Set up data.
2026-05-01 19:44:48,010:INFO:Initializing predict_model()
2026-05-01 19:44:48,010:INFO:predict_model(self=<pycaret.clustering.oop.ClusteringExperiment object at 0x000001F788B0AA10>, estimator=Pipeline(memory=Memory(location=None),
         steps=[('numerical_imputer',
                 TransformerWrapper(include=[], transformer=SimpleImputer())),
                ('categorical_imputer',
                 TransformerWrapper(include=['age', 'edu_level', 'fav_animals',
                                             'fav_place', 'gender'],
                                    transformer=SimpleImputer(strategy='most_frequent'))),
                ('ordinal_encoding',
                 TransformerWrapper(include=['gender'],
                                    transfo...
                                                               mapping=[{'col': 'gender',
                                                                         'data_type': dtype('O'),
                                                                         'mapping': Kobieta      0
Mê¿czyzna    1
NaN         -1
dtype: int64}]))),
                ('onehot_encoding',
                 TransformerWrapper(include=['age', 'edu_level', 'fav_animals',
                                             'fav_place'],
                                    transformer=OneHotEncoder(cols=['age',
                                                                    'edu_level',
                                                                    'fav_animals',
                                                                    'fav_place'],
                                                              handle_missing='return_nan',
                                                              use_cat_names=True))),
                ('trained_model', KMeans(random_state=123))]), ml_usecase=None)
2026-05-01 19:44:48,011:INFO:Set up data.
2026-05-01 19:44:48,140:INFO:Initializing predict_model()
2026-05-01 19:44:48,141:INFO:predict_model(self=<pycaret.clustering.oop.ClusteringExperiment object at 0x000001F78B4A5510>, estimator=Pipeline(memory=Memory(location=None),
         steps=[('numerical_imputer',
                 TransformerWrapper(include=[], transformer=SimpleImputer())),
                ('categorical_imputer',
                 TransformerWrapper(include=['age', 'edu_level', 'fav_animals',
                                             'fav_place', 'gender'],
                                    transformer=SimpleImputer(strategy='most_frequent'))),
                ('ordinal_encoding',
                 TransformerWrapper(include=['gender'],
                                    transfo...
                                                               mapping=[{'col': 'gender',
                                                                         'data_type': dtype('O'),
                                                                         'mapping': Kobieta      0
Mê¿czyzna    1
NaN         -1
dtype: int64}]))),
                ('onehot_encoding',
                 TransformerWrapper(include=['age', 'edu_level', 'fav_animals',
                                             'fav_place'],
                                    transformer=OneHotEncoder(cols=['age',
                                                                    'edu_level',
                                                                    'fav_animals',
                                                                    'fav_place'],
                                                              handle_missing='return_nan',
                                                              use_cat_names=True))),
                ('trained_model', KMeans(random_state=123))]), ml_usecase=None)
2026-05-01 19:44:48,141:INFO:Set up data.
2026-05-01 19:46:31,528:INFO:Initializing predict_model()
2026-05-01 19:46:31,528:INFO:predict_model(self=<pycaret.clustering.oop.ClusteringExperiment object at 0x000001F7FF732610>, estimator=Pipeline(memory=Memory(location=None),
         steps=[('numerical_imputer',
                 TransformerWrapper(include=[], transformer=SimpleImputer())),
                ('categorical_imputer',
                 TransformerWrapper(include=['age', 'edu_level', 'fav_animals',
                                             'fav_place', 'gender'],
                                    transformer=SimpleImputer(strategy='most_frequent'))),
                ('ordinal_encoding',
                 TransformerWrapper(include=['gender'],
                                    transfo...
                                                               mapping=[{'col': 'gender',
                                                                         'data_type': dtype('O'),
                                                                         'mapping': Kobieta      0
Mê¿czyzna    1
NaN         -1
dtype: int64}]))),
                ('onehot_encoding',
                 TransformerWrapper(include=['age', 'edu_level', 'fav_animals',
                                             'fav_place'],
                                    transformer=OneHotEncoder(cols=['age',
                                                                    'edu_level',
                                                                    'fav_animals',
                                                                    'fav_place'],
                                                              handle_missing='return_nan',
                                                              use_cat_names=True))),
                ('trained_model', KMeans(random_state=123))]), ml_usecase=None)
2026-05-01 19:46:31,529:INFO:Set up data.
2026-05-01 19:46:31,693:INFO:Initializing predict_model()
2026-05-01 19:46:31,694:INFO:predict_model(self=<pycaret.clustering.oop.ClusteringExperiment object at 0x000001F78B9A72D0>, estimator=Pipeline(memory=Memory(location=None),
         steps=[('numerical_imputer',
                 TransformerWrapper(include=[], transformer=SimpleImputer())),
                ('categorical_imputer',
                 TransformerWrapper(include=['age', 'edu_level', 'fav_animals',
                                             'fav_place', 'gender'],
                                    transformer=SimpleImputer(strategy='most_frequent'))),
                ('ordinal_encoding',
                 TransformerWrapper(include=['gender'],
                                    transfo...
                                                               mapping=[{'col': 'gender',
                                                                         'data_type': dtype('O'),
                                                                         'mapping': Kobieta      0
Mê¿czyzna    1
NaN         -1
dtype: int64}]))),
                ('onehot_encoding',
                 TransformerWrapper(include=['age', 'edu_level', 'fav_animals',
                                             'fav_place'],
                                    transformer=OneHotEncoder(cols=['age',
                                                                    'edu_level',
                                                                    'fav_animals',
                                                                    'fav_place'],
                                                              handle_missing='return_nan',
                                                              use_cat_names=True))),
                ('trained_model', KMeans(random_state=123))]), ml_usecase=None)
2026-05-01 19:46:31,695:INFO:Set up data.
2026-05-01 19:46:31,847:INFO:Initializing predict_model()
2026-05-01 19:46:31,847:INFO:predict_model(self=<pycaret.clustering.oop.ClusteringExperiment object at 0x000001F78B9163D0>, estimator=Pipeline(memory=Memory(location=None),
         steps=[('numerical_imputer',
                 TransformerWrapper(include=[], transformer=SimpleImputer())),
                ('categorical_imputer',
                 TransformerWrapper(include=['age', 'edu_level', 'fav_animals',
                                             'fav_place', 'gender'],
                                    transformer=SimpleImputer(strategy='most_frequent'))),
                ('ordinal_encoding',
                 TransformerWrapper(include=['gender'],
                                    transfo...
                                                               mapping=[{'col': 'gender',
                                                                         'data_type': dtype('O'),
                                                                         'mapping': Kobieta      0
Mê¿czyzna    1
NaN         -1
dtype: int64}]))),
                ('onehot_encoding',
                 TransformerWrapper(include=['age', 'edu_level', 'fav_animals',
                                             'fav_place'],
                                    transformer=OneHotEncoder(cols=['age',
                                                                    'edu_level',
                                                                    'fav_animals',
                                                                    'fav_place'],
                                                              handle_missing='return_nan',
                                                              use_cat_names=True))),
                ('trained_model', KMeans(random_state=123))]), ml_usecase=None)
2026-05-01 19:46:31,848:INFO:Set up data.
2026-05-01 19:46:47,197:INFO:Initializing predict_model()
2026-05-01 19:46:47,197:INFO:predict_model(self=<pycaret.clustering.oop.ClusteringExperiment object at 0x000001F78AE04C50>, estimator=Pipeline(memory=Memory(location=None),
         steps=[('numerical_imputer',
                 TransformerWrapper(include=[], transformer=SimpleImputer())),
                ('categorical_imputer',
                 TransformerWrapper(include=['age', 'edu_level', 'fav_animals',
                                             'fav_place', 'gender'],
                                    transformer=SimpleImputer(strategy='most_frequent'))),
                ('ordinal_encoding',
                 TransformerWrapper(include=['gender'],
                                    transfo...
                                                               mapping=[{'col': 'gender',
                                                                         'data_type': dtype('O'),
                                                                         'mapping': Kobieta      0
Mê¿czyzna    1
NaN         -1
dtype: int64}]))),
                ('onehot_encoding',
                 TransformerWrapper(include=['age', 'edu_level', 'fav_animals',
                                             'fav_place'],
                                    transformer=OneHotEncoder(cols=['age',
                                                                    'edu_level',
                                                                    'fav_animals',
                                                                    'fav_place'],
                                                              handle_missing='return_nan',
                                                              use_cat_names=True))),
                ('trained_model', KMeans(random_state=123))]), ml_usecase=None)
2026-05-01 19:46:47,198:INFO:Set up data.
2026-05-01 19:46:47,330:INFO:Initializing predict_model()
2026-05-01 19:46:47,331:INFO:predict_model(self=<pycaret.clustering.oop.ClusteringExperiment object at 0x000001F78AB9A110>, estimator=Pipeline(memory=Memory(location=None),
         steps=[('numerical_imputer',
                 TransformerWrapper(include=[], transformer=SimpleImputer())),
                ('categorical_imputer',
                 TransformerWrapper(include=['age', 'edu_level', 'fav_animals',
                                             'fav_place', 'gender'],
                                    transformer=SimpleImputer(strategy='most_frequent'))),
                ('ordinal_encoding',
                 TransformerWrapper(include=['gender'],
                                    transfo...
                                                               mapping=[{'col': 'gender',
                                                                         'data_type': dtype('O'),
                                                                         'mapping': Kobieta      0
Mê¿czyzna    1
NaN         -1
dtype: int64}]))),
                ('onehot_encoding',
                 TransformerWrapper(include=['age', 'edu_level', 'fav_animals',
                                             'fav_place'],
                                    transformer=OneHotEncoder(cols=['age',
                                                                    'edu_level',
                                                                    'fav_animals',
                                                                    'fav_place'],
                                                              handle_missing='return_nan',
                                                              use_cat_names=True))),
                ('trained_model', KMeans(random_state=123))]), ml_usecase=None)
2026-05-01 19:46:47,331:INFO:Set up data.
2026-05-01 19:46:47,455:INFO:Initializing predict_model()
2026-05-01 19:46:47,455:INFO:predict_model(self=<pycaret.clustering.oop.ClusteringExperiment object at 0x000001F78681B450>, estimator=Pipeline(memory=Memory(location=None),
         steps=[('numerical_imputer',
                 TransformerWrapper(include=[], transformer=SimpleImputer())),
                ('categorical_imputer',
                 TransformerWrapper(include=['age', 'edu_level', 'fav_animals',
                                             'fav_place', 'gender'],
                                    transformer=SimpleImputer(strategy='most_frequent'))),
                ('ordinal_encoding',
                 TransformerWrapper(include=['gender'],
                                    transfo...
                                                               mapping=[{'col': 'gender',
                                                                         'data_type': dtype('O'),
                                                                         'mapping': Kobieta      0
Mê¿czyzna    1
NaN         -1
dtype: int64}]))),
                ('onehot_encoding',
                 TransformerWrapper(include=['age', 'edu_level', 'fav_animals',
                                             'fav_place'],
                                    transformer=OneHotEncoder(cols=['age',
                                                                    'edu_level',
                                                                    'fav_animals',
                                                                    'fav_place'],
                                                              handle_missing='return_nan',
                                                              use_cat_names=True))),
                ('trained_model', KMeans(random_state=123))]), ml_usecase=None)
2026-05-01 19:46:47,456:INFO:Set up data.
2026-05-01 19:47:52,070:INFO:Initializing predict_model()
2026-05-01 19:47:52,071:INFO:predict_model(self=<pycaret.clustering.oop.ClusteringExperiment object at 0x000001F78CDF7F90>, estimator=Pipeline(memory=Memory(location=None),
         steps=[('numerical_imputer',
                 TransformerWrapper(include=[], transformer=SimpleImputer())),
                ('categorical_imputer',
                 TransformerWrapper(include=['age', 'edu_level', 'fav_animals',
                                             'fav_place', 'gender'],
                                    transformer=SimpleImputer(strategy='most_frequent'))),
                ('ordinal_encoding',
                 TransformerWrapper(include=['gender'],
                                    transfo...
                                                               mapping=[{'col': 'gender',
                                                                         'data_type': dtype('O'),
                                                                         'mapping': Kobieta      0
Mê¿czyzna    1
NaN         -1
dtype: int64}]))),
                ('onehot_encoding',
                 TransformerWrapper(include=['age', 'edu_level', 'fav_animals',
                                             'fav_place'],
                                    transformer=OneHotEncoder(cols=['age',
                                                                    'edu_level',
                                                                    'fav_animals',
                                                                    'fav_place'],
                                                              handle_missing='return_nan',
                                                              use_cat_names=True))),
                ('trained_model', KMeans(random_state=123))]), ml_usecase=None)
2026-05-01 19:47:52,071:INFO:Set up data.
2026-05-01 19:47:52,200:INFO:Initializing predict_model()
2026-05-01 19:47:52,201:INFO:predict_model(self=<pycaret.clustering.oop.ClusteringExperiment object at 0x000001F78CDF5810>, estimator=Pipeline(memory=Memory(location=None),
         steps=[('numerical_imputer',
                 TransformerWrapper(include=[], transformer=SimpleImputer())),
                ('categorical_imputer',
                 TransformerWrapper(include=['age', 'edu_level', 'fav_animals',
                                             'fav_place', 'gender'],
                                    transformer=SimpleImputer(strategy='most_frequent'))),
                ('ordinal_encoding',
                 TransformerWrapper(include=['gender'],
                                    transfo...
                                                               mapping=[{'col': 'gender',
                                                                         'data_type': dtype('O'),
                                                                         'mapping': Kobieta      0
Mê¿czyzna    1
NaN         -1
dtype: int64}]))),
                ('onehot_encoding',
                 TransformerWrapper(include=['age', 'edu_level', 'fav_animals',
                                             'fav_place'],
                                    transformer=OneHotEncoder(cols=['age',
                                                                    'edu_level',
                                                                    'fav_animals',
                                                                    'fav_place'],
                                                              handle_missing='return_nan',
                                                              use_cat_names=True))),
                ('trained_model', KMeans(random_state=123))]), ml_usecase=None)
2026-05-01 19:47:52,201:INFO:Set up data.
2026-05-01 19:47:52,344:INFO:Initializing predict_model()
2026-05-01 19:47:52,344:INFO:predict_model(self=<pycaret.clustering.oop.ClusteringExperiment object at 0x000001F78AB38490>, estimator=Pipeline(memory=Memory(location=None),
         steps=[('numerical_imputer',
                 TransformerWrapper(include=[], transformer=SimpleImputer())),
                ('categorical_imputer',
                 TransformerWrapper(include=['age', 'edu_level', 'fav_animals',
                                             'fav_place', 'gender'],
                                    transformer=SimpleImputer(strategy='most_frequent'))),
                ('ordinal_encoding',
                 TransformerWrapper(include=['gender'],
                                    transfo...
                                                               mapping=[{'col': 'gender',
                                                                         'data_type': dtype('O'),
                                                                         'mapping': Kobieta      0
Mê¿czyzna    1
NaN         -1
dtype: int64}]))),
                ('onehot_encoding',
                 TransformerWrapper(include=['age', 'edu_level', 'fav_animals',
                                             'fav_place'],
                                    transformer=OneHotEncoder(cols=['age',
                                                                    'edu_level',
                                                                    'fav_animals',
                                                                    'fav_place'],
                                                              handle_missing='return_nan',
                                                              use_cat_names=True))),
                ('trained_model', KMeans(random_state=123))]), ml_usecase=None)
2026-05-01 19:47:52,345:INFO:Set up data.
2026-05-01 19:47:57,126:INFO:Initializing predict_model()
2026-05-01 19:47:57,126:INFO:predict_model(self=<pycaret.clustering.oop.ClusteringExperiment object at 0x000001F78698C550>, estimator=Pipeline(memory=Memory(location=None),
         steps=[('numerical_imputer',
                 TransformerWrapper(include=[], transformer=SimpleImputer())),
                ('categorical_imputer',
                 TransformerWrapper(include=['age', 'edu_level', 'fav_animals',
                                             'fav_place', 'gender'],
                                    transformer=SimpleImputer(strategy='most_frequent'))),
                ('ordinal_encoding',
                 TransformerWrapper(include=['gender'],
                                    transfo...
                                                               mapping=[{'col': 'gender',
                                                                         'data_type': dtype('O'),
                                                                         'mapping': Kobieta      0
Mê¿czyzna    1
NaN         -1
dtype: int64}]))),
                ('onehot_encoding',
                 TransformerWrapper(include=['age', 'edu_level', 'fav_animals',
                                             'fav_place'],
                                    transformer=OneHotEncoder(cols=['age',
                                                                    'edu_level',
                                                                    'fav_animals',
                                                                    'fav_place'],
                                                              handle_missing='return_nan',
                                                              use_cat_names=True))),
                ('trained_model', KMeans(random_state=123))]), ml_usecase=None)
2026-05-01 19:47:57,126:INFO:Set up data.
2026-05-01 19:47:57,263:INFO:Initializing predict_model()
2026-05-01 19:47:57,263:INFO:predict_model(self=<pycaret.clustering.oop.ClusteringExperiment object at 0x000001F7FF7490D0>, estimator=Pipeline(memory=Memory(location=None),
         steps=[('numerical_imputer',
                 TransformerWrapper(include=[], transformer=SimpleImputer())),
                ('categorical_imputer',
                 TransformerWrapper(include=['age', 'edu_level', 'fav_animals',
                                             'fav_place', 'gender'],
                                    transformer=SimpleImputer(strategy='most_frequent'))),
                ('ordinal_encoding',
                 TransformerWrapper(include=['gender'],
                                    transfo...
                                                               mapping=[{'col': 'gender',
                                                                         'data_type': dtype('O'),
                                                                         'mapping': Kobieta      0
Mê¿czyzna    1
NaN         -1
dtype: int64}]))),
                ('onehot_encoding',
                 TransformerWrapper(include=['age', 'edu_level', 'fav_animals',
                                             'fav_place'],
                                    transformer=OneHotEncoder(cols=['age',
                                                                    'edu_level',
                                                                    'fav_animals',
                                                                    'fav_place'],
                                                              handle_missing='return_nan',
                                                              use_cat_names=True))),
                ('trained_model', KMeans(random_state=123))]), ml_usecase=None)
2026-05-01 19:47:57,263:INFO:Set up data.
2026-05-01 19:47:57,401:INFO:Initializing predict_model()
2026-05-01 19:47:57,401:INFO:predict_model(self=<pycaret.clustering.oop.ClusteringExperiment object at 0x000001F7FF728810>, estimator=Pipeline(memory=Memory(location=None),
         steps=[('numerical_imputer',
                 TransformerWrapper(include=[], transformer=SimpleImputer())),
                ('categorical_imputer',
                 TransformerWrapper(include=['age', 'edu_level', 'fav_animals',
                                             'fav_place', 'gender'],
                                    transformer=SimpleImputer(strategy='most_frequent'))),
                ('ordinal_encoding',
                 TransformerWrapper(include=['gender'],
                                    transfo...
                                                               mapping=[{'col': 'gender',
                                                                         'data_type': dtype('O'),
                                                                         'mapping': Kobieta      0
Mê¿czyzna    1
NaN         -1
dtype: int64}]))),
                ('onehot_encoding',
                 TransformerWrapper(include=['age', 'edu_level', 'fav_animals',
                                             'fav_place'],
                                    transformer=OneHotEncoder(cols=['age',
                                                                    'edu_level',
                                                                    'fav_animals',
                                                                    'fav_place'],
                                                              handle_missing='return_nan',
                                                              use_cat_names=True))),
                ('trained_model', KMeans(random_state=123))]), ml_usecase=None)
2026-05-01 19:47:57,401:INFO:Set up data.
2026-05-01 19:48:03,328:INFO:Initializing predict_model()
2026-05-01 19:48:03,328:INFO:predict_model(self=<pycaret.clustering.oop.ClusteringExperiment object at 0x000001F78CCE1450>, estimator=Pipeline(memory=Memory(location=None),
         steps=[('numerical_imputer',
                 TransformerWrapper(include=[], transformer=SimpleImputer())),
                ('categorical_imputer',
                 TransformerWrapper(include=['age', 'edu_level', 'fav_animals',
                                             'fav_place', 'gender'],
                                    transformer=SimpleImputer(strategy='most_frequent'))),
                ('ordinal_encoding',
                 TransformerWrapper(include=['gender'],
                                    transfo...
                                                               mapping=[{'col': 'gender',
                                                                         'data_type': dtype('O'),
                                                                         'mapping': Kobieta      0
Mê¿czyzna    1
NaN         -1
dtype: int64}]))),
                ('onehot_encoding',
                 TransformerWrapper(include=['age', 'edu_level', 'fav_animals',
                                             'fav_place'],
                                    transformer=OneHotEncoder(cols=['age',
                                                                    'edu_level',
                                                                    'fav_animals',
                                                                    'fav_place'],
                                                              handle_missing='return_nan',
                                                              use_cat_names=True))),
                ('trained_model', KMeans(random_state=123))]), ml_usecase=None)
2026-05-01 19:48:03,328:INFO:Set up data.
2026-05-01 19:48:03,482:INFO:Initializing predict_model()
2026-05-01 19:48:03,483:INFO:predict_model(self=<pycaret.clustering.oop.ClusteringExperiment object at 0x000001F78CCE18D0>, estimator=Pipeline(memory=Memory(location=None),
         steps=[('numerical_imputer',
                 TransformerWrapper(include=[], transformer=SimpleImputer())),
                ('categorical_imputer',
                 TransformerWrapper(include=['age', 'edu_level', 'fav_animals',
                                             'fav_place', 'gender'],
                                    transformer=SimpleImputer(strategy='most_frequent'))),
                ('ordinal_encoding',
                 TransformerWrapper(include=['gender'],
                                    transfo...
                                                               mapping=[{'col': 'gender',
                                                                         'data_type': dtype('O'),
                                                                         'mapping': Kobieta      0
Mê¿czyzna    1
NaN         -1
dtype: int64}]))),
                ('onehot_encoding',
                 TransformerWrapper(include=['age', 'edu_level', 'fav_animals',
                                             'fav_place'],
                                    transformer=OneHotEncoder(cols=['age',
                                                                    'edu_level',
                                                                    'fav_animals',
                                                                    'fav_place'],
                                                              handle_missing='return_nan',
                                                              use_cat_names=True))),
                ('trained_model', KMeans(random_state=123))]), ml_usecase=None)
2026-05-01 19:48:03,483:INFO:Set up data.
2026-05-01 19:48:03,626:INFO:Initializing predict_model()
2026-05-01 19:48:03,626:INFO:predict_model(self=<pycaret.clustering.oop.ClusteringExperiment object at 0x000001F78ADB2A90>, estimator=Pipeline(memory=Memory(location=None),
         steps=[('numerical_imputer',
                 TransformerWrapper(include=[], transformer=SimpleImputer())),
                ('categorical_imputer',
                 TransformerWrapper(include=['age', 'edu_level', 'fav_animals',
                                             'fav_place', 'gender'],
                                    transformer=SimpleImputer(strategy='most_frequent'))),
                ('ordinal_encoding',
                 TransformerWrapper(include=['gender'],
                                    transfo...
                                                               mapping=[{'col': 'gender',
                                                                         'data_type': dtype('O'),
                                                                         'mapping': Kobieta      0
Mê¿czyzna    1
NaN         -1
dtype: int64}]))),
                ('onehot_encoding',
                 TransformerWrapper(include=['age', 'edu_level', 'fav_animals',
                                             'fav_place'],
                                    transformer=OneHotEncoder(cols=['age',
                                                                    'edu_level',
                                                                    'fav_animals',
                                                                    'fav_place'],
                                                              handle_missing='return_nan',
                                                              use_cat_names=True))),
                ('trained_model', KMeans(random_state=123))]), ml_usecase=None)
2026-05-01 19:48:03,627:INFO:Set up data.
2026-05-01 19:48:11,657:INFO:Initializing predict_model()
2026-05-01 19:48:11,657:INFO:predict_model(self=<pycaret.clustering.oop.ClusteringExperiment object at 0x000001F78CDE4ED0>, estimator=Pipeline(memory=Memory(location=None),
         steps=[('numerical_imputer',
                 TransformerWrapper(include=[], transformer=SimpleImputer())),
                ('categorical_imputer',
                 TransformerWrapper(include=['age', 'edu_level', 'fav_animals',
                                             'fav_place', 'gender'],
                                    transformer=SimpleImputer(strategy='most_frequent'))),
                ('ordinal_encoding',
                 TransformerWrapper(include=['gender'],
                                    transfo...
                                                               mapping=[{'col': 'gender',
                                                                         'data_type': dtype('O'),
                                                                         'mapping': Kobieta      0
Mê¿czyzna    1
NaN         -1
dtype: int64}]))),
                ('onehot_encoding',
                 TransformerWrapper(include=['age', 'edu_level', 'fav_animals',
                                             'fav_place'],
                                    transformer=OneHotEncoder(cols=['age',
                                                                    'edu_level',
                                                                    'fav_animals',
                                                                    'fav_place'],
                                                              handle_missing='return_nan',
                                                              use_cat_names=True))),
                ('trained_model', KMeans(random_state=123))]), ml_usecase=None)
2026-05-01 19:48:11,658:INFO:Set up data.
2026-05-01 19:48:11,775:INFO:Initializing predict_model()
2026-05-01 19:48:11,776:INFO:predict_model(self=<pycaret.clustering.oop.ClusteringExperiment object at 0x000001F78CD14610>, estimator=Pipeline(memory=Memory(location=None),
         steps=[('numerical_imputer',
                 TransformerWrapper(include=[], transformer=SimpleImputer())),
                ('categorical_imputer',
                 TransformerWrapper(include=['age', 'edu_level', 'fav_animals',
                                             'fav_place', 'gender'],
                                    transformer=SimpleImputer(strategy='most_frequent'))),
                ('ordinal_encoding',
                 TransformerWrapper(include=['gender'],
                                    transfo...
                                                               mapping=[{'col': 'gender',
                                                                         'data_type': dtype('O'),
                                                                         'mapping': Kobieta      0
Mê¿czyzna    1
NaN         -1
dtype: int64}]))),
                ('onehot_encoding',
                 TransformerWrapper(include=['age', 'edu_level', 'fav_animals',
                                             'fav_place'],
                                    transformer=OneHotEncoder(cols=['age',
                                                                    'edu_level',
                                                                    'fav_animals',
                                                                    'fav_place'],
                                                              handle_missing='return_nan',
                                                              use_cat_names=True))),
                ('trained_model', KMeans(random_state=123))]), ml_usecase=None)
2026-05-01 19:48:11,776:INFO:Set up data.
2026-05-01 19:48:11,903:INFO:Initializing predict_model()
2026-05-01 19:48:11,903:INFO:predict_model(self=<pycaret.clustering.oop.ClusteringExperiment object at 0x000001F78ACD9710>, estimator=Pipeline(memory=Memory(location=None),
         steps=[('numerical_imputer',
                 TransformerWrapper(include=[], transformer=SimpleImputer())),
                ('categorical_imputer',
                 TransformerWrapper(include=['age', 'edu_level', 'fav_animals',
                                             'fav_place', 'gender'],
                                    transformer=SimpleImputer(strategy='most_frequent'))),
                ('ordinal_encoding',
                 TransformerWrapper(include=['gender'],
                                    transfo...
                                                               mapping=[{'col': 'gender',
                                                                         'data_type': dtype('O'),
                                                                         'mapping': Kobieta      0
Mê¿czyzna    1
NaN         -1
dtype: int64}]))),
                ('onehot_encoding',
                 TransformerWrapper(include=['age', 'edu_level', 'fav_animals',
                                             'fav_place'],
                                    transformer=OneHotEncoder(cols=['age',
                                                                    'edu_level',
                                                                    'fav_animals',
                                                                    'fav_place'],
                                                              handle_missing='return_nan',
                                                              use_cat_names=True))),
                ('trained_model', KMeans(random_state=123))]), ml_usecase=None)
2026-05-01 19:48:11,903:INFO:Set up data.
2026-05-01 19:48:21,351:INFO:Initializing predict_model()
2026-05-01 19:48:21,352:INFO:predict_model(self=<pycaret.clustering.oop.ClusteringExperiment object at 0x000001F78AE15C10>, estimator=Pipeline(memory=Memory(location=None),
         steps=[('numerical_imputer',
                 TransformerWrapper(include=[], transformer=SimpleImputer())),
                ('categorical_imputer',
                 TransformerWrapper(include=['age', 'edu_level', 'fav_animals',
                                             'fav_place', 'gender'],
                                    transformer=SimpleImputer(strategy='most_frequent'))),
                ('ordinal_encoding',
                 TransformerWrapper(include=['gender'],
                                    transfo...
                                                               mapping=[{'col': 'gender',
                                                                         'data_type': dtype('O'),
                                                                         'mapping': Kobieta      0
Mê¿czyzna    1
NaN         -1
dtype: int64}]))),
                ('onehot_encoding',
                 TransformerWrapper(include=['age', 'edu_level', 'fav_animals',
                                             'fav_place'],
                                    transformer=OneHotEncoder(cols=['age',
                                                                    'edu_level',
                                                                    'fav_animals',
                                                                    'fav_place'],
                                                              handle_missing='return_nan',
                                                              use_cat_names=True))),
                ('trained_model', KMeans(random_state=123))]), ml_usecase=None)
2026-05-01 19:48:21,353:INFO:Set up data.
2026-05-01 19:48:21,480:INFO:Initializing predict_model()
2026-05-01 19:48:21,480:INFO:predict_model(self=<pycaret.clustering.oop.ClusteringExperiment object at 0x000001F78B940550>, estimator=Pipeline(memory=Memory(location=None),
         steps=[('numerical_imputer',
                 TransformerWrapper(include=[], transformer=SimpleImputer())),
                ('categorical_imputer',
                 TransformerWrapper(include=['age', 'edu_level', 'fav_animals',
                                             'fav_place', 'gender'],
                                    transformer=SimpleImputer(strategy='most_frequent'))),
                ('ordinal_encoding',
                 TransformerWrapper(include=['gender'],
                                    transfo...
                                                               mapping=[{'col': 'gender',
                                                                         'data_type': dtype('O'),
                                                                         'mapping': Kobieta      0
Mê¿czyzna    1
NaN         -1
dtype: int64}]))),
                ('onehot_encoding',
                 TransformerWrapper(include=['age', 'edu_level', 'fav_animals',
                                             'fav_place'],
                                    transformer=OneHotEncoder(cols=['age',
                                                                    'edu_level',
                                                                    'fav_animals',
                                                                    'fav_place'],
                                                              handle_missing='return_nan',
                                                              use_cat_names=True))),
                ('trained_model', KMeans(random_state=123))]), ml_usecase=None)
2026-05-01 19:48:21,480:INFO:Set up data.
2026-05-01 19:48:21,602:INFO:Initializing predict_model()
2026-05-01 19:48:21,602:INFO:predict_model(self=<pycaret.clustering.oop.ClusteringExperiment object at 0x000001F7D0243250>, estimator=Pipeline(memory=Memory(location=None),
         steps=[('numerical_imputer',
                 TransformerWrapper(include=[], transformer=SimpleImputer())),
                ('categorical_imputer',
                 TransformerWrapper(include=['age', 'edu_level', 'fav_animals',
                                             'fav_place', 'gender'],
                                    transformer=SimpleImputer(strategy='most_frequent'))),
                ('ordinal_encoding',
                 TransformerWrapper(include=['gender'],
                                    transfo...
                                                               mapping=[{'col': 'gender',
                                                                         'data_type': dtype('O'),
                                                                         'mapping': Kobieta      0
Mê¿czyzna    1
NaN         -1
dtype: int64}]))),
                ('onehot_encoding',
                 TransformerWrapper(include=['age', 'edu_level', 'fav_animals',
                                             'fav_place'],
                                    transformer=OneHotEncoder(cols=['age',
                                                                    'edu_level',
                                                                    'fav_animals',
                                                                    'fav_place'],
                                                              handle_missing='return_nan',
                                                              use_cat_names=True))),
                ('trained_model', KMeans(random_state=123))]), ml_usecase=None)
2026-05-01 19:48:21,602:INFO:Set up data.
2026-05-01 19:48:26,918:INFO:Initializing predict_model()
2026-05-01 19:48:26,919:INFO:predict_model(self=<pycaret.clustering.oop.ClusteringExperiment object at 0x000001F78B978150>, estimator=Pipeline(memory=Memory(location=None),
         steps=[('numerical_imputer',
                 TransformerWrapper(include=[], transformer=SimpleImputer())),
                ('categorical_imputer',
                 TransformerWrapper(include=['age', 'edu_level', 'fav_animals',
                                             'fav_place', 'gender'],
                                    transformer=SimpleImputer(strategy='most_frequent'))),
                ('ordinal_encoding',
                 TransformerWrapper(include=['gender'],
                                    transfo...
                                                               mapping=[{'col': 'gender',
                                                                         'data_type': dtype('O'),
                                                                         'mapping': Kobieta      0
Mê¿czyzna    1
NaN         -1
dtype: int64}]))),
                ('onehot_encoding',
                 TransformerWrapper(include=['age', 'edu_level', 'fav_animals',
                                             'fav_place'],
                                    transformer=OneHotEncoder(cols=['age',
                                                                    'edu_level',
                                                                    'fav_animals',
                                                                    'fav_place'],
                                                              handle_missing='return_nan',
                                                              use_cat_names=True))),
                ('trained_model', KMeans(random_state=123))]), ml_usecase=None)
2026-05-01 19:48:26,919:INFO:Set up data.
2026-05-01 19:48:27,042:INFO:Initializing predict_model()
2026-05-01 19:48:27,042:INFO:predict_model(self=<pycaret.clustering.oop.ClusteringExperiment object at 0x000001F78B859850>, estimator=Pipeline(memory=Memory(location=None),
         steps=[('numerical_imputer',
                 TransformerWrapper(include=[], transformer=SimpleImputer())),
                ('categorical_imputer',
                 TransformerWrapper(include=['age', 'edu_level', 'fav_animals',
                                             'fav_place', 'gender'],
                                    transformer=SimpleImputer(strategy='most_frequent'))),
                ('ordinal_encoding',
                 TransformerWrapper(include=['gender'],
                                    transfo...
                                                               mapping=[{'col': 'gender',
                                                                         'data_type': dtype('O'),
                                                                         'mapping': Kobieta      0
Mê¿czyzna    1
NaN         -1
dtype: int64}]))),
                ('onehot_encoding',
                 TransformerWrapper(include=['age', 'edu_level', 'fav_animals',
                                             'fav_place'],
                                    transformer=OneHotEncoder(cols=['age',
                                                                    'edu_level',
                                                                    'fav_animals',
                                                                    'fav_place'],
                                                              handle_missing='return_nan',
                                                              use_cat_names=True))),
                ('trained_model', KMeans(random_state=123))]), ml_usecase=None)
2026-05-01 19:48:27,042:INFO:Set up data.
2026-05-01 19:48:27,170:INFO:Initializing predict_model()
2026-05-01 19:48:27,170:INFO:predict_model(self=<pycaret.clustering.oop.ClusteringExperiment object at 0x000001F7867821D0>, estimator=Pipeline(memory=Memory(location=None),
         steps=[('numerical_imputer',
                 TransformerWrapper(include=[], transformer=SimpleImputer())),
                ('categorical_imputer',
                 TransformerWrapper(include=['age', 'edu_level', 'fav_animals',
                                             'fav_place', 'gender'],
                                    transformer=SimpleImputer(strategy='most_frequent'))),
                ('ordinal_encoding',
                 TransformerWrapper(include=['gender'],
                                    transfo...
                                                               mapping=[{'col': 'gender',
                                                                         'data_type': dtype('O'),
                                                                         'mapping': Kobieta      0
Mê¿czyzna    1
NaN         -1
dtype: int64}]))),
                ('onehot_encoding',
                 TransformerWrapper(include=['age', 'edu_level', 'fav_animals',
                                             'fav_place'],
                                    transformer=OneHotEncoder(cols=['age',
                                                                    'edu_level',
                                                                    'fav_animals',
                                                                    'fav_place'],
                                                              handle_missing='return_nan',
                                                              use_cat_names=True))),
                ('trained_model', KMeans(random_state=123))]), ml_usecase=None)
2026-05-01 19:48:27,171:INFO:Set up data.
2026-05-01 19:48:38,813:INFO:Initializing predict_model()
2026-05-01 19:48:38,814:INFO:predict_model(self=<pycaret.clustering.oop.ClusteringExperiment object at 0x000001F78B98D810>, estimator=Pipeline(memory=Memory(location=None),
         steps=[('numerical_imputer',
                 TransformerWrapper(include=[], transformer=SimpleImputer())),
                ('categorical_imputer',
                 TransformerWrapper(include=['age', 'edu_level', 'fav_animals',
                                             'fav_place', 'gender'],
                                    transformer=SimpleImputer(strategy='most_frequent'))),
                ('ordinal_encoding',
                 TransformerWrapper(include=['gender'],
                                    transfo...
                                                               mapping=[{'col': 'gender',
                                                                         'data_type': dtype('O'),
                                                                         'mapping': Kobieta      0
Mê¿czyzna    1
NaN         -1
dtype: int64}]))),
                ('onehot_encoding',
                 TransformerWrapper(include=['age', 'edu_level', 'fav_animals',
                                             'fav_place'],
                                    transformer=OneHotEncoder(cols=['age',
                                                                    'edu_level',
                                                                    'fav_animals',
                                                                    'fav_place'],
                                                              handle_missing='return_nan',
                                                              use_cat_names=True))),
                ('trained_model', KMeans(random_state=123))]), ml_usecase=None)
2026-05-01 19:48:38,814:INFO:Set up data.
2026-05-01 19:48:38,943:INFO:Initializing predict_model()
2026-05-01 19:48:38,944:INFO:predict_model(self=<pycaret.clustering.oop.ClusteringExperiment object at 0x000001F78AB9ADD0>, estimator=Pipeline(memory=Memory(location=None),
         steps=[('numerical_imputer',
                 TransformerWrapper(include=[], transformer=SimpleImputer())),
                ('categorical_imputer',
                 TransformerWrapper(include=['age', 'edu_level', 'fav_animals',
                                             'fav_place', 'gender'],
                                    transformer=SimpleImputer(strategy='most_frequent'))),
                ('ordinal_encoding',
                 TransformerWrapper(include=['gender'],
                                    transfo...
                                                               mapping=[{'col': 'gender',
                                                                         'data_type': dtype('O'),
                                                                         'mapping': Kobieta      0
Mê¿czyzna    1
NaN         -1
dtype: int64}]))),
                ('onehot_encoding',
                 TransformerWrapper(include=['age', 'edu_level', 'fav_animals',
                                             'fav_place'],
                                    transformer=OneHotEncoder(cols=['age',
                                                                    'edu_level',
                                                                    'fav_animals',
                                                                    'fav_place'],
                                                              handle_missing='return_nan',
                                                              use_cat_names=True))),
                ('trained_model', KMeans(random_state=123))]), ml_usecase=None)
2026-05-01 19:48:38,944:INFO:Set up data.
2026-05-01 19:48:39,071:INFO:Initializing predict_model()
2026-05-01 19:48:39,072:INFO:predict_model(self=<pycaret.clustering.oop.ClusteringExperiment object at 0x000001F78AB4F5D0>, estimator=Pipeline(memory=Memory(location=None),
         steps=[('numerical_imputer',
                 TransformerWrapper(include=[], transformer=SimpleImputer())),
                ('categorical_imputer',
                 TransformerWrapper(include=['age', 'edu_level', 'fav_animals',
                                             'fav_place', 'gender'],
                                    transformer=SimpleImputer(strategy='most_frequent'))),
                ('ordinal_encoding',
                 TransformerWrapper(include=['gender'],
                                    transfo...
                                                               mapping=[{'col': 'gender',
                                                                         'data_type': dtype('O'),
                                                                         'mapping': Kobieta      0
Mê¿czyzna    1
NaN         -1
dtype: int64}]))),
                ('onehot_encoding',
                 TransformerWrapper(include=['age', 'edu_level', 'fav_animals',
                                             'fav_place'],
                                    transformer=OneHotEncoder(cols=['age',
                                                                    'edu_level',
                                                                    'fav_animals',
                                                                    'fav_place'],
                                                              handle_missing='return_nan',
                                                              use_cat_names=True))),
                ('trained_model', KMeans(random_state=123))]), ml_usecase=None)
2026-05-01 19:48:39,072:INFO:Set up data.
2026-05-01 19:48:44,280:INFO:Initializing predict_model()
2026-05-01 19:48:44,281:INFO:predict_model(self=<pycaret.clustering.oop.ClusteringExperiment object at 0x000001F78AE068D0>, estimator=Pipeline(memory=Memory(location=None),
         steps=[('numerical_imputer',
                 TransformerWrapper(include=[], transformer=SimpleImputer())),
                ('categorical_imputer',
                 TransformerWrapper(include=['age', 'edu_level', 'fav_animals',
                                             'fav_place', 'gender'],
                                    transformer=SimpleImputer(strategy='most_frequent'))),
                ('ordinal_encoding',
                 TransformerWrapper(include=['gender'],
                                    transfo...
                                                               mapping=[{'col': 'gender',
                                                                         'data_type': dtype('O'),
                                                                         'mapping': Kobieta      0
Mê¿czyzna    1
NaN         -1
dtype: int64}]))),
                ('onehot_encoding',
                 TransformerWrapper(include=['age', 'edu_level', 'fav_animals',
                                             'fav_place'],
                                    transformer=OneHotEncoder(cols=['age',
                                                                    'edu_level',
                                                                    'fav_animals',
                                                                    'fav_place'],
                                                              handle_missing='return_nan',
                                                              use_cat_names=True))),
                ('trained_model', KMeans(random_state=123))]), ml_usecase=None)
2026-05-01 19:48:44,282:INFO:Set up data.
2026-05-01 19:48:44,418:INFO:Initializing predict_model()
2026-05-01 19:48:44,419:INFO:predict_model(self=<pycaret.clustering.oop.ClusteringExperiment object at 0x000001F786A1E890>, estimator=Pipeline(memory=Memory(location=None),
         steps=[('numerical_imputer',
                 TransformerWrapper(include=[], transformer=SimpleImputer())),
                ('categorical_imputer',
                 TransformerWrapper(include=['age', 'edu_level', 'fav_animals',
                                             'fav_place', 'gender'],
                                    transformer=SimpleImputer(strategy='most_frequent'))),
                ('ordinal_encoding',
                 TransformerWrapper(include=['gender'],
                                    transfo...
                                                               mapping=[{'col': 'gender',
                                                                         'data_type': dtype('O'),
                                                                         'mapping': Kobieta      0
Mê¿czyzna    1
NaN         -1
dtype: int64}]))),
                ('onehot_encoding',
                 TransformerWrapper(include=['age', 'edu_level', 'fav_animals',
                                             'fav_place'],
                                    transformer=OneHotEncoder(cols=['age',
                                                                    'edu_level',
                                                                    'fav_animals',
                                                                    'fav_place'],
                                                              handle_missing='return_nan',
                                                              use_cat_names=True))),
                ('trained_model', KMeans(random_state=123))]), ml_usecase=None)
2026-05-01 19:48:44,420:INFO:Set up data.
2026-05-01 19:48:44,544:INFO:Initializing predict_model()
2026-05-01 19:48:44,544:INFO:predict_model(self=<pycaret.clustering.oop.ClusteringExperiment object at 0x000001F788A6C790>, estimator=Pipeline(memory=Memory(location=None),
         steps=[('numerical_imputer',
                 TransformerWrapper(include=[], transformer=SimpleImputer())),
                ('categorical_imputer',
                 TransformerWrapper(include=['age', 'edu_level', 'fav_animals',
                                             'fav_place', 'gender'],
                                    transformer=SimpleImputer(strategy='most_frequent'))),
                ('ordinal_encoding',
                 TransformerWrapper(include=['gender'],
                                    transfo...
                                                               mapping=[{'col': 'gender',
                                                                         'data_type': dtype('O'),
                                                                         'mapping': Kobieta      0
Mê¿czyzna    1
NaN         -1
dtype: int64}]))),
                ('onehot_encoding',
                 TransformerWrapper(include=['age', 'edu_level', 'fav_animals',
                                             'fav_place'],
                                    transformer=OneHotEncoder(cols=['age',
                                                                    'edu_level',
                                                                    'fav_animals',
                                                                    'fav_place'],
                                                              handle_missing='return_nan',
                                                              use_cat_names=True))),
                ('trained_model', KMeans(random_state=123))]), ml_usecase=None)
2026-05-01 19:48:44,545:INFO:Set up data.
2026-05-01 19:48:59,890:INFO:Initializing predict_model()
2026-05-01 19:48:59,890:INFO:predict_model(self=<pycaret.clustering.oop.ClusteringExperiment object at 0x000001F78B9A5650>, estimator=Pipeline(memory=Memory(location=None),
         steps=[('numerical_imputer',
                 TransformerWrapper(include=[], transformer=SimpleImputer())),
                ('categorical_imputer',
                 TransformerWrapper(include=['age', 'edu_level', 'fav_animals',
                                             'fav_place', 'gender'],
                                    transformer=SimpleImputer(strategy='most_frequent'))),
                ('ordinal_encoding',
                 TransformerWrapper(include=['gender'],
                                    transfo...
                                                               mapping=[{'col': 'gender',
                                                                         'data_type': dtype('O'),
                                                                         'mapping': Kobieta      0
Mê¿czyzna    1
NaN         -1
dtype: int64}]))),
                ('onehot_encoding',
                 TransformerWrapper(include=['age', 'edu_level', 'fav_animals',
                                             'fav_place'],
                                    transformer=OneHotEncoder(cols=['age',
                                                                    'edu_level',
                                                                    'fav_animals',
                                                                    'fav_place'],
                                                              handle_missing='return_nan',
                                                              use_cat_names=True))),
                ('trained_model', KMeans(random_state=123))]), ml_usecase=None)
2026-05-01 19:48:59,891:INFO:Set up data.
2026-05-01 19:49:00,037:INFO:Initializing predict_model()
2026-05-01 19:49:00,037:INFO:predict_model(self=<pycaret.clustering.oop.ClusteringExperiment object at 0x000001F78B9A7FD0>, estimator=Pipeline(memory=Memory(location=None),
         steps=[('numerical_imputer',
                 TransformerWrapper(include=[], transformer=SimpleImputer())),
                ('categorical_imputer',
                 TransformerWrapper(include=['age', 'edu_level', 'fav_animals',
                                             'fav_place', 'gender'],
                                    transformer=SimpleImputer(strategy='most_frequent'))),
                ('ordinal_encoding',
                 TransformerWrapper(include=['gender'],
                                    transfo...
                                                               mapping=[{'col': 'gender',
                                                                         'data_type': dtype('O'),
                                                                         'mapping': Kobieta      0
Mê¿czyzna    1
NaN         -1
dtype: int64}]))),
                ('onehot_encoding',
                 TransformerWrapper(include=['age', 'edu_level', 'fav_animals',
                                             'fav_place'],
                                    transformer=OneHotEncoder(cols=['age',
                                                                    'edu_level',
                                                                    'fav_animals',
                                                                    'fav_place'],
                                                              handle_missing='return_nan',
                                                              use_cat_names=True))),
                ('trained_model', KMeans(random_state=123))]), ml_usecase=None)
2026-05-01 19:49:00,038:INFO:Set up data.
2026-05-01 19:49:00,186:INFO:Initializing predict_model()
2026-05-01 19:49:00,186:INFO:predict_model(self=<pycaret.clustering.oop.ClusteringExperiment object at 0x000001F78B97C690>, estimator=Pipeline(memory=Memory(location=None),
         steps=[('numerical_imputer',
                 TransformerWrapper(include=[], transformer=SimpleImputer())),
                ('categorical_imputer',
                 TransformerWrapper(include=['age', 'edu_level', 'fav_animals',
                                             'fav_place', 'gender'],
                                    transformer=SimpleImputer(strategy='most_frequent'))),
                ('ordinal_encoding',
                 TransformerWrapper(include=['gender'],
                                    transfo...
                                                               mapping=[{'col': 'gender',
                                                                         'data_type': dtype('O'),
                                                                         'mapping': Kobieta      0
Mê¿czyzna    1
NaN         -1
dtype: int64}]))),
                ('onehot_encoding',
                 TransformerWrapper(include=['age', 'edu_level', 'fav_animals',
                                             'fav_place'],
                                    transformer=OneHotEncoder(cols=['age',
                                                                    'edu_level',
                                                                    'fav_animals',
                                                                    'fav_place'],
                                                              handle_missing='return_nan',
                                                              use_cat_names=True))),
                ('trained_model', KMeans(random_state=123))]), ml_usecase=None)
2026-05-01 19:49:00,186:INFO:Set up data.
2026-05-01 19:49:03,310:INFO:Initializing predict_model()
2026-05-01 19:49:03,310:INFO:predict_model(self=<pycaret.clustering.oop.ClusteringExperiment object at 0x000001F78B8CE310>, estimator=Pipeline(memory=Memory(location=None),
         steps=[('numerical_imputer',
                 TransformerWrapper(include=[], transformer=SimpleImputer())),
                ('categorical_imputer',
                 TransformerWrapper(include=['age', 'edu_level', 'fav_animals',
                                             'fav_place', 'gender'],
                                    transformer=SimpleImputer(strategy='most_frequent'))),
                ('ordinal_encoding',
                 TransformerWrapper(include=['gender'],
                                    transfo...
                                                               mapping=[{'col': 'gender',
                                                                         'data_type': dtype('O'),
                                                                         'mapping': Kobieta      0
Mê¿czyzna    1
NaN         -1
dtype: int64}]))),
                ('onehot_encoding',
                 TransformerWrapper(include=['age', 'edu_level', 'fav_animals',
                                             'fav_place'],
                                    transformer=OneHotEncoder(cols=['age',
                                                                    'edu_level',
                                                                    'fav_animals',
                                                                    'fav_place'],
                                                              handle_missing='return_nan',
                                                              use_cat_names=True))),
                ('trained_model', KMeans(random_state=123))]), ml_usecase=None)
2026-05-01 19:49:03,311:INFO:Set up data.
2026-05-01 19:49:03,463:INFO:Initializing predict_model()
2026-05-01 19:49:03,464:INFO:predict_model(self=<pycaret.clustering.oop.ClusteringExperiment object at 0x000001F78B8CE710>, estimator=Pipeline(memory=Memory(location=None),
         steps=[('numerical_imputer',
                 TransformerWrapper(include=[], transformer=SimpleImputer())),
                ('categorical_imputer',
                 TransformerWrapper(include=['age', 'edu_level', 'fav_animals',
                                             'fav_place', 'gender'],
                                    transformer=SimpleImputer(strategy='most_frequent'))),
                ('ordinal_encoding',
                 TransformerWrapper(include=['gender'],
                                    transfo...
                                                               mapping=[{'col': 'gender',
                                                                         'data_type': dtype('O'),
                                                                         'mapping': Kobieta      0
Mê¿czyzna    1
NaN         -1
dtype: int64}]))),
                ('onehot_encoding',
                 TransformerWrapper(include=['age', 'edu_level', 'fav_animals',
                                             'fav_place'],
                                    transformer=OneHotEncoder(cols=['age',
                                                                    'edu_level',
                                                                    'fav_animals',
                                                                    'fav_place'],
                                                              handle_missing='return_nan',
                                                              use_cat_names=True))),
                ('trained_model', KMeans(random_state=123))]), ml_usecase=None)
2026-05-01 19:49:03,464:INFO:Set up data.
2026-05-01 19:49:03,607:INFO:Initializing predict_model()
2026-05-01 19:49:03,608:INFO:predict_model(self=<pycaret.clustering.oop.ClusteringExperiment object at 0x000001F7E966B390>, estimator=Pipeline(memory=Memory(location=None),
         steps=[('numerical_imputer',
                 TransformerWrapper(include=[], transformer=SimpleImputer())),
                ('categorical_imputer',
                 TransformerWrapper(include=['age', 'edu_level', 'fav_animals',
                                             'fav_place', 'gender'],
                                    transformer=SimpleImputer(strategy='most_frequent'))),
                ('ordinal_encoding',
                 TransformerWrapper(include=['gender'],
                                    transfo...
                                                               mapping=[{'col': 'gender',
                                                                         'data_type': dtype('O'),
                                                                         'mapping': Kobieta      0
Mê¿czyzna    1
NaN         -1
dtype: int64}]))),
                ('onehot_encoding',
                 TransformerWrapper(include=['age', 'edu_level', 'fav_animals',
                                             'fav_place'],
                                    transformer=OneHotEncoder(cols=['age',
                                                                    'edu_level',
                                                                    'fav_animals',
                                                                    'fav_place'],
                                                              handle_missing='return_nan',
                                                              use_cat_names=True))),
                ('trained_model', KMeans(random_state=123))]), ml_usecase=None)
2026-05-01 19:49:03,609:INFO:Set up data.
2026-05-01 19:49:14,450:INFO:Initializing predict_model()
2026-05-01 19:49:14,450:INFO:predict_model(self=<pycaret.clustering.oop.ClusteringExperiment object at 0x000001F786972C10>, estimator=Pipeline(memory=Memory(location=None),
         steps=[('numerical_imputer',
                 TransformerWrapper(include=[], transformer=SimpleImputer())),
                ('categorical_imputer',
                 TransformerWrapper(include=['age', 'edu_level', 'fav_animals',
                                             'fav_place', 'gender'],
                                    transformer=SimpleImputer(strategy='most_frequent'))),
                ('ordinal_encoding',
                 TransformerWrapper(include=['gender'],
                                    transfo...
                                                               mapping=[{'col': 'gender',
                                                                         'data_type': dtype('O'),
                                                                         'mapping': Kobieta      0
Mê¿czyzna    1
NaN         -1
dtype: int64}]))),
                ('onehot_encoding',
                 TransformerWrapper(include=['age', 'edu_level', 'fav_animals',
                                             'fav_place'],
                                    transformer=OneHotEncoder(cols=['age',
                                                                    'edu_level',
                                                                    'fav_animals',
                                                                    'fav_place'],
                                                              handle_missing='return_nan',
                                                              use_cat_names=True))),
                ('trained_model', KMeans(random_state=123))]), ml_usecase=None)
2026-05-01 19:49:14,450:INFO:Set up data.
2026-05-01 19:49:14,574:INFO:Initializing predict_model()
2026-05-01 19:49:14,575:INFO:predict_model(self=<pycaret.clustering.oop.ClusteringExperiment object at 0x000001F78B909290>, estimator=Pipeline(memory=Memory(location=None),
         steps=[('numerical_imputer',
                 TransformerWrapper(include=[], transformer=SimpleImputer())),
                ('categorical_imputer',
                 TransformerWrapper(include=['age', 'edu_level', 'fav_animals',
                                             'fav_place', 'gender'],
                                    transformer=SimpleImputer(strategy='most_frequent'))),
                ('ordinal_encoding',
                 TransformerWrapper(include=['gender'],
                                    transfo...
                                                               mapping=[{'col': 'gender',
                                                                         'data_type': dtype('O'),
                                                                         'mapping': Kobieta      0
Mê¿czyzna    1
NaN         -1
dtype: int64}]))),
                ('onehot_encoding',
                 TransformerWrapper(include=['age', 'edu_level', 'fav_animals',
                                             'fav_place'],
                                    transformer=OneHotEncoder(cols=['age',
                                                                    'edu_level',
                                                                    'fav_animals',
                                                                    'fav_place'],
                                                              handle_missing='return_nan',
                                                              use_cat_names=True))),
                ('trained_model', KMeans(random_state=123))]), ml_usecase=None)
2026-05-01 19:49:14,575:INFO:Set up data.
2026-05-01 19:49:14,709:INFO:Initializing predict_model()
2026-05-01 19:49:14,709:INFO:predict_model(self=<pycaret.clustering.oop.ClusteringExperiment object at 0x000001F78AF5C210>, estimator=Pipeline(memory=Memory(location=None),
         steps=[('numerical_imputer',
                 TransformerWrapper(include=[], transformer=SimpleImputer())),
                ('categorical_imputer',
                 TransformerWrapper(include=['age', 'edu_level', 'fav_animals',
                                             'fav_place', 'gender'],
                                    transformer=SimpleImputer(strategy='most_frequent'))),
                ('ordinal_encoding',
                 TransformerWrapper(include=['gender'],
                                    transfo...
                                                               mapping=[{'col': 'gender',
                                                                         'data_type': dtype('O'),
                                                                         'mapping': Kobieta      0
Mê¿czyzna    1
NaN         -1
dtype: int64}]))),
                ('onehot_encoding',
                 TransformerWrapper(include=['age', 'edu_level', 'fav_animals',
                                             'fav_place'],
                                    transformer=OneHotEncoder(cols=['age',
                                                                    'edu_level',
                                                                    'fav_animals',
                                                                    'fav_place'],
                                                              handle_missing='return_nan',
                                                              use_cat_names=True))),
                ('trained_model', KMeans(random_state=123))]), ml_usecase=None)
2026-05-01 19:49:14,710:INFO:Set up data.
2026-05-01 19:49:22,927:INFO:Initializing predict_model()
2026-05-01 19:49:22,928:INFO:predict_model(self=<pycaret.clustering.oop.ClusteringExperiment object at 0x000001F78B986850>, estimator=Pipeline(memory=Memory(location=None),
         steps=[('numerical_imputer',
                 TransformerWrapper(include=[], transformer=SimpleImputer())),
                ('categorical_imputer',
                 TransformerWrapper(include=['age', 'edu_level', 'fav_animals',
                                             'fav_place', 'gender'],
                                    transformer=SimpleImputer(strategy='most_frequent'))),
                ('ordinal_encoding',
                 TransformerWrapper(include=['gender'],
                                    transfo...
                                                               mapping=[{'col': 'gender',
                                                                         'data_type': dtype('O'),
                                                                         'mapping': Kobieta      0
Mê¿czyzna    1
NaN         -1
dtype: int64}]))),
                ('onehot_encoding',
                 TransformerWrapper(include=['age', 'edu_level', 'fav_animals',
                                             'fav_place'],
                                    transformer=OneHotEncoder(cols=['age',
                                                                    'edu_level',
                                                                    'fav_animals',
                                                                    'fav_place'],
                                                              handle_missing='return_nan',
                                                              use_cat_names=True))),
                ('trained_model', KMeans(random_state=123))]), ml_usecase=None)
2026-05-01 19:49:22,928:INFO:Set up data.
2026-05-01 19:49:23,064:INFO:Initializing predict_model()
2026-05-01 19:49:23,064:INFO:predict_model(self=<pycaret.clustering.oop.ClusteringExperiment object at 0x000001F7D02CF910>, estimator=Pipeline(memory=Memory(location=None),
         steps=[('numerical_imputer',
                 TransformerWrapper(include=[], transformer=SimpleImputer())),
                ('categorical_imputer',
                 TransformerWrapper(include=['age', 'edu_level', 'fav_animals',
                                             'fav_place', 'gender'],
                                    transformer=SimpleImputer(strategy='most_frequent'))),
                ('ordinal_encoding',
                 TransformerWrapper(include=['gender'],
                                    transfo...
                                                               mapping=[{'col': 'gender',
                                                                         'data_type': dtype('O'),
                                                                         'mapping': Kobieta      0
Mê¿czyzna    1
NaN         -1
dtype: int64}]))),
                ('onehot_encoding',
                 TransformerWrapper(include=['age', 'edu_level', 'fav_animals',
                                             'fav_place'],
                                    transformer=OneHotEncoder(cols=['age',
                                                                    'edu_level',
                                                                    'fav_animals',
                                                                    'fav_place'],
                                                              handle_missing='return_nan',
                                                              use_cat_names=True))),
                ('trained_model', KMeans(random_state=123))]), ml_usecase=None)
2026-05-01 19:49:23,065:INFO:Set up data.
2026-05-01 19:49:23,190:INFO:Initializing predict_model()
2026-05-01 19:49:23,190:INFO:predict_model(self=<pycaret.clustering.oop.ClusteringExperiment object at 0x000001F7D0220CD0>, estimator=Pipeline(memory=Memory(location=None),
         steps=[('numerical_imputer',
                 TransformerWrapper(include=[], transformer=SimpleImputer())),
                ('categorical_imputer',
                 TransformerWrapper(include=['age', 'edu_level', 'fav_animals',
                                             'fav_place', 'gender'],
                                    transformer=SimpleImputer(strategy='most_frequent'))),
                ('ordinal_encoding',
                 TransformerWrapper(include=['gender'],
                                    transfo...
                                                               mapping=[{'col': 'gender',
                                                                         'data_type': dtype('O'),
                                                                         'mapping': Kobieta      0
Mê¿czyzna    1
NaN         -1
dtype: int64}]))),
                ('onehot_encoding',
                 TransformerWrapper(include=['age', 'edu_level', 'fav_animals',
                                             'fav_place'],
                                    transformer=OneHotEncoder(cols=['age',
                                                                    'edu_level',
                                                                    'fav_animals',
                                                                    'fav_place'],
                                                              handle_missing='return_nan',
                                                              use_cat_names=True))),
                ('trained_model', KMeans(random_state=123))]), ml_usecase=None)
2026-05-01 19:49:23,191:INFO:Set up data.
2026-05-01 19:49:28,412:INFO:Initializing predict_model()
2026-05-01 19:49:28,413:INFO:predict_model(self=<pycaret.clustering.oop.ClusteringExperiment object at 0x000001F78AF73AD0>, estimator=Pipeline(memory=Memory(location=None),
         steps=[('numerical_imputer',
                 TransformerWrapper(include=[], transformer=SimpleImputer())),
                ('categorical_imputer',
                 TransformerWrapper(include=['age', 'edu_level', 'fav_animals',
                                             'fav_place', 'gender'],
                                    transformer=SimpleImputer(strategy='most_frequent'))),
                ('ordinal_encoding',
                 TransformerWrapper(include=['gender'],
                                    transfo...
                                                               mapping=[{'col': 'gender',
                                                                         'data_type': dtype('O'),
                                                                         'mapping': Kobieta      0
Mê¿czyzna    1
NaN         -1
dtype: int64}]))),
                ('onehot_encoding',
                 TransformerWrapper(include=['age', 'edu_level', 'fav_animals',
                                             'fav_place'],
                                    transformer=OneHotEncoder(cols=['age',
                                                                    'edu_level',
                                                                    'fav_animals',
                                                                    'fav_place'],
                                                              handle_missing='return_nan',
                                                              use_cat_names=True))),
                ('trained_model', KMeans(random_state=123))]), ml_usecase=None)
2026-05-01 19:49:28,413:INFO:Set up data.
2026-05-01 19:49:28,564:INFO:Initializing predict_model()
2026-05-01 19:49:28,565:INFO:predict_model(self=<pycaret.clustering.oop.ClusteringExperiment object at 0x000001F78AF72290>, estimator=Pipeline(memory=Memory(location=None),
         steps=[('numerical_imputer',
                 TransformerWrapper(include=[], transformer=SimpleImputer())),
                ('categorical_imputer',
                 TransformerWrapper(include=['age', 'edu_level', 'fav_animals',
                                             'fav_place', 'gender'],
                                    transformer=SimpleImputer(strategy='most_frequent'))),
                ('ordinal_encoding',
                 TransformerWrapper(include=['gender'],
                                    transfo...
                                                               mapping=[{'col': 'gender',
                                                                         'data_type': dtype('O'),
                                                                         'mapping': Kobieta      0
Mê¿czyzna    1
NaN         -1
dtype: int64}]))),
                ('onehot_encoding',
                 TransformerWrapper(include=['age', 'edu_level', 'fav_animals',
                                             'fav_place'],
                                    transformer=OneHotEncoder(cols=['age',
                                                                    'edu_level',
                                                                    'fav_animals',
                                                                    'fav_place'],
                                                              handle_missing='return_nan',
                                                              use_cat_names=True))),
                ('trained_model', KMeans(random_state=123))]), ml_usecase=None)
2026-05-01 19:49:28,565:INFO:Set up data.
2026-05-01 19:49:28,711:INFO:Initializing predict_model()
2026-05-01 19:49:28,711:INFO:predict_model(self=<pycaret.clustering.oop.ClusteringExperiment object at 0x000001F783B55290>, estimator=Pipeline(memory=Memory(location=None),
         steps=[('numerical_imputer',
                 TransformerWrapper(include=[], transformer=SimpleImputer())),
                ('categorical_imputer',
                 TransformerWrapper(include=['age', 'edu_level', 'fav_animals',
                                             'fav_place', 'gender'],
                                    transformer=SimpleImputer(strategy='most_frequent'))),
                ('ordinal_encoding',
                 TransformerWrapper(include=['gender'],
                                    transfo...
                                                               mapping=[{'col': 'gender',
                                                                         'data_type': dtype('O'),
                                                                         'mapping': Kobieta      0
Mê¿czyzna    1
NaN         -1
dtype: int64}]))),
                ('onehot_encoding',
                 TransformerWrapper(include=['age', 'edu_level', 'fav_animals',
                                             'fav_place'],
                                    transformer=OneHotEncoder(cols=['age',
                                                                    'edu_level',
                                                                    'fav_animals',
                                                                    'fav_place'],
                                                              handle_missing='return_nan',
                                                              use_cat_names=True))),
                ('trained_model', KMeans(random_state=123))]), ml_usecase=None)
2026-05-01 19:49:28,712:INFO:Set up data.
2026-05-01 19:49:36,629:INFO:Initializing predict_model()
2026-05-01 19:49:36,629:INFO:predict_model(self=<pycaret.clustering.oop.ClusteringExperiment object at 0x000001F7856C6050>, estimator=Pipeline(memory=Memory(location=None),
         steps=[('numerical_imputer',
                 TransformerWrapper(include=[], transformer=SimpleImputer())),
                ('categorical_imputer',
                 TransformerWrapper(include=['age', 'edu_level', 'fav_animals',
                                             'fav_place', 'gender'],
                                    transformer=SimpleImputer(strategy='most_frequent'))),
                ('ordinal_encoding',
                 TransformerWrapper(include=['gender'],
                                    transfo...
                                                               mapping=[{'col': 'gender',
                                                                         'data_type': dtype('O'),
                                                                         'mapping': Kobieta      0
Mê¿czyzna    1
NaN         -1
dtype: int64}]))),
                ('onehot_encoding',
                 TransformerWrapper(include=['age', 'edu_level', 'fav_animals',
                                             'fav_place'],
                                    transformer=OneHotEncoder(cols=['age',
                                                                    'edu_level',
                                                                    'fav_animals',
                                                                    'fav_place'],
                                                              handle_missing='return_nan',
                                                              use_cat_names=True))),
                ('trained_model', KMeans(random_state=123))]), ml_usecase=None)
2026-05-01 19:49:36,629:INFO:Set up data.
2026-05-01 19:49:36,758:INFO:Initializing predict_model()
2026-05-01 19:49:36,759:INFO:predict_model(self=<pycaret.clustering.oop.ClusteringExperiment object at 0x000001F78B869750>, estimator=Pipeline(memory=Memory(location=None),
         steps=[('numerical_imputer',
                 TransformerWrapper(include=[], transformer=SimpleImputer())),
                ('categorical_imputer',
                 TransformerWrapper(include=['age', 'edu_level', 'fav_animals',
                                             'fav_place', 'gender'],
                                    transformer=SimpleImputer(strategy='most_frequent'))),
                ('ordinal_encoding',
                 TransformerWrapper(include=['gender'],
                                    transfo...
                                                               mapping=[{'col': 'gender',
                                                                         'data_type': dtype('O'),
                                                                         'mapping': Kobieta      0
Mê¿czyzna    1
NaN         -1
dtype: int64}]))),
                ('onehot_encoding',
                 TransformerWrapper(include=['age', 'edu_level', 'fav_animals',
                                             'fav_place'],
                                    transformer=OneHotEncoder(cols=['age',
                                                                    'edu_level',
                                                                    'fav_animals',
                                                                    'fav_place'],
                                                              handle_missing='return_nan',
                                                              use_cat_names=True))),
                ('trained_model', KMeans(random_state=123))]), ml_usecase=None)
2026-05-01 19:49:36,759:INFO:Set up data.
2026-05-01 19:49:36,881:INFO:Initializing predict_model()
2026-05-01 19:49:36,882:INFO:predict_model(self=<pycaret.clustering.oop.ClusteringExperiment object at 0x000001F78B494A90>, estimator=Pipeline(memory=Memory(location=None),
         steps=[('numerical_imputer',
                 TransformerWrapper(include=[], transformer=SimpleImputer())),
                ('categorical_imputer',
                 TransformerWrapper(include=['age', 'edu_level', 'fav_animals',
                                             'fav_place', 'gender'],
                                    transformer=SimpleImputer(strategy='most_frequent'))),
                ('ordinal_encoding',
                 TransformerWrapper(include=['gender'],
                                    transfo...
                                                               mapping=[{'col': 'gender',
                                                                         'data_type': dtype('O'),
                                                                         'mapping': Kobieta      0
Mê¿czyzna    1
NaN         -1
dtype: int64}]))),
                ('onehot_encoding',
                 TransformerWrapper(include=['age', 'edu_level', 'fav_animals',
                                             'fav_place'],
                                    transformer=OneHotEncoder(cols=['age',
                                                                    'edu_level',
                                                                    'fav_animals',
                                                                    'fav_place'],
                                                              handle_missing='return_nan',
                                                              use_cat_names=True))),
                ('trained_model', KMeans(random_state=123))]), ml_usecase=None)
2026-05-01 19:49:36,882:INFO:Set up data.
2026-05-01 19:49:45,306:INFO:Initializing predict_model()
2026-05-01 19:49:45,308:INFO:predict_model(self=<pycaret.clustering.oop.ClusteringExperiment object at 0x000001F7D0249CD0>, estimator=Pipeline(memory=Memory(location=None),
         steps=[('numerical_imputer',
                 TransformerWrapper(include=[], transformer=SimpleImputer())),
                ('categorical_imputer',
                 TransformerWrapper(include=['age', 'edu_level', 'fav_animals',
                                             'fav_place', 'gender'],
                                    transformer=SimpleImputer(strategy='most_frequent'))),
                ('ordinal_encoding',
                 TransformerWrapper(include=['gender'],
                                    transfo...
                                                               mapping=[{'col': 'gender',
                                                                         'data_type': dtype('O'),
                                                                         'mapping': Kobieta      0
Mê¿czyzna    1
NaN         -1
dtype: int64}]))),
                ('onehot_encoding',
                 TransformerWrapper(include=['age', 'edu_level', 'fav_animals',
                                             'fav_place'],
                                    transformer=OneHotEncoder(cols=['age',
                                                                    'edu_level',
                                                                    'fav_animals',
                                                                    'fav_place'],
                                                              handle_missing='return_nan',
                                                              use_cat_names=True))),
                ('trained_model', KMeans(random_state=123))]), ml_usecase=None)
2026-05-01 19:49:45,308:INFO:Set up data.
2026-05-01 19:49:45,445:INFO:Initializing predict_model()
2026-05-01 19:49:45,445:INFO:predict_model(self=<pycaret.clustering.oop.ClusteringExperiment object at 0x000001F7867D8F50>, estimator=Pipeline(memory=Memory(location=None),
         steps=[('numerical_imputer',
                 TransformerWrapper(include=[], transformer=SimpleImputer())),
                ('categorical_imputer',
                 TransformerWrapper(include=['age', 'edu_level', 'fav_animals',
                                             'fav_place', 'gender'],
                                    transformer=SimpleImputer(strategy='most_frequent'))),
                ('ordinal_encoding',
                 TransformerWrapper(include=['gender'],
                                    transfo...
                                                               mapping=[{'col': 'gender',
                                                                         'data_type': dtype('O'),
                                                                         'mapping': Kobieta      0
Mê¿czyzna    1
NaN         -1
dtype: int64}]))),
                ('onehot_encoding',
                 TransformerWrapper(include=['age', 'edu_level', 'fav_animals',
                                             'fav_place'],
                                    transformer=OneHotEncoder(cols=['age',
                                                                    'edu_level',
                                                                    'fav_animals',
                                                                    'fav_place'],
                                                              handle_missing='return_nan',
                                                              use_cat_names=True))),
                ('trained_model', KMeans(random_state=123))]), ml_usecase=None)
2026-05-01 19:49:45,445:INFO:Set up data.
2026-05-01 19:49:45,571:INFO:Initializing predict_model()
2026-05-01 19:49:45,571:INFO:predict_model(self=<pycaret.clustering.oop.ClusteringExperiment object at 0x000001F784E98F90>, estimator=Pipeline(memory=Memory(location=None),
         steps=[('numerical_imputer',
                 TransformerWrapper(include=[], transformer=SimpleImputer())),
                ('categorical_imputer',
                 TransformerWrapper(include=['age', 'edu_level', 'fav_animals',
                                             'fav_place', 'gender'],
                                    transformer=SimpleImputer(strategy='most_frequent'))),
                ('ordinal_encoding',
                 TransformerWrapper(include=['gender'],
                                    transfo...
                                                               mapping=[{'col': 'gender',
                                                                         'data_type': dtype('O'),
                                                                         'mapping': Kobieta      0
Mê¿czyzna    1
NaN         -1
dtype: int64}]))),
                ('onehot_encoding',
                 TransformerWrapper(include=['age', 'edu_level', 'fav_animals',
                                             'fav_place'],
                                    transformer=OneHotEncoder(cols=['age',
                                                                    'edu_level',
                                                                    'fav_animals',
                                                                    'fav_place'],
                                                              handle_missing='return_nan',
                                                              use_cat_names=True))),
                ('trained_model', KMeans(random_state=123))]), ml_usecase=None)
2026-05-01 19:49:45,571:INFO:Set up data.
2026-05-01 19:50:02,976:INFO:Initializing predict_model()
2026-05-01 19:50:02,976:INFO:predict_model(self=<pycaret.clustering.oop.ClusteringExperiment object at 0x000001F7E738D190>, estimator=Pipeline(memory=Memory(location=None),
         steps=[('numerical_imputer',
                 TransformerWrapper(include=[], transformer=SimpleImputer())),
                ('categorical_imputer',
                 TransformerWrapper(include=['age', 'edu_level', 'fav_animals',
                                             'fav_place', 'gender'],
                                    transformer=SimpleImputer(strategy='most_frequent'))),
                ('ordinal_encoding',
                 TransformerWrapper(include=['gender'],
                                    transfo...
                                                               mapping=[{'col': 'gender',
                                                                         'data_type': dtype('O'),
                                                                         'mapping': Kobieta      0
Mê¿czyzna    1
NaN         -1
dtype: int64}]))),
                ('onehot_encoding',
                 TransformerWrapper(include=['age', 'edu_level', 'fav_animals',
                                             'fav_place'],
                                    transformer=OneHotEncoder(cols=['age',
                                                                    'edu_level',
                                                                    'fav_animals',
                                                                    'fav_place'],
                                                              handle_missing='return_nan',
                                                              use_cat_names=True))),
                ('trained_model', KMeans(random_state=123))]), ml_usecase=None)
2026-05-01 19:50:02,977:INFO:Set up data.
2026-05-01 19:50:03,153:INFO:Initializing predict_model()
2026-05-01 19:50:03,153:INFO:predict_model(self=<pycaret.clustering.oop.ClusteringExperiment object at 0x000001F78B868BD0>, estimator=Pipeline(memory=Memory(location=None),
         steps=[('numerical_imputer',
                 TransformerWrapper(include=[], transformer=SimpleImputer())),
                ('categorical_imputer',
                 TransformerWrapper(include=['age', 'edu_level', 'fav_animals',
                                             'fav_place', 'gender'],
                                    transformer=SimpleImputer(strategy='most_frequent'))),
                ('ordinal_encoding',
                 TransformerWrapper(include=['gender'],
                                    transfo...
                                                               mapping=[{'col': 'gender',
                                                                         'data_type': dtype('O'),
                                                                         'mapping': Kobieta      0
Mê¿czyzna    1
NaN         -1
dtype: int64}]))),
                ('onehot_encoding',
                 TransformerWrapper(include=['age', 'edu_level', 'fav_animals',
                                             'fav_place'],
                                    transformer=OneHotEncoder(cols=['age',
                                                                    'edu_level',
                                                                    'fav_animals',
                                                                    'fav_place'],
                                                              handle_missing='return_nan',
                                                              use_cat_names=True))),
                ('trained_model', KMeans(random_state=123))]), ml_usecase=None)
2026-05-01 19:50:03,154:INFO:Set up data.
2026-05-01 19:50:03,296:INFO:Initializing predict_model()
2026-05-01 19:50:03,296:INFO:predict_model(self=<pycaret.clustering.oop.ClusteringExperiment object at 0x000001F78B4A6190>, estimator=Pipeline(memory=Memory(location=None),
         steps=[('numerical_imputer',
                 TransformerWrapper(include=[], transformer=SimpleImputer())),
                ('categorical_imputer',
                 TransformerWrapper(include=['age', 'edu_level', 'fav_animals',
                                             'fav_place', 'gender'],
                                    transformer=SimpleImputer(strategy='most_frequent'))),
                ('ordinal_encoding',
                 TransformerWrapper(include=['gender'],
                                    transfo...
                                                               mapping=[{'col': 'gender',
                                                                         'data_type': dtype('O'),
                                                                         'mapping': Kobieta      0
Mê¿czyzna    1
NaN         -1
dtype: int64}]))),
                ('onehot_encoding',
                 TransformerWrapper(include=['age', 'edu_level', 'fav_animals',
                                             'fav_place'],
                                    transformer=OneHotEncoder(cols=['age',
                                                                    'edu_level',
                                                                    'fav_animals',
                                                                    'fav_place'],
                                                              handle_missing='return_nan',
                                                              use_cat_names=True))),
                ('trained_model', KMeans(random_state=123))]), ml_usecase=None)
2026-05-01 19:50:03,296:INFO:Set up data.
2026-05-01 19:50:11,861:INFO:Initializing predict_model()
2026-05-01 19:50:11,861:INFO:predict_model(self=<pycaret.clustering.oop.ClusteringExperiment object at 0x000001F78679C950>, estimator=Pipeline(memory=Memory(location=None),
         steps=[('numerical_imputer',
                 TransformerWrapper(include=[], transformer=SimpleImputer())),
                ('categorical_imputer',
                 TransformerWrapper(include=['age', 'edu_level', 'fav_animals',
                                             'fav_place', 'gender'],
                                    transformer=SimpleImputer(strategy='most_frequent'))),
                ('ordinal_encoding',
                 TransformerWrapper(include=['gender'],
                                    transfo...
                                                               mapping=[{'col': 'gender',
                                                                         'data_type': dtype('O'),
                                                                         'mapping': Kobieta      0
Mê¿czyzna    1
NaN         -1
dtype: int64}]))),
                ('onehot_encoding',
                 TransformerWrapper(include=['age', 'edu_level', 'fav_animals',
                                             'fav_place'],
                                    transformer=OneHotEncoder(cols=['age',
                                                                    'edu_level',
                                                                    'fav_animals',
                                                                    'fav_place'],
                                                              handle_missing='return_nan',
                                                              use_cat_names=True))),
                ('trained_model', KMeans(random_state=123))]), ml_usecase=None)
2026-05-01 19:50:11,862:INFO:Set up data.
2026-05-01 19:50:11,999:INFO:Initializing predict_model()
2026-05-01 19:50:12,000:INFO:predict_model(self=<pycaret.clustering.oop.ClusteringExperiment object at 0x000001F78679CBD0>, estimator=Pipeline(memory=Memory(location=None),
         steps=[('numerical_imputer',
                 TransformerWrapper(include=[], transformer=SimpleImputer())),
                ('categorical_imputer',
                 TransformerWrapper(include=['age', 'edu_level', 'fav_animals',
                                             'fav_place', 'gender'],
                                    transformer=SimpleImputer(strategy='most_frequent'))),
                ('ordinal_encoding',
                 TransformerWrapper(include=['gender'],
                                    transfo...
                                                               mapping=[{'col': 'gender',
                                                                         'data_type': dtype('O'),
                                                                         'mapping': Kobieta      0
Mê¿czyzna    1
NaN         -1
dtype: int64}]))),
                ('onehot_encoding',
                 TransformerWrapper(include=['age', 'edu_level', 'fav_animals',
                                             'fav_place'],
                                    transformer=OneHotEncoder(cols=['age',
                                                                    'edu_level',
                                                                    'fav_animals',
                                                                    'fav_place'],
                                                              handle_missing='return_nan',
                                                              use_cat_names=True))),
                ('trained_model', KMeans(random_state=123))]), ml_usecase=None)
2026-05-01 19:50:12,000:INFO:Set up data.
2026-05-01 19:50:12,122:INFO:Initializing predict_model()
2026-05-01 19:50:12,122:INFO:predict_model(self=<pycaret.clustering.oop.ClusteringExperiment object at 0x000001F78AF7AD10>, estimator=Pipeline(memory=Memory(location=None),
         steps=[('numerical_imputer',
                 TransformerWrapper(include=[], transformer=SimpleImputer())),
                ('categorical_imputer',
                 TransformerWrapper(include=['age', 'edu_level', 'fav_animals',
                                             'fav_place', 'gender'],
                                    transformer=SimpleImputer(strategy='most_frequent'))),
                ('ordinal_encoding',
                 TransformerWrapper(include=['gender'],
                                    transfo...
                                                               mapping=[{'col': 'gender',
                                                                         'data_type': dtype('O'),
                                                                         'mapping': Kobieta      0
Mê¿czyzna    1
NaN         -1
dtype: int64}]))),
                ('onehot_encoding',
                 TransformerWrapper(include=['age', 'edu_level', 'fav_animals',
                                             'fav_place'],
                                    transformer=OneHotEncoder(cols=['age',
                                                                    'edu_level',
                                                                    'fav_animals',
                                                                    'fav_place'],
                                                              handle_missing='return_nan',
                                                              use_cat_names=True))),
                ('trained_model', KMeans(random_state=123))]), ml_usecase=None)
2026-05-01 19:50:12,122:INFO:Set up data.
2026-05-01 19:50:22,332:INFO:Initializing predict_model()
2026-05-01 19:50:22,333:INFO:predict_model(self=<pycaret.clustering.oop.ClusteringExperiment object at 0x000001F78B4821D0>, estimator=Pipeline(memory=Memory(location=None),
         steps=[('numerical_imputer',
                 TransformerWrapper(include=[], transformer=SimpleImputer())),
                ('categorical_imputer',
                 TransformerWrapper(include=['age', 'edu_level', 'fav_animals',
                                             'fav_place', 'gender'],
                                    transformer=SimpleImputer(strategy='most_frequent'))),
                ('ordinal_encoding',
                 TransformerWrapper(include=['gender'],
                                    transfo...
                                                               mapping=[{'col': 'gender',
                                                                         'data_type': dtype('O'),
                                                                         'mapping': Kobieta      0
Mê¿czyzna    1
NaN         -1
dtype: int64}]))),
                ('onehot_encoding',
                 TransformerWrapper(include=['age', 'edu_level', 'fav_animals',
                                             'fav_place'],
                                    transformer=OneHotEncoder(cols=['age',
                                                                    'edu_level',
                                                                    'fav_animals',
                                                                    'fav_place'],
                                                              handle_missing='return_nan',
                                                              use_cat_names=True))),
                ('trained_model', KMeans(random_state=123))]), ml_usecase=None)
2026-05-01 19:50:22,333:INFO:Set up data.
2026-05-01 19:50:22,455:INFO:Initializing predict_model()
2026-05-01 19:50:22,456:INFO:predict_model(self=<pycaret.clustering.oop.ClusteringExperiment object at 0x000001F78B9237D0>, estimator=Pipeline(memory=Memory(location=None),
         steps=[('numerical_imputer',
                 TransformerWrapper(include=[], transformer=SimpleImputer())),
                ('categorical_imputer',
                 TransformerWrapper(include=['age', 'edu_level', 'fav_animals',
                                             'fav_place', 'gender'],
                                    transformer=SimpleImputer(strategy='most_frequent'))),
                ('ordinal_encoding',
                 TransformerWrapper(include=['gender'],
                                    transfo...
                                                               mapping=[{'col': 'gender',
                                                                         'data_type': dtype('O'),
                                                                         'mapping': Kobieta      0
Mê¿czyzna    1
NaN         -1
dtype: int64}]))),
                ('onehot_encoding',
                 TransformerWrapper(include=['age', 'edu_level', 'fav_animals',
                                             'fav_place'],
                                    transformer=OneHotEncoder(cols=['age',
                                                                    'edu_level',
                                                                    'fav_animals',
                                                                    'fav_place'],
                                                              handle_missing='return_nan',
                                                              use_cat_names=True))),
                ('trained_model', KMeans(random_state=123))]), ml_usecase=None)
2026-05-01 19:50:22,456:INFO:Set up data.
2026-05-01 19:50:22,577:INFO:Initializing predict_model()
2026-05-01 19:50:22,577:INFO:predict_model(self=<pycaret.clustering.oop.ClusteringExperiment object at 0x000001F785656D50>, estimator=Pipeline(memory=Memory(location=None),
         steps=[('numerical_imputer',
                 TransformerWrapper(include=[], transformer=SimpleImputer())),
                ('categorical_imputer',
                 TransformerWrapper(include=['age', 'edu_level', 'fav_animals',
                                             'fav_place', 'gender'],
                                    transformer=SimpleImputer(strategy='most_frequent'))),
                ('ordinal_encoding',
                 TransformerWrapper(include=['gender'],
                                    transfo...
                                                               mapping=[{'col': 'gender',
                                                                         'data_type': dtype('O'),
                                                                         'mapping': Kobieta      0
Mê¿czyzna    1
NaN         -1
dtype: int64}]))),
                ('onehot_encoding',
                 TransformerWrapper(include=['age', 'edu_level', 'fav_animals',
                                             'fav_place'],
                                    transformer=OneHotEncoder(cols=['age',
                                                                    'edu_level',
                                                                    'fav_animals',
                                                                    'fav_place'],
                                                              handle_missing='return_nan',
                                                              use_cat_names=True))),
                ('trained_model', KMeans(random_state=123))]), ml_usecase=None)
2026-05-01 19:50:22,577:INFO:Set up data.
2026-05-01 19:50:53,426:INFO:Initializing predict_model()
2026-05-01 19:50:53,426:INFO:predict_model(self=<pycaret.clustering.oop.ClusteringExperiment object at 0x000001F78B4877D0>, estimator=Pipeline(memory=Memory(location=None),
         steps=[('numerical_imputer',
                 TransformerWrapper(include=[], transformer=SimpleImputer())),
                ('categorical_imputer',
                 TransformerWrapper(include=['age', 'edu_level', 'fav_animals',
                                             'fav_place', 'gender'],
                                    transformer=SimpleImputer(strategy='most_frequent'))),
                ('ordinal_encoding',
                 TransformerWrapper(include=['gender'],
                                    transfo...
                                                               mapping=[{'col': 'gender',
                                                                         'data_type': dtype('O'),
                                                                         'mapping': Kobieta      0
Mê¿czyzna    1
NaN         -1
dtype: int64}]))),
                ('onehot_encoding',
                 TransformerWrapper(include=['age', 'edu_level', 'fav_animals',
                                             'fav_place'],
                                    transformer=OneHotEncoder(cols=['age',
                                                                    'edu_level',
                                                                    'fav_animals',
                                                                    'fav_place'],
                                                              handle_missing='return_nan',
                                                              use_cat_names=True))),
                ('trained_model', KMeans(random_state=123))]), ml_usecase=None)
2026-05-01 19:50:53,426:INFO:Set up data.
2026-05-01 19:50:53,556:INFO:Initializing predict_model()
2026-05-01 19:50:53,557:INFO:predict_model(self=<pycaret.clustering.oop.ClusteringExperiment object at 0x000001F788A6CD10>, estimator=Pipeline(memory=Memory(location=None),
         steps=[('numerical_imputer',
                 TransformerWrapper(include=[], transformer=SimpleImputer())),
                ('categorical_imputer',
                 TransformerWrapper(include=['age', 'edu_level', 'fav_animals',
                                             'fav_place', 'gender'],
                                    transformer=SimpleImputer(strategy='most_frequent'))),
                ('ordinal_encoding',
                 TransformerWrapper(include=['gender'],
                                    transfo...
                                                               mapping=[{'col': 'gender',
                                                                         'data_type': dtype('O'),
                                                                         'mapping': Kobieta      0
Mê¿czyzna    1
NaN         -1
dtype: int64}]))),
                ('onehot_encoding',
                 TransformerWrapper(include=['age', 'edu_level', 'fav_animals',
                                             'fav_place'],
                                    transformer=OneHotEncoder(cols=['age',
                                                                    'edu_level',
                                                                    'fav_animals',
                                                                    'fav_place'],
                                                              handle_missing='return_nan',
                                                              use_cat_names=True))),
                ('trained_model', KMeans(random_state=123))]), ml_usecase=None)
2026-05-01 19:50:53,557:INFO:Set up data.
2026-05-01 19:50:53,682:INFO:Initializing predict_model()
2026-05-01 19:50:53,682:INFO:predict_model(self=<pycaret.clustering.oop.ClusteringExperiment object at 0x000001F784E995D0>, estimator=Pipeline(memory=Memory(location=None),
         steps=[('numerical_imputer',
                 TransformerWrapper(include=[], transformer=SimpleImputer())),
                ('categorical_imputer',
                 TransformerWrapper(include=['age', 'edu_level', 'fav_animals',
                                             'fav_place', 'gender'],
                                    transformer=SimpleImputer(strategy='most_frequent'))),
                ('ordinal_encoding',
                 TransformerWrapper(include=['gender'],
                                    transfo...
                                                               mapping=[{'col': 'gender',
                                                                         'data_type': dtype('O'),
                                                                         'mapping': Kobieta      0
Mê¿czyzna    1
NaN         -1
dtype: int64}]))),
                ('onehot_encoding',
                 TransformerWrapper(include=['age', 'edu_level', 'fav_animals',
                                             'fav_place'],
                                    transformer=OneHotEncoder(cols=['age',
                                                                    'edu_level',
                                                                    'fav_animals',
                                                                    'fav_place'],
                                                              handle_missing='return_nan',
                                                              use_cat_names=True))),
                ('trained_model', KMeans(random_state=123))]), ml_usecase=None)
2026-05-01 19:50:53,683:INFO:Set up data.
2026-05-01 19:51:11,606:INFO:Initializing predict_model()
2026-05-01 19:51:11,607:INFO:predict_model(self=<pycaret.clustering.oop.ClusteringExperiment object at 0x000001F78AB9AB90>, estimator=Pipeline(memory=Memory(location=None),
         steps=[('numerical_imputer',
                 TransformerWrapper(include=[], transformer=SimpleImputer())),
                ('categorical_imputer',
                 TransformerWrapper(include=['age', 'edu_level', 'fav_animals',
                                             'fav_place', 'gender'],
                                    transformer=SimpleImputer(strategy='most_frequent'))),
                ('ordinal_encoding',
                 TransformerWrapper(include=['gender'],
                                    transfo...
                                                               mapping=[{'col': 'gender',
                                                                         'data_type': dtype('O'),
                                                                         'mapping': Kobieta      0
Mê¿czyzna    1
NaN         -1
dtype: int64}]))),
                ('onehot_encoding',
                 TransformerWrapper(include=['age', 'edu_level', 'fav_animals',
                                             'fav_place'],
                                    transformer=OneHotEncoder(cols=['age',
                                                                    'edu_level',
                                                                    'fav_animals',
                                                                    'fav_place'],
                                                              handle_missing='return_nan',
                                                              use_cat_names=True))),
                ('trained_model', KMeans(random_state=123))]), ml_usecase=None)
2026-05-01 19:51:11,607:INFO:Set up data.
2026-05-01 19:51:11,731:INFO:Initializing predict_model()
2026-05-01 19:51:11,732:INFO:predict_model(self=<pycaret.clustering.oop.ClusteringExperiment object at 0x000001F7FF731050>, estimator=Pipeline(memory=Memory(location=None),
         steps=[('numerical_imputer',
                 TransformerWrapper(include=[], transformer=SimpleImputer())),
                ('categorical_imputer',
                 TransformerWrapper(include=['age', 'edu_level', 'fav_animals',
                                             'fav_place', 'gender'],
                                    transformer=SimpleImputer(strategy='most_frequent'))),
                ('ordinal_encoding',
                 TransformerWrapper(include=['gender'],
                                    transfo...
                                                               mapping=[{'col': 'gender',
                                                                         'data_type': dtype('O'),
                                                                         'mapping': Kobieta      0
Mê¿czyzna    1
NaN         -1
dtype: int64}]))),
                ('onehot_encoding',
                 TransformerWrapper(include=['age', 'edu_level', 'fav_animals',
                                             'fav_place'],
                                    transformer=OneHotEncoder(cols=['age',
                                                                    'edu_level',
                                                                    'fav_animals',
                                                                    'fav_place'],
                                                              handle_missing='return_nan',
                                                              use_cat_names=True))),
                ('trained_model', KMeans(random_state=123))]), ml_usecase=None)
2026-05-01 19:51:11,733:INFO:Set up data.
2026-05-01 19:51:11,862:INFO:Initializing predict_model()
2026-05-01 19:51:11,862:INFO:predict_model(self=<pycaret.clustering.oop.ClusteringExperiment object at 0x000001F78AB6BF90>, estimator=Pipeline(memory=Memory(location=None),
         steps=[('numerical_imputer',
                 TransformerWrapper(include=[], transformer=SimpleImputer())),
                ('categorical_imputer',
                 TransformerWrapper(include=['age', 'edu_level', 'fav_animals',
                                             'fav_place', 'gender'],
                                    transformer=SimpleImputer(strategy='most_frequent'))),
                ('ordinal_encoding',
                 TransformerWrapper(include=['gender'],
                                    transfo...
                                                               mapping=[{'col': 'gender',
                                                                         'data_type': dtype('O'),
                                                                         'mapping': Kobieta      0
Mê¿czyzna    1
NaN         -1
dtype: int64}]))),
                ('onehot_encoding',
                 TransformerWrapper(include=['age', 'edu_level', 'fav_animals',
                                             'fav_place'],
                                    transformer=OneHotEncoder(cols=['age',
                                                                    'edu_level',
                                                                    'fav_animals',
                                                                    'fav_place'],
                                                              handle_missing='return_nan',
                                                              use_cat_names=True))),
                ('trained_model', KMeans(random_state=123))]), ml_usecase=None)
2026-05-01 19:51:11,862:INFO:Set up data.
2026-05-01 19:51:13,992:INFO:Initializing predict_model()
2026-05-01 19:51:13,993:INFO:predict_model(self=<pycaret.clustering.oop.ClusteringExperiment object at 0x000001F7867DB7D0>, estimator=Pipeline(memory=Memory(location=None),
         steps=[('numerical_imputer',
                 TransformerWrapper(include=[], transformer=SimpleImputer())),
                ('categorical_imputer',
                 TransformerWrapper(include=['age', 'edu_level', 'fav_animals',
                                             'fav_place', 'gender'],
                                    transformer=SimpleImputer(strategy='most_frequent'))),
                ('ordinal_encoding',
                 TransformerWrapper(include=['gender'],
                                    transfo...
                                                               mapping=[{'col': 'gender',
                                                                         'data_type': dtype('O'),
                                                                         'mapping': Kobieta      0
Mê¿czyzna    1
NaN         -1
dtype: int64}]))),
                ('onehot_encoding',
                 TransformerWrapper(include=['age', 'edu_level', 'fav_animals',
                                             'fav_place'],
                                    transformer=OneHotEncoder(cols=['age',
                                                                    'edu_level',
                                                                    'fav_animals',
                                                                    'fav_place'],
                                                              handle_missing='return_nan',
                                                              use_cat_names=True))),
                ('trained_model', KMeans(random_state=123))]), ml_usecase=None)
2026-05-01 19:51:13,993:INFO:Set up data.
2026-05-01 19:51:14,114:INFO:Initializing predict_model()
2026-05-01 19:51:14,115:INFO:predict_model(self=<pycaret.clustering.oop.ClusteringExperiment object at 0x000001F78B8CE450>, estimator=Pipeline(memory=Memory(location=None),
         steps=[('numerical_imputer',
                 TransformerWrapper(include=[], transformer=SimpleImputer())),
                ('categorical_imputer',
                 TransformerWrapper(include=['age', 'edu_level', 'fav_animals',
                                             'fav_place', 'gender'],
                                    transformer=SimpleImputer(strategy='most_frequent'))),
                ('ordinal_encoding',
                 TransformerWrapper(include=['gender'],
                                    transfo...
                                                               mapping=[{'col': 'gender',
                                                                         'data_type': dtype('O'),
                                                                         'mapping': Kobieta      0
Mê¿czyzna    1
NaN         -1
dtype: int64}]))),
                ('onehot_encoding',
                 TransformerWrapper(include=['age', 'edu_level', 'fav_animals',
                                             'fav_place'],
                                    transformer=OneHotEncoder(cols=['age',
                                                                    'edu_level',
                                                                    'fav_animals',
                                                                    'fav_place'],
                                                              handle_missing='return_nan',
                                                              use_cat_names=True))),
                ('trained_model', KMeans(random_state=123))]), ml_usecase=None)
2026-05-01 19:51:14,115:INFO:Set up data.
2026-05-01 19:51:14,248:INFO:Initializing predict_model()
2026-05-01 19:51:14,250:INFO:predict_model(self=<pycaret.clustering.oop.ClusteringExperiment object at 0x000001F78CD17FD0>, estimator=Pipeline(memory=Memory(location=None),
         steps=[('numerical_imputer',
                 TransformerWrapper(include=[], transformer=SimpleImputer())),
                ('categorical_imputer',
                 TransformerWrapper(include=['age', 'edu_level', 'fav_animals',
                                             'fav_place', 'gender'],
                                    transformer=SimpleImputer(strategy='most_frequent'))),
                ('ordinal_encoding',
                 TransformerWrapper(include=['gender'],
                                    transfo...
                                                               mapping=[{'col': 'gender',
                                                                         'data_type': dtype('O'),
                                                                         'mapping': Kobieta      0
Mê¿czyzna    1
NaN         -1
dtype: int64}]))),
                ('onehot_encoding',
                 TransformerWrapper(include=['age', 'edu_level', 'fav_animals',
                                             'fav_place'],
                                    transformer=OneHotEncoder(cols=['age',
                                                                    'edu_level',
                                                                    'fav_animals',
                                                                    'fav_place'],
                                                              handle_missing='return_nan',
                                                              use_cat_names=True))),
                ('trained_model', KMeans(random_state=123))]), ml_usecase=None)
2026-05-01 19:51:14,250:INFO:Set up data.
2026-05-01 19:51:16,417:INFO:Initializing predict_model()
2026-05-01 19:51:16,417:INFO:predict_model(self=<pycaret.clustering.oop.ClusteringExperiment object at 0x000001F78B9CC550>, estimator=Pipeline(memory=Memory(location=None),
         steps=[('numerical_imputer',
                 TransformerWrapper(include=[], transformer=SimpleImputer())),
                ('categorical_imputer',
                 TransformerWrapper(include=['age', 'edu_level', 'fav_animals',
                                             'fav_place', 'gender'],
                                    transformer=SimpleImputer(strategy='most_frequent'))),
                ('ordinal_encoding',
                 TransformerWrapper(include=['gender'],
                                    transfo...
                                                               mapping=[{'col': 'gender',
                                                                         'data_type': dtype('O'),
                                                                         'mapping': Kobieta      0
Mê¿czyzna    1
NaN         -1
dtype: int64}]))),
                ('onehot_encoding',
                 TransformerWrapper(include=['age', 'edu_level', 'fav_animals',
                                             'fav_place'],
                                    transformer=OneHotEncoder(cols=['age',
                                                                    'edu_level',
                                                                    'fav_animals',
                                                                    'fav_place'],
                                                              handle_missing='return_nan',
                                                              use_cat_names=True))),
                ('trained_model', KMeans(random_state=123))]), ml_usecase=None)
2026-05-01 19:51:16,417:INFO:Set up data.
2026-05-01 19:51:16,546:INFO:Initializing predict_model()
2026-05-01 19:51:16,546:INFO:predict_model(self=<pycaret.clustering.oop.ClusteringExperiment object at 0x000001F7852C4850>, estimator=Pipeline(memory=Memory(location=None),
         steps=[('numerical_imputer',
                 TransformerWrapper(include=[], transformer=SimpleImputer())),
                ('categorical_imputer',
                 TransformerWrapper(include=['age', 'edu_level', 'fav_animals',
                                             'fav_place', 'gender'],
                                    transformer=SimpleImputer(strategy='most_frequent'))),
                ('ordinal_encoding',
                 TransformerWrapper(include=['gender'],
                                    transfo...
                                                               mapping=[{'col': 'gender',
                                                                         'data_type': dtype('O'),
                                                                         'mapping': Kobieta      0
Mê¿czyzna    1
NaN         -1
dtype: int64}]))),
                ('onehot_encoding',
                 TransformerWrapper(include=['age', 'edu_level', 'fav_animals',
                                             'fav_place'],
                                    transformer=OneHotEncoder(cols=['age',
                                                                    'edu_level',
                                                                    'fav_animals',
                                                                    'fav_place'],
                                                              handle_missing='return_nan',
                                                              use_cat_names=True))),
                ('trained_model', KMeans(random_state=123))]), ml_usecase=None)
2026-05-01 19:51:16,547:INFO:Set up data.
2026-05-01 19:51:16,669:INFO:Initializing predict_model()
2026-05-01 19:51:16,669:INFO:predict_model(self=<pycaret.clustering.oop.ClusteringExperiment object at 0x000001F7D0220C50>, estimator=Pipeline(memory=Memory(location=None),
         steps=[('numerical_imputer',
                 TransformerWrapper(include=[], transformer=SimpleImputer())),
                ('categorical_imputer',
                 TransformerWrapper(include=['age', 'edu_level', 'fav_animals',
                                             'fav_place', 'gender'],
                                    transformer=SimpleImputer(strategy='most_frequent'))),
                ('ordinal_encoding',
                 TransformerWrapper(include=['gender'],
                                    transfo...
                                                               mapping=[{'col': 'gender',
                                                                         'data_type': dtype('O'),
                                                                         'mapping': Kobieta      0
Mê¿czyzna    1
NaN         -1
dtype: int64}]))),
                ('onehot_encoding',
                 TransformerWrapper(include=['age', 'edu_level', 'fav_animals',
                                             'fav_place'],
                                    transformer=OneHotEncoder(cols=['age',
                                                                    'edu_level',
                                                                    'fav_animals',
                                                                    'fav_place'],
                                                              handle_missing='return_nan',
                                                              use_cat_names=True))),
                ('trained_model', KMeans(random_state=123))]), ml_usecase=None)
2026-05-01 19:51:16,669:INFO:Set up data.
2026-05-01 19:51:20,275:INFO:Initializing predict_model()
2026-05-01 19:51:20,276:INFO:predict_model(self=<pycaret.clustering.oop.ClusteringExperiment object at 0x000001F784E98F90>, estimator=Pipeline(memory=Memory(location=None),
         steps=[('numerical_imputer',
                 TransformerWrapper(include=[], transformer=SimpleImputer())),
                ('categorical_imputer',
                 TransformerWrapper(include=['age', 'edu_level', 'fav_animals',
                                             'fav_place', 'gender'],
                                    transformer=SimpleImputer(strategy='most_frequent'))),
                ('ordinal_encoding',
                 TransformerWrapper(include=['gender'],
                                    transfo...
                                                               mapping=[{'col': 'gender',
                                                                         'data_type': dtype('O'),
                                                                         'mapping': Kobieta      0
Mê¿czyzna    1
NaN         -1
dtype: int64}]))),
                ('onehot_encoding',
                 TransformerWrapper(include=['age', 'edu_level', 'fav_animals',
                                             'fav_place'],
                                    transformer=OneHotEncoder(cols=['age',
                                                                    'edu_level',
                                                                    'fav_animals',
                                                                    'fav_place'],
                                                              handle_missing='return_nan',
                                                              use_cat_names=True))),
                ('trained_model', KMeans(random_state=123))]), ml_usecase=None)
2026-05-01 19:51:20,276:INFO:Set up data.
2026-05-01 19:51:20,411:INFO:Initializing predict_model()
2026-05-01 19:51:20,411:INFO:predict_model(self=<pycaret.clustering.oop.ClusteringExperiment object at 0x000001F78CE17BD0>, estimator=Pipeline(memory=Memory(location=None),
         steps=[('numerical_imputer',
                 TransformerWrapper(include=[], transformer=SimpleImputer())),
                ('categorical_imputer',
                 TransformerWrapper(include=['age', 'edu_level', 'fav_animals',
                                             'fav_place', 'gender'],
                                    transformer=SimpleImputer(strategy='most_frequent'))),
                ('ordinal_encoding',
                 TransformerWrapper(include=['gender'],
                                    transfo...
                                                               mapping=[{'col': 'gender',
                                                                         'data_type': dtype('O'),
                                                                         'mapping': Kobieta      0
Mê¿czyzna    1
NaN         -1
dtype: int64}]))),
                ('onehot_encoding',
                 TransformerWrapper(include=['age', 'edu_level', 'fav_animals',
                                             'fav_place'],
                                    transformer=OneHotEncoder(cols=['age',
                                                                    'edu_level',
                                                                    'fav_animals',
                                                                    'fav_place'],
                                                              handle_missing='return_nan',
                                                              use_cat_names=True))),
                ('trained_model', KMeans(random_state=123))]), ml_usecase=None)
2026-05-01 19:51:20,412:INFO:Set up data.
2026-05-01 19:51:20,545:INFO:Initializing predict_model()
2026-05-01 19:51:20,545:INFO:predict_model(self=<pycaret.clustering.oop.ClusteringExperiment object at 0x000001F7867821D0>, estimator=Pipeline(memory=Memory(location=None),
         steps=[('numerical_imputer',
                 TransformerWrapper(include=[], transformer=SimpleImputer())),
                ('categorical_imputer',
                 TransformerWrapper(include=['age', 'edu_level', 'fav_animals',
                                             'fav_place', 'gender'],
                                    transformer=SimpleImputer(strategy='most_frequent'))),
                ('ordinal_encoding',
                 TransformerWrapper(include=['gender'],
                                    transfo...
                                                               mapping=[{'col': 'gender',
                                                                         'data_type': dtype('O'),
                                                                         'mapping': Kobieta      0
Mê¿czyzna    1
NaN         -1
dtype: int64}]))),
                ('onehot_encoding',
                 TransformerWrapper(include=['age', 'edu_level', 'fav_animals',
                                             'fav_place'],
                                    transformer=OneHotEncoder(cols=['age',
                                                                    'edu_level',
                                                                    'fav_animals',
                                                                    'fav_place'],
                                                              handle_missing='return_nan',
                                                              use_cat_names=True))),
                ('trained_model', KMeans(random_state=123))]), ml_usecase=None)
2026-05-01 19:51:20,546:INFO:Set up data.
2026-05-01 19:53:06,665:INFO:Initializing predict_model()
2026-05-01 19:53:06,665:INFO:predict_model(self=<pycaret.clustering.oop.ClusteringExperiment object at 0x000001F78AD700D0>, estimator=Pipeline(memory=Memory(location=None),
         steps=[('numerical_imputer',
                 TransformerWrapper(include=[], transformer=SimpleImputer())),
                ('categorical_imputer',
                 TransformerWrapper(include=['age', 'edu_level', 'fav_animals',
                                             'fav_place', 'gender'],
                                    transformer=SimpleImputer(strategy='most_frequent'))),
                ('ordinal_encoding',
                 TransformerWrapper(include=['gender'],
                                    transfo...
                                                               mapping=[{'col': 'gender',
                                                                         'data_type': dtype('O'),
                                                                         'mapping': Kobieta      0
Mê¿czyzna    1
NaN         -1
dtype: int64}]))),
                ('onehot_encoding',
                 TransformerWrapper(include=['age', 'edu_level', 'fav_animals',
                                             'fav_place'],
                                    transformer=OneHotEncoder(cols=['age',
                                                                    'edu_level',
                                                                    'fav_animals',
                                                                    'fav_place'],
                                                              handle_missing='return_nan',
                                                              use_cat_names=True))),
                ('trained_model', KMeans(random_state=123))]), ml_usecase=None)
2026-05-01 19:53:06,665:INFO:Set up data.
2026-05-01 19:53:06,789:INFO:Initializing predict_model()
2026-05-01 19:53:06,790:INFO:predict_model(self=<pycaret.clustering.oop.ClusteringExperiment object at 0x000001F78B90A850>, estimator=Pipeline(memory=Memory(location=None),
         steps=[('numerical_imputer',
                 TransformerWrapper(include=[], transformer=SimpleImputer())),
                ('categorical_imputer',
                 TransformerWrapper(include=['age', 'edu_level', 'fav_animals',
                                             'fav_place', 'gender'],
                                    transformer=SimpleImputer(strategy='most_frequent'))),
                ('ordinal_encoding',
                 TransformerWrapper(include=['gender'],
                                    transfo...
                                                               mapping=[{'col': 'gender',
                                                                         'data_type': dtype('O'),
                                                                         'mapping': Kobieta      0
Mê¿czyzna    1
NaN         -1
dtype: int64}]))),
                ('onehot_encoding',
                 TransformerWrapper(include=['age', 'edu_level', 'fav_animals',
                                             'fav_place'],
                                    transformer=OneHotEncoder(cols=['age',
                                                                    'edu_level',
                                                                    'fav_animals',
                                                                    'fav_place'],
                                                              handle_missing='return_nan',
                                                              use_cat_names=True))),
                ('trained_model', KMeans(random_state=123))]), ml_usecase=None)
2026-05-01 19:53:06,790:INFO:Set up data.
2026-05-01 19:53:06,962:INFO:Initializing predict_model()
2026-05-01 19:53:06,963:INFO:predict_model(self=<pycaret.clustering.oop.ClusteringExperiment object at 0x000001F78B48A210>, estimator=Pipeline(memory=Memory(location=None),
         steps=[('numerical_imputer',
                 TransformerWrapper(include=[], transformer=SimpleImputer())),
                ('categorical_imputer',
                 TransformerWrapper(include=['age', 'edu_level', 'fav_animals',
                                             'fav_place', 'gender'],
                                    transformer=SimpleImputer(strategy='most_frequent'))),
                ('ordinal_encoding',
                 TransformerWrapper(include=['gender'],
                                    transfo...
                                                               mapping=[{'col': 'gender',
                                                                         'data_type': dtype('O'),
                                                                         'mapping': Kobieta      0
Mê¿czyzna    1
NaN         -1
dtype: int64}]))),
                ('onehot_encoding',
                 TransformerWrapper(include=['age', 'edu_level', 'fav_animals',
                                             'fav_place'],
                                    transformer=OneHotEncoder(cols=['age',
                                                                    'edu_level',
                                                                    'fav_animals',
                                                                    'fav_place'],
                                                              handle_missing='return_nan',
                                                              use_cat_names=True))),
                ('trained_model', KMeans(random_state=123))]), ml_usecase=None)
2026-05-01 19:53:06,963:INFO:Set up data.
2026-05-01 19:53:11,717:INFO:Initializing predict_model()
2026-05-01 19:53:11,717:INFO:predict_model(self=<pycaret.clustering.oop.ClusteringExperiment object at 0x000001F78B98B750>, estimator=Pipeline(memory=Memory(location=None),
         steps=[('numerical_imputer',
                 TransformerWrapper(include=[], transformer=SimpleImputer())),
                ('categorical_imputer',
                 TransformerWrapper(include=['age', 'edu_level', 'fav_animals',
                                             'fav_place', 'gender'],
                                    transformer=SimpleImputer(strategy='most_frequent'))),
                ('ordinal_encoding',
                 TransformerWrapper(include=['gender'],
                                    transfo...
                                                               mapping=[{'col': 'gender',
                                                                         'data_type': dtype('O'),
                                                                         'mapping': Kobieta      0
Mê¿czyzna    1
NaN         -1
dtype: int64}]))),
                ('onehot_encoding',
                 TransformerWrapper(include=['age', 'edu_level', 'fav_animals',
                                             'fav_place'],
                                    transformer=OneHotEncoder(cols=['age',
                                                                    'edu_level',
                                                                    'fav_animals',
                                                                    'fav_place'],
                                                              handle_missing='return_nan',
                                                              use_cat_names=True))),
                ('trained_model', KMeans(random_state=123))]), ml_usecase=None)
2026-05-01 19:53:11,717:INFO:Set up data.
2026-05-01 19:53:11,849:INFO:Initializing predict_model()
2026-05-01 19:53:11,850:INFO:predict_model(self=<pycaret.clustering.oop.ClusteringExperiment object at 0x000001F78B9FC410>, estimator=Pipeline(memory=Memory(location=None),
         steps=[('numerical_imputer',
                 TransformerWrapper(include=[], transformer=SimpleImputer())),
                ('categorical_imputer',
                 TransformerWrapper(include=['age', 'edu_level', 'fav_animals',
                                             'fav_place', 'gender'],
                                    transformer=SimpleImputer(strategy='most_frequent'))),
                ('ordinal_encoding',
                 TransformerWrapper(include=['gender'],
                                    transfo...
                                                               mapping=[{'col': 'gender',
                                                                         'data_type': dtype('O'),
                                                                         'mapping': Kobieta      0
Mê¿czyzna    1
NaN         -1
dtype: int64}]))),
                ('onehot_encoding',
                 TransformerWrapper(include=['age', 'edu_level', 'fav_animals',
                                             'fav_place'],
                                    transformer=OneHotEncoder(cols=['age',
                                                                    'edu_level',
                                                                    'fav_animals',
                                                                    'fav_place'],
                                                              handle_missing='return_nan',
                                                              use_cat_names=True))),
                ('trained_model', KMeans(random_state=123))]), ml_usecase=None)
2026-05-01 19:53:11,850:INFO:Set up data.
2026-05-01 19:53:11,992:INFO:Initializing predict_model()
2026-05-01 19:53:11,992:INFO:predict_model(self=<pycaret.clustering.oop.ClusteringExperiment object at 0x000001F788A6CD10>, estimator=Pipeline(memory=Memory(location=None),
         steps=[('numerical_imputer',
                 TransformerWrapper(include=[], transformer=SimpleImputer())),
                ('categorical_imputer',
                 TransformerWrapper(include=['age', 'edu_level', 'fav_animals',
                                             'fav_place', 'gender'],
                                    transformer=SimpleImputer(strategy='most_frequent'))),
                ('ordinal_encoding',
                 TransformerWrapper(include=['gender'],
                                    transfo...
                                                               mapping=[{'col': 'gender',
                                                                         'data_type': dtype('O'),
                                                                         'mapping': Kobieta      0
Mê¿czyzna    1
NaN         -1
dtype: int64}]))),
                ('onehot_encoding',
                 TransformerWrapper(include=['age', 'edu_level', 'fav_animals',
                                             'fav_place'],
                                    transformer=OneHotEncoder(cols=['age',
                                                                    'edu_level',
                                                                    'fav_animals',
                                                                    'fav_place'],
                                                              handle_missing='return_nan',
                                                              use_cat_names=True))),
                ('trained_model', KMeans(random_state=123))]), ml_usecase=None)
2026-05-01 19:53:11,992:INFO:Set up data.
2026-05-02 22:32:58,942:WARNING:
'cuml' is a soft dependency and not included in the pycaret installation. Please run: `pip install cuml` to install.
2026-05-02 22:32:58,944:WARNING:
'cuml' is a soft dependency and not included in the pycaret installation. Please run: `pip install cuml` to install.
2026-05-02 22:32:58,944:WARNING:
'cuml' is a soft dependency and not included in the pycaret installation. Please run: `pip install cuml` to install.
2026-05-02 22:32:58,945:WARNING:
'cuml' is a soft dependency and not included in the pycaret installation. Please run: `pip install cuml` to install.
2026-05-02 22:33:04,944:INFO:Initializing load_model()
2026-05-02 22:33:04,945:INFO:load_model(model_name=welcome_survey_clustering_pipeline_v1, platform=None, authentication=None, verbose=True)
2026-05-02 22:33:04,968:WARNING:C:\Users\slim\miniconda3\envs\od_zera_do_ai\Lib\site-packages\_distutils_hack\__init__.py:30: UserWarning: Setuptools is replacing distutils. Support for replacing an already imported distutils is deprecated. In the future, this condition will fail. Register concerns at https://github.com/pypa/setuptools/issues/new?template=distutils-deprecation.yml
  warnings.warn(

2026-05-02 22:33:05,174:WARNING:C:\Users\slim\miniconda3\envs\od_zera_do_ai\Lib\site-packages\pycaret\internal\pipeline.py:148: UserWarning: Version mismatch:
current: {'deps_info': {'pip': '26.0.1', 'setuptools': '78.1.1', 'pycaret': '3.3.2', 'IPython': '9.1.0', 'ipywidgets': '8.1.8', 'tqdm': '4.67.3', 'numpy': '1.26.4', 'pandas': '1.5.3', 'jinja2': '3.1.6', 'scipy': '1.10.1', 'joblib': '1.4.2', 'sklearn': '1.4.2', 'pyod': '2.0.5', 'imblearn': '0.14.1', 'category_encoders': '2.6.3', 'lightgbm': '4.6.0', 'numba': '0.63.1', 'requests': '2.32.4', 'matplotlib': '3.7.5', 'scikitplot': '0.3.7', 'yellowbrick': '1.5', 'plotly': '5.24.1', 'plotly-resampler': 'Not installed', 'kaleido': '1.0.0', 'schemdraw': '0.15', 'statsmodels': '0.14.6', 'sktime': '0.26.0', 'tbats': '1.1.3', 'pmdarima': 'Not installed', 'psutil': '5.9.0', 'markupsafe': '3.0.2', 'pickle5': 'Not installed', 'cloudpickle': '3.1.2', 'deprecation': '2.1.0', 'xxhash': '3.6.0', 'wurlitzer': 'Not installed'}, 'python': {'version': '3.11.11', 'machine': 'AMD64'}}
pickle: {'deps_info': {'pip': '24.0', 'setuptools': '70.3.0', 'pycaret': '3.3.1', 'IPython': '8.26.0', 'ipywidgets': '8.1.3', 'tqdm': '4.66.5', 'numpy': '1.26.4', 'pandas': '1.5.3', 'jinja2': '3.1.4', 'scipy': '1.11.4', 'joblib': '1.3.2', 'sklearn': '1.4.2', 'pyod': '2.0.1', 'imblearn': '0.12.3', 'category_encoders': '2.6.3', 'lightgbm': '4.5.0', 'numba': '0.60.0', 'requests': '2.32.3', 'matplotlib': '3.8.4', 'scikitplot': '0.3.7', 'yellowbrick': '1.5', 'plotly': '5.23.0', 'plotly-resampler': 'Not installed', 'kaleido': '0.2.1', 'schemdraw': '0.15', 'statsmodels': '0.14.2', 'sktime': '0.26.0', 'tbats': '1.1.3', 'pmdarima': '2.0.4', 'psutil': '6.0.0', 'markupsafe': '2.1.5', 'pickle5': 'Not installed', 'cloudpickle': '3.0.0', 'deprecation': '2.1.0', 'xxhash': '3.4.1', 'wurlitzer': '3.1.1'}, 'python': {'version': '3.11.9', 'machine': 'arm64'}}
  warnings.warn(

2026-05-02 22:33:05,306:INFO:Initializing predict_model()
2026-05-02 22:33:05,306:INFO:predict_model(self=<pycaret.clustering.oop.ClusteringExperiment object at 0x0000019F1090FE90>, estimator=Pipeline(memory=Memory(location=None),
         steps=[('numerical_imputer',
                 TransformerWrapper(include=[], transformer=SimpleImputer())),
                ('categorical_imputer',
                 TransformerWrapper(include=['age', 'edu_level', 'fav_animals',
                                             'fav_place', 'gender'],
                                    transformer=SimpleImputer(strategy='most_frequent'))),
                ('ordinal_encoding',
                 TransformerWrapper(include=['gender'],
                                    transfo...
                                                               mapping=[{'col': 'gender',
                                                                         'data_type': dtype('O'),
                                                                         'mapping': Kobieta      0
Mê¿czyzna    1
NaN         -1
dtype: int64}]))),
                ('onehot_encoding',
                 TransformerWrapper(include=['age', 'edu_level', 'fav_animals',
                                             'fav_place'],
                                    transformer=OneHotEncoder(cols=['age',
                                                                    'edu_level',
                                                                    'fav_animals',
                                                                    'fav_place'],
                                                              handle_missing='return_nan',
                                                              use_cat_names=True))),
                ('trained_model', KMeans(random_state=123))]), ml_usecase=None)
2026-05-02 22:33:05,306:INFO:Set up data.
2026-05-02 22:33:05,845:INFO:Initializing predict_model()
2026-05-02 22:33:05,846:INFO:predict_model(self=<pycaret.clustering.oop.ClusteringExperiment object at 0x0000019F742F16D0>, estimator=Pipeline(memory=Memory(location=None),
         steps=[('numerical_imputer',
                 TransformerWrapper(include=[], transformer=SimpleImputer())),
                ('categorical_imputer',
                 TransformerWrapper(include=['age', 'edu_level', 'fav_animals',
                                             'fav_place', 'gender'],
                                    transformer=SimpleImputer(strategy='most_frequent'))),
                ('ordinal_encoding',
                 TransformerWrapper(include=['gender'],
                                    transfo...
                                                               mapping=[{'col': 'gender',
                                                                         'data_type': dtype('O'),
                                                                         'mapping': Kobieta      0
Mê¿czyzna    1
NaN         -1
dtype: int64}]))),
                ('onehot_encoding',
                 TransformerWrapper(include=['age', 'edu_level', 'fav_animals',
                                             'fav_place'],
                                    transformer=OneHotEncoder(cols=['age',
                                                                    'edu_level',
                                                                    'fav_animals',
                                                                    'fav_place'],
                                                              handle_missing='return_nan',
                                                              use_cat_names=True))),
                ('trained_model', KMeans(random_state=123))]), ml_usecase=None)
2026-05-02 22:33:05,846:INFO:Set up data.
2026-05-02 22:33:33,463:INFO:Initializing predict_model()
2026-05-02 22:33:33,463:INFO:predict_model(self=<pycaret.clustering.oop.ClusteringExperiment object at 0x0000019F13F1D010>, estimator=Pipeline(memory=Memory(location=None),
         steps=[('numerical_imputer',
                 TransformerWrapper(include=[], transformer=SimpleImputer())),
                ('categorical_imputer',
                 TransformerWrapper(include=['age', 'edu_level', 'fav_animals',
                                             'fav_place', 'gender'],
                                    transformer=SimpleImputer(strategy='most_frequent'))),
                ('ordinal_encoding',
                 TransformerWrapper(include=['gender'],
                                    transfo...
                                                               mapping=[{'col': 'gender',
                                                                         'data_type': dtype('O'),
                                                                         'mapping': Kobieta      0
Mê¿czyzna    1
NaN         -1
dtype: int64}]))),
                ('onehot_encoding',
                 TransformerWrapper(include=['age', 'edu_level', 'fav_animals',
                                             'fav_place'],
                                    transformer=OneHotEncoder(cols=['age',
                                                                    'edu_level',
                                                                    'fav_animals',
                                                                    'fav_place'],
                                                              handle_missing='return_nan',
                                                              use_cat_names=True))),
                ('trained_model', KMeans(random_state=123))]), ml_usecase=None)
2026-05-02 22:33:33,465:INFO:Set up data.
2026-05-02 22:33:37,008:INFO:Initializing predict_model()
2026-05-02 22:33:37,008:INFO:predict_model(self=<pycaret.clustering.oop.ClusteringExperiment object at 0x0000019F11AF4750>, estimator=Pipeline(memory=Memory(location=None),
         steps=[('numerical_imputer',
                 TransformerWrapper(include=[], transformer=SimpleImputer())),
                ('categorical_imputer',
                 TransformerWrapper(include=['age', 'edu_level', 'fav_animals',
                                             'fav_place', 'gender'],
                                    transformer=SimpleImputer(strategy='most_frequent'))),
                ('ordinal_encoding',
                 TransformerWrapper(include=['gender'],
                                    transfo...
                                                               mapping=[{'col': 'gender',
                                                                         'data_type': dtype('O'),
                                                                         'mapping': Kobieta      0
Mê¿czyzna    1
NaN         -1
dtype: int64}]))),
                ('onehot_encoding',
                 TransformerWrapper(include=['age', 'edu_level', 'fav_animals',
                                             'fav_place'],
                                    transformer=OneHotEncoder(cols=['age',
                                                                    'edu_level',
                                                                    'fav_animals',
                                                                    'fav_place'],
                                                              handle_missing='return_nan',
                                                              use_cat_names=True))),
                ('trained_model', KMeans(random_state=123))]), ml_usecase=None)
2026-05-02 22:33:37,008:INFO:Set up data.
2026-05-02 22:33:43,537:INFO:Initializing predict_model()
2026-05-02 22:33:43,537:INFO:predict_model(self=<pycaret.clustering.oop.ClusteringExperiment object at 0x0000019F11D44A90>, estimator=Pipeline(memory=Memory(location=None),
         steps=[('numerical_imputer',
                 TransformerWrapper(include=[], transformer=SimpleImputer())),
                ('categorical_imputer',
                 TransformerWrapper(include=['age', 'edu_level', 'fav_animals',
                                             'fav_place', 'gender'],
                                    transformer=SimpleImputer(strategy='most_frequent'))),
                ('ordinal_encoding',
                 TransformerWrapper(include=['gender'],
                                    transfo...
                                                               mapping=[{'col': 'gender',
                                                                         'data_type': dtype('O'),
                                                                         'mapping': Kobieta      0
Mê¿czyzna    1
NaN         -1
dtype: int64}]))),
                ('onehot_encoding',
                 TransformerWrapper(include=['age', 'edu_level', 'fav_animals',
                                             'fav_place'],
                                    transformer=OneHotEncoder(cols=['age',
                                                                    'edu_level',
                                                                    'fav_animals',
                                                                    'fav_place'],
                                                              handle_missing='return_nan',
                                                              use_cat_names=True))),
                ('trained_model', KMeans(random_state=123))]), ml_usecase=None)
2026-05-02 22:33:43,537:INFO:Set up data.
2026-05-02 22:33:49,230:INFO:Initializing predict_model()
2026-05-02 22:33:49,231:INFO:predict_model(self=<pycaret.clustering.oop.ClusteringExperiment object at 0x0000019F10634B50>, estimator=Pipeline(memory=Memory(location=None),
         steps=[('numerical_imputer',
                 TransformerWrapper(include=[], transformer=SimpleImputer())),
                ('categorical_imputer',
                 TransformerWrapper(include=['age', 'edu_level', 'fav_animals',
                                             'fav_place', 'gender'],
                                    transformer=SimpleImputer(strategy='most_frequent'))),
                ('ordinal_encoding',
                 TransformerWrapper(include=['gender'],
                                    transfo...
                                                               mapping=[{'col': 'gender',
                                                                         'data_type': dtype('O'),
                                                                         'mapping': Kobieta      0
Mê¿czyzna    1
NaN         -1
dtype: int64}]))),
                ('onehot_encoding',
                 TransformerWrapper(include=['age', 'edu_level', 'fav_animals',
                                             'fav_place'],
                                    transformer=OneHotEncoder(cols=['age',
                                                                    'edu_level',
                                                                    'fav_animals',
                                                                    'fav_place'],
                                                              handle_missing='return_nan',
                                                              use_cat_names=True))),
                ('trained_model', KMeans(random_state=123))]), ml_usecase=None)
2026-05-02 22:33:49,232:INFO:Set up data.
2026-05-02 22:33:53,147:INFO:Initializing predict_model()
2026-05-02 22:33:53,148:INFO:predict_model(self=<pycaret.clustering.oop.ClusteringExperiment object at 0x0000019F14134C50>, estimator=Pipeline(memory=Memory(location=None),
         steps=[('numerical_imputer',
                 TransformerWrapper(include=[], transformer=SimpleImputer())),
                ('categorical_imputer',
                 TransformerWrapper(include=['age', 'edu_level', 'fav_animals',
                                             'fav_place', 'gender'],
                                    transformer=SimpleImputer(strategy='most_frequent'))),
                ('ordinal_encoding',
                 TransformerWrapper(include=['gender'],
                                    transfo...
                                                               mapping=[{'col': 'gender',
                                                                         'data_type': dtype('O'),
                                                                         'mapping': Kobieta      0
Mê¿czyzna    1
NaN         -1
dtype: int64}]))),
                ('onehot_encoding',
                 TransformerWrapper(include=['age', 'edu_level', 'fav_animals',
                                             'fav_place'],
                                    transformer=OneHotEncoder(cols=['age',
                                                                    'edu_level',
                                                                    'fav_animals',
                                                                    'fav_place'],
                                                              handle_missing='return_nan',
                                                              use_cat_names=True))),
                ('trained_model', KMeans(random_state=123))]), ml_usecase=None)
2026-05-02 22:33:53,149:INFO:Set up data.
2026-05-02 22:33:55,727:INFO:Initializing predict_model()
2026-05-02 22:33:55,728:INFO:predict_model(self=<pycaret.clustering.oop.ClusteringExperiment object at 0x0000019F13F330D0>, estimator=Pipeline(memory=Memory(location=None),
         steps=[('numerical_imputer',
                 TransformerWrapper(include=[], transformer=SimpleImputer())),
                ('categorical_imputer',
                 TransformerWrapper(include=['age', 'edu_level', 'fav_animals',
                                             'fav_place', 'gender'],
                                    transformer=SimpleImputer(strategy='most_frequent'))),
                ('ordinal_encoding',
                 TransformerWrapper(include=['gender'],
                                    transfo...
                                                               mapping=[{'col': 'gender',
                                                                         'data_type': dtype('O'),
                                                                         'mapping': Kobieta      0
Mê¿czyzna    1
NaN         -1
dtype: int64}]))),
                ('onehot_encoding',
                 TransformerWrapper(include=['age', 'edu_level', 'fav_animals',
                                             'fav_place'],
                                    transformer=OneHotEncoder(cols=['age',
                                                                    'edu_level',
                                                                    'fav_animals',
                                                                    'fav_place'],
                                                              handle_missing='return_nan',
                                                              use_cat_names=True))),
                ('trained_model', KMeans(random_state=123))]), ml_usecase=None)
2026-05-02 22:33:55,728:INFO:Set up data.
2026-05-02 22:33:58,428:INFO:Initializing predict_model()
2026-05-02 22:33:58,428:INFO:predict_model(self=<pycaret.clustering.oop.ClusteringExperiment object at 0x0000019F11DA2B10>, estimator=Pipeline(memory=Memory(location=None),
         steps=[('numerical_imputer',
                 TransformerWrapper(include=[], transformer=SimpleImputer())),
                ('categorical_imputer',
                 TransformerWrapper(include=['age', 'edu_level', 'fav_animals',
                                             'fav_place', 'gender'],
                                    transformer=SimpleImputer(strategy='most_frequent'))),
                ('ordinal_encoding',
                 TransformerWrapper(include=['gender'],
                                    transfo...
                                                               mapping=[{'col': 'gender',
                                                                         'data_type': dtype('O'),
                                                                         'mapping': Kobieta      0
Mê¿czyzna    1
NaN         -1
dtype: int64}]))),
                ('onehot_encoding',
                 TransformerWrapper(include=['age', 'edu_level', 'fav_animals',
                                             'fav_place'],
                                    transformer=OneHotEncoder(cols=['age',
                                                                    'edu_level',
                                                                    'fav_animals',
                                                                    'fav_place'],
                                                              handle_missing='return_nan',
                                                              use_cat_names=True))),
                ('trained_model', KMeans(random_state=123))]), ml_usecase=None)
2026-05-02 22:33:58,429:INFO:Set up data.
2026-05-02 22:34:03,983:INFO:Initializing predict_model()
2026-05-02 22:34:03,984:INFO:predict_model(self=<pycaret.clustering.oop.ClusteringExperiment object at 0x0000019F1406A450>, estimator=Pipeline(memory=Memory(location=None),
         steps=[('numerical_imputer',
                 TransformerWrapper(include=[], transformer=SimpleImputer())),
                ('categorical_imputer',
                 TransformerWrapper(include=['age', 'edu_level', 'fav_animals',
                                             'fav_place', 'gender'],
                                    transformer=SimpleImputer(strategy='most_frequent'))),
                ('ordinal_encoding',
                 TransformerWrapper(include=['gender'],
                                    transfo...
                                                               mapping=[{'col': 'gender',
                                                                         'data_type': dtype('O'),
                                                                         'mapping': Kobieta      0
Mê¿czyzna    1
NaN         -1
dtype: int64}]))),
                ('onehot_encoding',
                 TransformerWrapper(include=['age', 'edu_level', 'fav_animals',
                                             'fav_place'],
                                    transformer=OneHotEncoder(cols=['age',
                                                                    'edu_level',
                                                                    'fav_animals',
                                                                    'fav_place'],
                                                              handle_missing='return_nan',
                                                              use_cat_names=True))),
                ('trained_model', KMeans(random_state=123))]), ml_usecase=None)
2026-05-02 22:34:03,984:INFO:Set up data.
2026-05-02 22:34:15,785:INFO:Initializing predict_model()
2026-05-02 22:34:15,785:INFO:predict_model(self=<pycaret.clustering.oop.ClusteringExperiment object at 0x0000019F14109090>, estimator=Pipeline(memory=Memory(location=None),
         steps=[('numerical_imputer',
                 TransformerWrapper(include=[], transformer=SimpleImputer())),
                ('categorical_imputer',
                 TransformerWrapper(include=['age', 'edu_level', 'fav_animals',
                                             'fav_place', 'gender'],
                                    transformer=SimpleImputer(strategy='most_frequent'))),
                ('ordinal_encoding',
                 TransformerWrapper(include=['gender'],
                                    transfo...
                                                               mapping=[{'col': 'gender',
                                                                         'data_type': dtype('O'),
                                                                         'mapping': Kobieta      0
Mê¿czyzna    1
NaN         -1
dtype: int64}]))),
                ('onehot_encoding',
                 TransformerWrapper(include=['age', 'edu_level', 'fav_animals',
                                             'fav_place'],
                                    transformer=OneHotEncoder(cols=['age',
                                                                    'edu_level',
                                                                    'fav_animals',
                                                                    'fav_place'],
                                                              handle_missing='return_nan',
                                                              use_cat_names=True))),
                ('trained_model', KMeans(random_state=123))]), ml_usecase=None)
2026-05-02 22:34:15,785:INFO:Set up data.
2026-05-02 22:48:04,508:WARNING:
'cuml' is a soft dependency and not included in the pycaret installation. Please run: `pip install cuml` to install.
2026-05-02 22:48:04,509:WARNING:
'cuml' is a soft dependency and not included in the pycaret installation. Please run: `pip install cuml` to install.
2026-05-02 22:48:04,509:WARNING:
'cuml' is a soft dependency and not included in the pycaret installation. Please run: `pip install cuml` to install.
2026-05-02 22:48:04,509:WARNING:
'cuml' is a soft dependency and not included in the pycaret installation. Please run: `pip install cuml` to install.
2026-05-02 22:48:07,063:INFO:Initializing load_model()
2026-05-02 22:48:07,063:INFO:load_model(model_name=welcome_survey_clustering_pipeline_v1, platform=None, authentication=None, verbose=True)
2026-05-02 22:48:07,082:WARNING:C:\Users\slim\miniconda3\envs\od_zera_do_ai\Lib\site-packages\_distutils_hack\__init__.py:30: UserWarning: Setuptools is replacing distutils. Support for replacing an already imported distutils is deprecated. In the future, this condition will fail. Register concerns at https://github.com/pypa/setuptools/issues/new?template=distutils-deprecation.yml
  warnings.warn(

2026-05-02 22:48:07,303:WARNING:C:\Users\slim\miniconda3\envs\od_zera_do_ai\Lib\site-packages\pycaret\internal\pipeline.py:148: UserWarning: Version mismatch:
current: {'deps_info': {'pip': '26.0.1', 'setuptools': '78.1.1', 'pycaret': '3.3.2', 'IPython': '9.1.0', 'ipywidgets': '8.1.8', 'tqdm': '4.67.3', 'numpy': '1.26.4', 'pandas': '1.5.3', 'jinja2': '3.1.6', 'scipy': '1.10.1', 'joblib': '1.4.2', 'sklearn': '1.4.2', 'pyod': '2.0.5', 'imblearn': '0.14.1', 'category_encoders': '2.6.3', 'lightgbm': '4.6.0', 'numba': '0.63.1', 'requests': '2.32.4', 'matplotlib': '3.7.5', 'scikitplot': '0.3.7', 'yellowbrick': '1.5', 'plotly': '5.24.1', 'plotly-resampler': 'Not installed', 'kaleido': '1.0.0', 'schemdraw': '0.15', 'statsmodels': '0.14.6', 'sktime': '0.26.0', 'tbats': '1.1.3', 'pmdarima': 'Not installed', 'psutil': '5.9.0', 'markupsafe': '3.0.2', 'pickle5': 'Not installed', 'cloudpickle': '3.1.2', 'deprecation': '2.1.0', 'xxhash': '3.6.0', 'wurlitzer': 'Not installed'}, 'python': {'version': '3.11.11', 'machine': 'AMD64'}}
pickle: {'deps_info': {'pip': '24.0', 'setuptools': '70.3.0', 'pycaret': '3.3.1', 'IPython': '8.26.0', 'ipywidgets': '8.1.3', 'tqdm': '4.66.5', 'numpy': '1.26.4', 'pandas': '1.5.3', 'jinja2': '3.1.4', 'scipy': '1.11.4', 'joblib': '1.3.2', 'sklearn': '1.4.2', 'pyod': '2.0.1', 'imblearn': '0.12.3', 'category_encoders': '2.6.3', 'lightgbm': '4.5.0', 'numba': '0.60.0', 'requests': '2.32.3', 'matplotlib': '3.8.4', 'scikitplot': '0.3.7', 'yellowbrick': '1.5', 'plotly': '5.23.0', 'plotly-resampler': 'Not installed', 'kaleido': '0.2.1', 'schemdraw': '0.15', 'statsmodels': '0.14.2', 'sktime': '0.26.0', 'tbats': '1.1.3', 'pmdarima': '2.0.4', 'psutil': '6.0.0', 'markupsafe': '2.1.5', 'pickle5': 'Not installed', 'cloudpickle': '3.0.0', 'deprecation': '2.1.0', 'xxhash': '3.4.1', 'wurlitzer': '3.1.1'}, 'python': {'version': '3.11.9', 'machine': 'arm64'}}
  warnings.warn(

2026-05-02 22:48:07,375:INFO:Initializing predict_model()
2026-05-02 22:48:07,375:INFO:predict_model(self=<pycaret.clustering.oop.ClusteringExperiment object at 0x0000021A4920C350>, estimator=Pipeline(memory=Memory(location=None),
         steps=[('numerical_imputer',
                 TransformerWrapper(include=[], transformer=SimpleImputer())),
                ('categorical_imputer',
                 TransformerWrapper(include=['age', 'edu_level', 'fav_animals',
                                             'fav_place', 'gender'],
                                    transformer=SimpleImputer(strategy='most_frequent'))),
                ('ordinal_encoding',
                 TransformerWrapper(include=['gender'],
                                    transfo...
                                                               mapping=[{'col': 'gender',
                                                                         'data_type': dtype('O'),
                                                                         'mapping': Kobieta      0
Mê¿czyzna    1
NaN         -1
dtype: int64}]))),
                ('onehot_encoding',
                 TransformerWrapper(include=['age', 'edu_level', 'fav_animals',
                                             'fav_place'],
                                    transformer=OneHotEncoder(cols=['age',
                                                                    'edu_level',
                                                                    'fav_animals',
                                                                    'fav_place'],
                                                              handle_missing='return_nan',
                                                              use_cat_names=True))),
                ('trained_model', KMeans(random_state=123))]), ml_usecase=None)
2026-05-02 22:48:07,375:INFO:Set up data.
2026-05-02 22:48:11,062:INFO:Initializing predict_model()
2026-05-02 22:48:11,063:INFO:predict_model(self=<pycaret.clustering.oop.ClusteringExperiment object at 0x0000021A49214C50>, estimator=Pipeline(memory=Memory(location=None),
         steps=[('numerical_imputer',
                 TransformerWrapper(include=[], transformer=SimpleImputer())),
                ('categorical_imputer',
                 TransformerWrapper(include=['age', 'edu_level', 'fav_animals',
                                             'fav_place', 'gender'],
                                    transformer=SimpleImputer(strategy='most_frequent'))),
                ('ordinal_encoding',
                 TransformerWrapper(include=['gender'],
                                    transfo...
                                                               mapping=[{'col': 'gender',
                                                                         'data_type': dtype('O'),
                                                                         'mapping': Kobieta      0
Mê¿czyzna    1
NaN         -1
dtype: int64}]))),
                ('onehot_encoding',
                 TransformerWrapper(include=['age', 'edu_level', 'fav_animals',
                                             'fav_place'],
                                    transformer=OneHotEncoder(cols=['age',
                                                                    'edu_level',
                                                                    'fav_animals',
                                                                    'fav_place'],
                                                              handle_missing='return_nan',
                                                              use_cat_names=True))),
                ('trained_model', KMeans(random_state=123))]), ml_usecase=None)
2026-05-02 22:48:11,063:INFO:Set up data.
2026-05-02 22:48:11,154:INFO:Initializing predict_model()
2026-05-02 22:48:11,154:INFO:predict_model(self=<pycaret.clustering.oop.ClusteringExperiment object at 0x0000021A4A39E550>, estimator=Pipeline(memory=Memory(location=None),
         steps=[('numerical_imputer',
                 TransformerWrapper(include=[], transformer=SimpleImputer())),
                ('categorical_imputer',
                 TransformerWrapper(include=['age', 'edu_level', 'fav_animals',
                                             'fav_place', 'gender'],
                                    transformer=SimpleImputer(strategy='most_frequent'))),
                ('ordinal_encoding',
                 TransformerWrapper(include=['gender'],
                                    transfo...
                                                               mapping=[{'col': 'gender',
                                                                         'data_type': dtype('O'),
                                                                         'mapping': Kobieta      0
Mê¿czyzna    1
NaN         -1
dtype: int64}]))),
                ('onehot_encoding',
                 TransformerWrapper(include=['age', 'edu_level', 'fav_animals',
                                             'fav_place'],
                                    transformer=OneHotEncoder(cols=['age',
                                                                    'edu_level',
                                                                    'fav_animals',
                                                                    'fav_place'],
                                                              handle_missing='return_nan',
                                                              use_cat_names=True))),
                ('trained_model', KMeans(random_state=123))]), ml_usecase=None)
2026-05-02 22:48:11,154:INFO:Set up data.
2026-05-02 22:56:48,876:INFO:Initializing predict_model()
2026-05-02 22:56:48,876:INFO:predict_model(self=<pycaret.clustering.oop.ClusteringExperiment object at 0x0000021A8F1677D0>, estimator=Pipeline(memory=Memory(location=None),
         steps=[('numerical_imputer',
                 TransformerWrapper(include=[], transformer=SimpleImputer())),
                ('categorical_imputer',
                 TransformerWrapper(include=['age', 'edu_level', 'fav_animals',
                                             'fav_place', 'gender'],
                                    transformer=SimpleImputer(strategy='most_frequent'))),
                ('ordinal_encoding',
                 TransformerWrapper(include=['gender'],
                                    transfo...
                                                               mapping=[{'col': 'gender',
                                                                         'data_type': dtype('O'),
                                                                         'mapping': Kobieta      0
Mê¿czyzna    1
NaN         -1
dtype: int64}]))),
                ('onehot_encoding',
                 TransformerWrapper(include=['age', 'edu_level', 'fav_animals',
                                             'fav_place'],
                                    transformer=OneHotEncoder(cols=['age',
                                                                    'edu_level',
                                                                    'fav_animals',
                                                                    'fav_place'],
                                                              handle_missing='return_nan',
                                                              use_cat_names=True))),
                ('trained_model', KMeans(random_state=123))]), ml_usecase=None)
2026-05-02 22:56:48,876:INFO:Set up data.
2026-05-02 22:56:48,944:INFO:Initializing predict_model()
2026-05-02 22:56:48,944:INFO:predict_model(self=<pycaret.clustering.oop.ClusteringExperiment object at 0x0000021A8EA18CD0>, estimator=Pipeline(memory=Memory(location=None),
         steps=[('numerical_imputer',
                 TransformerWrapper(include=[], transformer=SimpleImputer())),
                ('categorical_imputer',
                 TransformerWrapper(include=['age', 'edu_level', 'fav_animals',
                                             'fav_place', 'gender'],
                                    transformer=SimpleImputer(strategy='most_frequent'))),
                ('ordinal_encoding',
                 TransformerWrapper(include=['gender'],
                                    transfo...
                                                               mapping=[{'col': 'gender',
                                                                         'data_type': dtype('O'),
                                                                         'mapping': Kobieta      0
Mê¿czyzna    1
NaN         -1
dtype: int64}]))),
                ('onehot_encoding',
                 TransformerWrapper(include=['age', 'edu_level', 'fav_animals',
                                             'fav_place'],
                                    transformer=OneHotEncoder(cols=['age',
                                                                    'edu_level',
                                                                    'fav_animals',
                                                                    'fav_place'],
                                                              handle_missing='return_nan',
                                                              use_cat_names=True))),
                ('trained_model', KMeans(random_state=123))]), ml_usecase=None)
2026-05-02 22:56:48,944:INFO:Set up data.
2026-05-02 22:56:49,040:INFO:Initializing predict_model()
2026-05-02 22:56:49,040:INFO:predict_model(self=<pycaret.clustering.oop.ClusteringExperiment object at 0x0000021A8F4D6150>, estimator=Pipeline(memory=Memory(location=None),
         steps=[('numerical_imputer',
                 TransformerWrapper(include=[], transformer=SimpleImputer())),
                ('categorical_imputer',
                 TransformerWrapper(include=['age', 'edu_level', 'fav_animals',
                                             'fav_place', 'gender'],
                                    transformer=SimpleImputer(strategy='most_frequent'))),
                ('ordinal_encoding',
                 TransformerWrapper(include=['gender'],
                                    transfo...
                                                               mapping=[{'col': 'gender',
                                                                         'data_type': dtype('O'),
                                                                         'mapping': Kobieta      0
Mê¿czyzna    1
NaN         -1
dtype: int64}]))),
                ('onehot_encoding',
                 TransformerWrapper(include=['age', 'edu_level', 'fav_animals',
                                             'fav_place'],
                                    transformer=OneHotEncoder(cols=['age',
                                                                    'edu_level',
                                                                    'fav_animals',
                                                                    'fav_place'],
                                                              handle_missing='return_nan',
                                                              use_cat_names=True))),
                ('trained_model', KMeans(random_state=123))]), ml_usecase=None)
2026-05-02 22:56:49,040:INFO:Set up data.
2026-05-02 22:58:06,634:INFO:Initializing predict_model()
2026-05-02 22:58:06,634:INFO:predict_model(self=<pycaret.clustering.oop.ClusteringExperiment object at 0x0000021A8F729FD0>, estimator=Pipeline(memory=Memory(location=None),
         steps=[('numerical_imputer',
                 TransformerWrapper(include=[], transformer=SimpleImputer())),
                ('categorical_imputer',
                 TransformerWrapper(include=['age', 'edu_level', 'fav_animals',
                                             'fav_place', 'gender'],
                                    transformer=SimpleImputer(strategy='most_frequent'))),
                ('ordinal_encoding',
                 TransformerWrapper(include=['gender'],
                                    transfo...
                                                               mapping=[{'col': 'gender',
                                                                         'data_type': dtype('O'),
                                                                         'mapping': Kobieta      0
Mê¿czyzna    1
NaN         -1
dtype: int64}]))),
                ('onehot_encoding',
                 TransformerWrapper(include=['age', 'edu_level', 'fav_animals',
                                             'fav_place'],
                                    transformer=OneHotEncoder(cols=['age',
                                                                    'edu_level',
                                                                    'fav_animals',
                                                                    'fav_place'],
                                                              handle_missing='return_nan',
                                                              use_cat_names=True))),
                ('trained_model', KMeans(random_state=123))]), ml_usecase=None)
2026-05-02 22:58:06,634:INFO:Set up data.
2026-05-02 22:58:06,756:INFO:Initializing predict_model()
2026-05-02 22:58:06,756:INFO:predict_model(self=<pycaret.clustering.oop.ClusteringExperiment object at 0x0000021A8F76D3D0>, estimator=Pipeline(memory=Memory(location=None),
         steps=[('numerical_imputer',
                 TransformerWrapper(include=[], transformer=SimpleImputer())),
                ('categorical_imputer',
                 TransformerWrapper(include=['age', 'edu_level', 'fav_animals',
                                             'fav_place', 'gender'],
                                    transformer=SimpleImputer(strategy='most_frequent'))),
                ('ordinal_encoding',
                 TransformerWrapper(include=['gender'],
                                    transfo...
                                                               mapping=[{'col': 'gender',
                                                                         'data_type': dtype('O'),
                                                                         'mapping': Kobieta      0
Mê¿czyzna    1
NaN         -1
dtype: int64}]))),
                ('onehot_encoding',
                 TransformerWrapper(include=['age', 'edu_level', 'fav_animals',
                                             'fav_place'],
                                    transformer=OneHotEncoder(cols=['age',
                                                                    'edu_level',
                                                                    'fav_animals',
                                                                    'fav_place'],
                                                              handle_missing='return_nan',
                                                              use_cat_names=True))),
                ('trained_model', KMeans(random_state=123))]), ml_usecase=None)
2026-05-02 22:58:06,757:INFO:Set up data.
2026-05-02 22:58:06,861:INFO:Initializing predict_model()
2026-05-02 22:58:06,861:INFO:predict_model(self=<pycaret.clustering.oop.ClusteringExperiment object at 0x0000021A8F513E90>, estimator=Pipeline(memory=Memory(location=None),
         steps=[('numerical_imputer',
                 TransformerWrapper(include=[], transformer=SimpleImputer())),
                ('categorical_imputer',
                 TransformerWrapper(include=['age', 'edu_level', 'fav_animals',
                                             'fav_place', 'gender'],
                                    transformer=SimpleImputer(strategy='most_frequent'))),
                ('ordinal_encoding',
                 TransformerWrapper(include=['gender'],
                                    transfo...
                                                               mapping=[{'col': 'gender',
                                                                         'data_type': dtype('O'),
                                                                         'mapping': Kobieta      0
Mê¿czyzna    1
NaN         -1
dtype: int64}]))),
                ('onehot_encoding',
                 TransformerWrapper(include=['age', 'edu_level', 'fav_animals',
                                             'fav_place'],
                                    transformer=OneHotEncoder(cols=['age',
                                                                    'edu_level',
                                                                    'fav_animals',
                                                                    'fav_place'],
                                                              handle_missing='return_nan',
                                                              use_cat_names=True))),
                ('trained_model', KMeans(random_state=123))]), ml_usecase=None)
2026-05-02 22:58:06,861:INFO:Set up data.
2026-05-02 22:59:33,640:INFO:Initializing predict_model()
2026-05-02 22:59:33,640:INFO:predict_model(self=<pycaret.clustering.oop.ClusteringExperiment object at 0x0000021A8E80A450>, estimator=Pipeline(memory=Memory(location=None),
         steps=[('numerical_imputer',
                 TransformerWrapper(include=[], transformer=SimpleImputer())),
                ('categorical_imputer',
                 TransformerWrapper(include=['age', 'edu_level', 'fav_animals',
                                             'fav_place', 'gender'],
                                    transformer=SimpleImputer(strategy='most_frequent'))),
                ('ordinal_encoding',
                 TransformerWrapper(include=['gender'],
                                    transfo...
                                                               mapping=[{'col': 'gender',
                                                                         'data_type': dtype('O'),
                                                                         'mapping': Kobieta      0
Mê¿czyzna    1
NaN         -1
dtype: int64}]))),
                ('onehot_encoding',
                 TransformerWrapper(include=['age', 'edu_level', 'fav_animals',
                                             'fav_place'],
                                    transformer=OneHotEncoder(cols=['age',
                                                                    'edu_level',
                                                                    'fav_animals',
                                                                    'fav_place'],
                                                              handle_missing='return_nan',
                                                              use_cat_names=True))),
                ('trained_model', KMeans(random_state=123))]), ml_usecase=None)
2026-05-02 22:59:33,640:INFO:Set up data.
2026-05-02 22:59:33,740:INFO:Initializing predict_model()
2026-05-02 22:59:33,740:INFO:predict_model(self=<pycaret.clustering.oop.ClusteringExperiment object at 0x0000021A8F72A810>, estimator=Pipeline(memory=Memory(location=None),
         steps=[('numerical_imputer',
                 TransformerWrapper(include=[], transformer=SimpleImputer())),
                ('categorical_imputer',
                 TransformerWrapper(include=['age', 'edu_level', 'fav_animals',
                                             'fav_place', 'gender'],
                                    transformer=SimpleImputer(strategy='most_frequent'))),
                ('ordinal_encoding',
                 TransformerWrapper(include=['gender'],
                                    transfo...
                                                               mapping=[{'col': 'gender',
                                                                         'data_type': dtype('O'),
                                                                         'mapping': Kobieta      0
Mê¿czyzna    1
NaN         -1
dtype: int64}]))),
                ('onehot_encoding',
                 TransformerWrapper(include=['age', 'edu_level', 'fav_animals',
                                             'fav_place'],
                                    transformer=OneHotEncoder(cols=['age',
                                                                    'edu_level',
                                                                    'fav_animals',
                                                                    'fav_place'],
                                                              handle_missing='return_nan',
                                                              use_cat_names=True))),
                ('trained_model', KMeans(random_state=123))]), ml_usecase=None)
2026-05-02 22:59:33,741:INFO:Set up data.
2026-05-02 22:59:33,846:INFO:Initializing predict_model()
2026-05-02 22:59:33,846:INFO:predict_model(self=<pycaret.clustering.oop.ClusteringExperiment object at 0x0000021A4A3F7A90>, estimator=Pipeline(memory=Memory(location=None),
         steps=[('numerical_imputer',
                 TransformerWrapper(include=[], transformer=SimpleImputer())),
                ('categorical_imputer',
                 TransformerWrapper(include=['age', 'edu_level', 'fav_animals',
                                             'fav_place', 'gender'],
                                    transformer=SimpleImputer(strategy='most_frequent'))),
                ('ordinal_encoding',
                 TransformerWrapper(include=['gender'],
                                    transfo...
                                                               mapping=[{'col': 'gender',
                                                                         'data_type': dtype('O'),
                                                                         'mapping': Kobieta      0
Mê¿czyzna    1
NaN         -1
dtype: int64}]))),
                ('onehot_encoding',
                 TransformerWrapper(include=['age', 'edu_level', 'fav_animals',
                                             'fav_place'],
                                    transformer=OneHotEncoder(cols=['age',
                                                                    'edu_level',
                                                                    'fav_animals',
                                                                    'fav_place'],
                                                              handle_missing='return_nan',
                                                              use_cat_names=True))),
                ('trained_model', KMeans(random_state=123))]), ml_usecase=None)
2026-05-02 22:59:33,846:INFO:Set up data.
2026-05-02 23:02:34,322:INFO:Initializing predict_model()
2026-05-02 23:02:34,322:INFO:predict_model(self=<pycaret.clustering.oop.ClusteringExperiment object at 0x0000021A908D6210>, estimator=Pipeline(memory=Memory(location=None),
         steps=[('numerical_imputer',
                 TransformerWrapper(include=[], transformer=SimpleImputer())),
                ('categorical_imputer',
                 TransformerWrapper(include=['age', 'edu_level', 'fav_animals',
                                             'fav_place', 'gender'],
                                    transformer=SimpleImputer(strategy='most_frequent'))),
                ('ordinal_encoding',
                 TransformerWrapper(include=['gender'],
                                    transfo...
                                                               mapping=[{'col': 'gender',
                                                                         'data_type': dtype('O'),
                                                                         'mapping': Kobieta      0
Mê¿czyzna    1
NaN         -1
dtype: int64}]))),
                ('onehot_encoding',
                 TransformerWrapper(include=['age', 'edu_level', 'fav_animals',
                                             'fav_place'],
                                    transformer=OneHotEncoder(cols=['age',
                                                                    'edu_level',
                                                                    'fav_animals',
                                                                    'fav_place'],
                                                              handle_missing='return_nan',
                                                              use_cat_names=True))),
                ('trained_model', KMeans(random_state=123))]), ml_usecase=None)
2026-05-02 23:02:34,323:INFO:Set up data.
2026-05-02 23:02:34,415:INFO:Initializing predict_model()
2026-05-02 23:02:34,415:INFO:predict_model(self=<pycaret.clustering.oop.ClusteringExperiment object at 0x0000021A13F4C910>, estimator=Pipeline(memory=Memory(location=None),
         steps=[('numerical_imputer',
                 TransformerWrapper(include=[], transformer=SimpleImputer())),
                ('categorical_imputer',
                 TransformerWrapper(include=['age', 'edu_level', 'fav_animals',
                                             'fav_place', 'gender'],
                                    transformer=SimpleImputer(strategy='most_frequent'))),
                ('ordinal_encoding',
                 TransformerWrapper(include=['gender'],
                                    transfo...
                                                               mapping=[{'col': 'gender',
                                                                         'data_type': dtype('O'),
                                                                         'mapping': Kobieta      0
Mê¿czyzna    1
NaN         -1
dtype: int64}]))),
                ('onehot_encoding',
                 TransformerWrapper(include=['age', 'edu_level', 'fav_animals',
                                             'fav_place'],
                                    transformer=OneHotEncoder(cols=['age',
                                                                    'edu_level',
                                                                    'fav_animals',
                                                                    'fav_place'],
                                                              handle_missing='return_nan',
                                                              use_cat_names=True))),
                ('trained_model', KMeans(random_state=123))]), ml_usecase=None)
2026-05-02 23:02:34,416:INFO:Set up data.
2026-05-02 23:02:34,521:INFO:Initializing predict_model()
2026-05-02 23:02:34,521:INFO:predict_model(self=<pycaret.clustering.oop.ClusteringExperiment object at 0x0000021A8F11AD90>, estimator=Pipeline(memory=Memory(location=None),
         steps=[('numerical_imputer',
                 TransformerWrapper(include=[], transformer=SimpleImputer())),
                ('categorical_imputer',
                 TransformerWrapper(include=['age', 'edu_level', 'fav_animals',
                                             'fav_place', 'gender'],
                                    transformer=SimpleImputer(strategy='most_frequent'))),
                ('ordinal_encoding',
                 TransformerWrapper(include=['gender'],
                                    transfo...
                                                               mapping=[{'col': 'gender',
                                                                         'data_type': dtype('O'),
                                                                         'mapping': Kobieta      0
Mê¿czyzna    1
NaN         -1
dtype: int64}]))),
                ('onehot_encoding',
                 TransformerWrapper(include=['age', 'edu_level', 'fav_animals',
                                             'fav_place'],
                                    transformer=OneHotEncoder(cols=['age',
                                                                    'edu_level',
                                                                    'fav_animals',
                                                                    'fav_place'],
                                                              handle_missing='return_nan',
                                                              use_cat_names=True))),
                ('trained_model', KMeans(random_state=123))]), ml_usecase=None)
2026-05-02 23:02:34,521:INFO:Set up data.
2026-05-02 23:02:51,772:INFO:Initializing predict_model()
2026-05-02 23:02:51,772:INFO:predict_model(self=<pycaret.clustering.oop.ClusteringExperiment object at 0x0000021A90A0C1D0>, estimator=Pipeline(memory=Memory(location=None),
         steps=[('numerical_imputer',
                 TransformerWrapper(include=[], transformer=SimpleImputer())),
                ('categorical_imputer',
                 TransformerWrapper(include=['age', 'edu_level', 'fav_animals',
                                             'fav_place', 'gender'],
                                    transformer=SimpleImputer(strategy='most_frequent'))),
                ('ordinal_encoding',
                 TransformerWrapper(include=['gender'],
                                    transfo...
                                                               mapping=[{'col': 'gender',
                                                                         'data_type': dtype('O'),
                                                                         'mapping': Kobieta      0
Mê¿czyzna    1
NaN         -1
dtype: int64}]))),
                ('onehot_encoding',
                 TransformerWrapper(include=['age', 'edu_level', 'fav_animals',
                                             'fav_place'],
                                    transformer=OneHotEncoder(cols=['age',
                                                                    'edu_level',
                                                                    'fav_animals',
                                                                    'fav_place'],
                                                              handle_missing='return_nan',
                                                              use_cat_names=True))),
                ('trained_model', KMeans(random_state=123))]), ml_usecase=None)
2026-05-02 23:02:51,772:INFO:Set up data.
2026-05-02 23:02:51,856:INFO:Initializing predict_model()
2026-05-02 23:02:51,856:INFO:predict_model(self=<pycaret.clustering.oop.ClusteringExperiment object at 0x0000021A90A3FF90>, estimator=Pipeline(memory=Memory(location=None),
         steps=[('numerical_imputer',
                 TransformerWrapper(include=[], transformer=SimpleImputer())),
                ('categorical_imputer',
                 TransformerWrapper(include=['age', 'edu_level', 'fav_animals',
                                             'fav_place', 'gender'],
                                    transformer=SimpleImputer(strategy='most_frequent'))),
                ('ordinal_encoding',
                 TransformerWrapper(include=['gender'],
                                    transfo...
                                                               mapping=[{'col': 'gender',
                                                                         'data_type': dtype('O'),
                                                                         'mapping': Kobieta      0
Mê¿czyzna    1
NaN         -1
dtype: int64}]))),
                ('onehot_encoding',
                 TransformerWrapper(include=['age', 'edu_level', 'fav_animals',
                                             'fav_place'],
                                    transformer=OneHotEncoder(cols=['age',
                                                                    'edu_level',
                                                                    'fav_animals',
                                                                    'fav_place'],
                                                              handle_missing='return_nan',
                                                              use_cat_names=True))),
                ('trained_model', KMeans(random_state=123))]), ml_usecase=None)
2026-05-02 23:02:51,856:INFO:Set up data.
2026-05-02 23:02:51,916:INFO:Initializing predict_model()
2026-05-02 23:02:51,917:INFO:predict_model(self=<pycaret.clustering.oop.ClusteringExperiment object at 0x0000021A13E2FBD0>, estimator=Pipeline(memory=Memory(location=None),
         steps=[('numerical_imputer',
                 TransformerWrapper(include=[], transformer=SimpleImputer())),
                ('categorical_imputer',
                 TransformerWrapper(include=['age', 'edu_level', 'fav_animals',
                                             'fav_place', 'gender'],
                                    transformer=SimpleImputer(strategy='most_frequent'))),
                ('ordinal_encoding',
                 TransformerWrapper(include=['gender'],
                                    transfo...
                                                               mapping=[{'col': 'gender',
                                                                         'data_type': dtype('O'),
                                                                         'mapping': Kobieta      0
Mê¿czyzna    1
NaN         -1
dtype: int64}]))),
                ('onehot_encoding',
                 TransformerWrapper(include=['age', 'edu_level', 'fav_animals',
                                             'fav_place'],
                                    transformer=OneHotEncoder(cols=['age',
                                                                    'edu_level',
                                                                    'fav_animals',
                                                                    'fav_place'],
                                                              handle_missing='return_nan',
                                                              use_cat_names=True))),
                ('trained_model', KMeans(random_state=123))]), ml_usecase=None)
2026-05-02 23:02:51,917:INFO:Set up data.
2026-05-02 23:03:56,389:INFO:Initializing predict_model()
2026-05-02 23:03:56,389:INFO:predict_model(self=<pycaret.clustering.oop.ClusteringExperiment object at 0x0000021A8EB9CC10>, estimator=Pipeline(memory=Memory(location=None),
         steps=[('numerical_imputer',
                 TransformerWrapper(include=[], transformer=SimpleImputer())),
                ('categorical_imputer',
                 TransformerWrapper(include=['age', 'edu_level', 'fav_animals',
                                             'fav_place', 'gender'],
                                    transformer=SimpleImputer(strategy='most_frequent'))),
                ('ordinal_encoding',
                 TransformerWrapper(include=['gender'],
                                    transfo...
                                                               mapping=[{'col': 'gender',
                                                                         'data_type': dtype('O'),
                                                                         'mapping': Kobieta      0
Mê¿czyzna    1
NaN         -1
dtype: int64}]))),
                ('onehot_encoding',
                 TransformerWrapper(include=['age', 'edu_level', 'fav_animals',
                                             'fav_place'],
                                    transformer=OneHotEncoder(cols=['age',
                                                                    'edu_level',
                                                                    'fav_animals',
                                                                    'fav_place'],
                                                              handle_missing='return_nan',
                                                              use_cat_names=True))),
                ('trained_model', KMeans(random_state=123))]), ml_usecase=None)
2026-05-02 23:03:56,390:INFO:Set up data.
2026-05-02 23:03:56,519:INFO:Initializing predict_model()
2026-05-02 23:03:56,520:INFO:predict_model(self=<pycaret.clustering.oop.ClusteringExperiment object at 0x0000021A8EE3D710>, estimator=Pipeline(memory=Memory(location=None),
         steps=[('numerical_imputer',
                 TransformerWrapper(include=[], transformer=SimpleImputer())),
                ('categorical_imputer',
                 TransformerWrapper(include=['age', 'edu_level', 'fav_animals',
                                             'fav_place', 'gender'],
                                    transformer=SimpleImputer(strategy='most_frequent'))),
                ('ordinal_encoding',
                 TransformerWrapper(include=['gender'],
                                    transfo...
                                                               mapping=[{'col': 'gender',
                                                                         'data_type': dtype('O'),
                                                                         'mapping': Kobieta      0
Mê¿czyzna    1
NaN         -1
dtype: int64}]))),
                ('onehot_encoding',
                 TransformerWrapper(include=['age', 'edu_level', 'fav_animals',
                                             'fav_place'],
                                    transformer=OneHotEncoder(cols=['age',
                                                                    'edu_level',
                                                                    'fav_animals',
                                                                    'fav_place'],
                                                              handle_missing='return_nan',
                                                              use_cat_names=True))),
                ('trained_model', KMeans(random_state=123))]), ml_usecase=None)
2026-05-02 23:03:56,520:INFO:Set up data.
2026-05-02 23:03:56,646:INFO:Initializing predict_model()
2026-05-02 23:03:56,646:INFO:predict_model(self=<pycaret.clustering.oop.ClusteringExperiment object at 0x0000021A14013910>, estimator=Pipeline(memory=Memory(location=None),
         steps=[('numerical_imputer',
                 TransformerWrapper(include=[], transformer=SimpleImputer())),
                ('categorical_imputer',
                 TransformerWrapper(include=['age', 'edu_level', 'fav_animals',
                                             'fav_place', 'gender'],
                                    transformer=SimpleImputer(strategy='most_frequent'))),
                ('ordinal_encoding',
                 TransformerWrapper(include=['gender'],
                                    transfo...
                                                               mapping=[{'col': 'gender',
                                                                         'data_type': dtype('O'),
                                                                         'mapping': Kobieta      0
Mê¿czyzna    1
NaN         -1
dtype: int64}]))),
                ('onehot_encoding',
                 TransformerWrapper(include=['age', 'edu_level', 'fav_animals',
                                             'fav_place'],
                                    transformer=OneHotEncoder(cols=['age',
                                                                    'edu_level',
                                                                    'fav_animals',
                                                                    'fav_place'],
                                                              handle_missing='return_nan',
                                                              use_cat_names=True))),
                ('trained_model', KMeans(random_state=123))]), ml_usecase=None)
2026-05-02 23:03:56,646:INFO:Set up data.
2026-05-02 23:04:00,705:INFO:Initializing predict_model()
2026-05-02 23:04:00,705:INFO:predict_model(self=<pycaret.clustering.oop.ClusteringExperiment object at 0x0000021A90A44C90>, estimator=Pipeline(memory=Memory(location=None),
         steps=[('numerical_imputer',
                 TransformerWrapper(include=[], transformer=SimpleImputer())),
                ('categorical_imputer',
                 TransformerWrapper(include=['age', 'edu_level', 'fav_animals',
                                             'fav_place', 'gender'],
                                    transformer=SimpleImputer(strategy='most_frequent'))),
                ('ordinal_encoding',
                 TransformerWrapper(include=['gender'],
                                    transfo...
                                                               mapping=[{'col': 'gender',
                                                                         'data_type': dtype('O'),
                                                                         'mapping': Kobieta      0
Mê¿czyzna    1
NaN         -1
dtype: int64}]))),
                ('onehot_encoding',
                 TransformerWrapper(include=['age', 'edu_level', 'fav_animals',
                                             'fav_place'],
                                    transformer=OneHotEncoder(cols=['age',
                                                                    'edu_level',
                                                                    'fav_animals',
                                                                    'fav_place'],
                                                              handle_missing='return_nan',
                                                              use_cat_names=True))),
                ('trained_model', KMeans(random_state=123))]), ml_usecase=None)
2026-05-02 23:04:00,705:INFO:Set up data.
2026-05-02 23:04:00,790:INFO:Initializing predict_model()
2026-05-02 23:04:00,790:INFO:predict_model(self=<pycaret.clustering.oop.ClusteringExperiment object at 0x0000021A90A44DD0>, estimator=Pipeline(memory=Memory(location=None),
         steps=[('numerical_imputer',
                 TransformerWrapper(include=[], transformer=SimpleImputer())),
                ('categorical_imputer',
                 TransformerWrapper(include=['age', 'edu_level', 'fav_animals',
                                             'fav_place', 'gender'],
                                    transformer=SimpleImputer(strategy='most_frequent'))),
                ('ordinal_encoding',
                 TransformerWrapper(include=['gender'],
                                    transfo...
                                                               mapping=[{'col': 'gender',
                                                                         'data_type': dtype('O'),
                                                                         'mapping': Kobieta      0
Mê¿czyzna    1
NaN         -1
dtype: int64}]))),
                ('onehot_encoding',
                 TransformerWrapper(include=['age', 'edu_level', 'fav_animals',
                                             'fav_place'],
                                    transformer=OneHotEncoder(cols=['age',
                                                                    'edu_level',
                                                                    'fav_animals',
                                                                    'fav_place'],
                                                              handle_missing='return_nan',
                                                              use_cat_names=True))),
                ('trained_model', KMeans(random_state=123))]), ml_usecase=None)
2026-05-02 23:04:00,791:INFO:Set up data.
2026-05-02 23:04:00,902:INFO:Initializing predict_model()
2026-05-02 23:04:00,902:INFO:predict_model(self=<pycaret.clustering.oop.ClusteringExperiment object at 0x0000021A4C67F6D0>, estimator=Pipeline(memory=Memory(location=None),
         steps=[('numerical_imputer',
                 TransformerWrapper(include=[], transformer=SimpleImputer())),
                ('categorical_imputer',
                 TransformerWrapper(include=['age', 'edu_level', 'fav_animals',
                                             'fav_place', 'gender'],
                                    transformer=SimpleImputer(strategy='most_frequent'))),
                ('ordinal_encoding',
                 TransformerWrapper(include=['gender'],
                                    transfo...
                                                               mapping=[{'col': 'gender',
                                                                         'data_type': dtype('O'),
                                                                         'mapping': Kobieta      0
Mê¿czyzna    1
NaN         -1
dtype: int64}]))),
                ('onehot_encoding',
                 TransformerWrapper(include=['age', 'edu_level', 'fav_animals',
                                             'fav_place'],
                                    transformer=OneHotEncoder(cols=['age',
                                                                    'edu_level',
                                                                    'fav_animals',
                                                                    'fav_place'],
                                                              handle_missing='return_nan',
                                                              use_cat_names=True))),
                ('trained_model', KMeans(random_state=123))]), ml_usecase=None)
2026-05-02 23:04:00,902:INFO:Set up data.
2026-05-02 23:08:50,390:INFO:Initializing predict_model()
2026-05-02 23:08:50,390:INFO:predict_model(self=<pycaret.clustering.oop.ClusteringExperiment object at 0x0000021A492522D0>, estimator=Pipeline(memory=Memory(location=None),
         steps=[('numerical_imputer',
                 TransformerWrapper(include=[], transformer=SimpleImputer())),
                ('categorical_imputer',
                 TransformerWrapper(include=['age', 'edu_level', 'fav_animals',
                                             'fav_place', 'gender'],
                                    transformer=SimpleImputer(strategy='most_frequent'))),
                ('ordinal_encoding',
                 TransformerWrapper(include=['gender'],
                                    transfo...
                                                               mapping=[{'col': 'gender',
                                                                         'data_type': dtype('O'),
                                                                         'mapping': Kobieta      0
Mê¿czyzna    1
NaN         -1
dtype: int64}]))),
                ('onehot_encoding',
                 TransformerWrapper(include=['age', 'edu_level', 'fav_animals',
                                             'fav_place'],
                                    transformer=OneHotEncoder(cols=['age',
                                                                    'edu_level',
                                                                    'fav_animals',
                                                                    'fav_place'],
                                                              handle_missing='return_nan',
                                                              use_cat_names=True))),
                ('trained_model', KMeans(random_state=123))]), ml_usecase=None)
2026-05-02 23:08:50,391:INFO:Set up data.
2026-05-02 23:08:50,490:INFO:Initializing predict_model()
2026-05-02 23:08:50,490:INFO:predict_model(self=<pycaret.clustering.oop.ClusteringExperiment object at 0x0000021A90A98290>, estimator=Pipeline(memory=Memory(location=None),
         steps=[('numerical_imputer',
                 TransformerWrapper(include=[], transformer=SimpleImputer())),
                ('categorical_imputer',
                 TransformerWrapper(include=['age', 'edu_level', 'fav_animals',
                                             'fav_place', 'gender'],
                                    transformer=SimpleImputer(strategy='most_frequent'))),
                ('ordinal_encoding',
                 TransformerWrapper(include=['gender'],
                                    transfo...
                                                               mapping=[{'col': 'gender',
                                                                         'data_type': dtype('O'),
                                                                         'mapping': Kobieta      0
Mê¿czyzna    1
NaN         -1
dtype: int64}]))),
                ('onehot_encoding',
                 TransformerWrapper(include=['age', 'edu_level', 'fav_animals',
                                             'fav_place'],
                                    transformer=OneHotEncoder(cols=['age',
                                                                    'edu_level',
                                                                    'fav_animals',
                                                                    'fav_place'],
                                                              handle_missing='return_nan',
                                                              use_cat_names=True))),
                ('trained_model', KMeans(random_state=123))]), ml_usecase=None)
2026-05-02 23:08:50,491:INFO:Set up data.
2026-05-02 23:08:50,609:INFO:Initializing predict_model()
2026-05-02 23:08:50,610:INFO:predict_model(self=<pycaret.clustering.oop.ClusteringExperiment object at 0x0000021A8F76AB10>, estimator=Pipeline(memory=Memory(location=None),
         steps=[('numerical_imputer',
                 TransformerWrapper(include=[], transformer=SimpleImputer())),
                ('categorical_imputer',
                 TransformerWrapper(include=['age', 'edu_level', 'fav_animals',
                                             'fav_place', 'gender'],
                                    transformer=SimpleImputer(strategy='most_frequent'))),
                ('ordinal_encoding',
                 TransformerWrapper(include=['gender'],
                                    transfo...
                                                               mapping=[{'col': 'gender',
                                                                         'data_type': dtype('O'),
                                                                         'mapping': Kobieta      0
Mê¿czyzna    1
NaN         -1
dtype: int64}]))),
                ('onehot_encoding',
                 TransformerWrapper(include=['age', 'edu_level', 'fav_animals',
                                             'fav_place'],
                                    transformer=OneHotEncoder(cols=['age',
                                                                    'edu_level',
                                                                    'fav_animals',
                                                                    'fav_place'],
                                                              handle_missing='return_nan',
                                                              use_cat_names=True))),
                ('trained_model', KMeans(random_state=123))]), ml_usecase=None)
2026-05-02 23:08:50,610:INFO:Set up data.
2026-05-02 23:09:07,884:INFO:Initializing predict_model()
2026-05-02 23:09:07,884:INFO:predict_model(self=<pycaret.clustering.oop.ClusteringExperiment object at 0x0000021A8EBA3FD0>, estimator=Pipeline(memory=Memory(location=None),
         steps=[('numerical_imputer',
                 TransformerWrapper(include=[], transformer=SimpleImputer())),
                ('categorical_imputer',
                 TransformerWrapper(include=['age', 'edu_level', 'fav_animals',
                                             'fav_place', 'gender'],
                                    transformer=SimpleImputer(strategy='most_frequent'))),
                ('ordinal_encoding',
                 TransformerWrapper(include=['gender'],
                                    transfo...
                                                               mapping=[{'col': 'gender',
                                                                         'data_type': dtype('O'),
                                                                         'mapping': Kobieta      0
Mê¿czyzna    1
NaN         -1
dtype: int64}]))),
                ('onehot_encoding',
                 TransformerWrapper(include=['age', 'edu_level', 'fav_animals',
                                             'fav_place'],
                                    transformer=OneHotEncoder(cols=['age',
                                                                    'edu_level',
                                                                    'fav_animals',
                                                                    'fav_place'],
                                                              handle_missing='return_nan',
                                                              use_cat_names=True))),
                ('trained_model', KMeans(random_state=123))]), ml_usecase=None)
2026-05-02 23:09:07,884:INFO:Set up data.
2026-05-02 23:09:07,995:INFO:Initializing predict_model()
2026-05-02 23:09:07,995:INFO:predict_model(self=<pycaret.clustering.oop.ClusteringExperiment object at 0x0000021A8F5189D0>, estimator=Pipeline(memory=Memory(location=None),
         steps=[('numerical_imputer',
                 TransformerWrapper(include=[], transformer=SimpleImputer())),
                ('categorical_imputer',
                 TransformerWrapper(include=['age', 'edu_level', 'fav_animals',
                                             'fav_place', 'gender'],
                                    transformer=SimpleImputer(strategy='most_frequent'))),
                ('ordinal_encoding',
                 TransformerWrapper(include=['gender'],
                                    transfo...
                                                               mapping=[{'col': 'gender',
                                                                         'data_type': dtype('O'),
                                                                         'mapping': Kobieta      0
Mê¿czyzna    1
NaN         -1
dtype: int64}]))),
                ('onehot_encoding',
                 TransformerWrapper(include=['age', 'edu_level', 'fav_animals',
                                             'fav_place'],
                                    transformer=OneHotEncoder(cols=['age',
                                                                    'edu_level',
                                                                    'fav_animals',
                                                                    'fav_place'],
                                                              handle_missing='return_nan',
                                                              use_cat_names=True))),
                ('trained_model', KMeans(random_state=123))]), ml_usecase=None)
2026-05-02 23:09:07,995:INFO:Set up data.
2026-05-02 23:09:08,094:INFO:Initializing predict_model()
2026-05-02 23:09:08,095:INFO:predict_model(self=<pycaret.clustering.oop.ClusteringExperiment object at 0x0000021A8F73D510>, estimator=Pipeline(memory=Memory(location=None),
         steps=[('numerical_imputer',
                 TransformerWrapper(include=[], transformer=SimpleImputer())),
                ('categorical_imputer',
                 TransformerWrapper(include=['age', 'edu_level', 'fav_animals',
                                             'fav_place', 'gender'],
                                    transformer=SimpleImputer(strategy='most_frequent'))),
                ('ordinal_encoding',
                 TransformerWrapper(include=['gender'],
                                    transfo...
                                                               mapping=[{'col': 'gender',
                                                                         'data_type': dtype('O'),
                                                                         'mapping': Kobieta      0
Mê¿czyzna    1
NaN         -1
dtype: int64}]))),
                ('onehot_encoding',
                 TransformerWrapper(include=['age', 'edu_level', 'fav_animals',
                                             'fav_place'],
                                    transformer=OneHotEncoder(cols=['age',
                                                                    'edu_level',
                                                                    'fav_animals',
                                                                    'fav_place'],
                                                              handle_missing='return_nan',
                                                              use_cat_names=True))),
                ('trained_model', KMeans(random_state=123))]), ml_usecase=None)
2026-05-02 23:09:08,095:INFO:Set up data.
2026-05-02 23:09:12,727:INFO:Initializing predict_model()
2026-05-02 23:09:12,727:INFO:predict_model(self=<pycaret.clustering.oop.ClusteringExperiment object at 0x0000021A8F119E10>, estimator=Pipeline(memory=Memory(location=None),
         steps=[('numerical_imputer',
                 TransformerWrapper(include=[], transformer=SimpleImputer())),
                ('categorical_imputer',
                 TransformerWrapper(include=['age', 'edu_level', 'fav_animals',
                                             'fav_place', 'gender'],
                                    transformer=SimpleImputer(strategy='most_frequent'))),
                ('ordinal_encoding',
                 TransformerWrapper(include=['gender'],
                                    transfo...
                                                               mapping=[{'col': 'gender',
                                                                         'data_type': dtype('O'),
                                                                         'mapping': Kobieta      0
Mê¿czyzna    1
NaN         -1
dtype: int64}]))),
                ('onehot_encoding',
                 TransformerWrapper(include=['age', 'edu_level', 'fav_animals',
                                             'fav_place'],
                                    transformer=OneHotEncoder(cols=['age',
                                                                    'edu_level',
                                                                    'fav_animals',
                                                                    'fav_place'],
                                                              handle_missing='return_nan',
                                                              use_cat_names=True))),
                ('trained_model', KMeans(random_state=123))]), ml_usecase=None)
2026-05-02 23:09:12,728:INFO:Set up data.
2026-05-02 23:09:12,821:INFO:Initializing predict_model()
2026-05-02 23:09:12,821:INFO:predict_model(self=<pycaret.clustering.oop.ClusteringExperiment object at 0x0000021A8F11BDD0>, estimator=Pipeline(memory=Memory(location=None),
         steps=[('numerical_imputer',
                 TransformerWrapper(include=[], transformer=SimpleImputer())),
                ('categorical_imputer',
                 TransformerWrapper(include=['age', 'edu_level', 'fav_animals',
                                             'fav_place', 'gender'],
                                    transformer=SimpleImputer(strategy='most_frequent'))),
                ('ordinal_encoding',
                 TransformerWrapper(include=['gender'],
                                    transfo...
                                                               mapping=[{'col': 'gender',
                                                                         'data_type': dtype('O'),
                                                                         'mapping': Kobieta      0
Mê¿czyzna    1
NaN         -1
dtype: int64}]))),
                ('onehot_encoding',
                 TransformerWrapper(include=['age', 'edu_level', 'fav_animals',
                                             'fav_place'],
                                    transformer=OneHotEncoder(cols=['age',
                                                                    'edu_level',
                                                                    'fav_animals',
                                                                    'fav_place'],
                                                              handle_missing='return_nan',
                                                              use_cat_names=True))),
                ('trained_model', KMeans(random_state=123))]), ml_usecase=None)
2026-05-02 23:09:12,822:INFO:Set up data.
2026-05-02 23:09:12,945:INFO:Initializing predict_model()
2026-05-02 23:09:12,946:INFO:predict_model(self=<pycaret.clustering.oop.ClusteringExperiment object at 0x0000021A49227110>, estimator=Pipeline(memory=Memory(location=None),
         steps=[('numerical_imputer',
                 TransformerWrapper(include=[], transformer=SimpleImputer())),
                ('categorical_imputer',
                 TransformerWrapper(include=['age', 'edu_level', 'fav_animals',
                                             'fav_place', 'gender'],
                                    transformer=SimpleImputer(strategy='most_frequent'))),
                ('ordinal_encoding',
                 TransformerWrapper(include=['gender'],
                                    transfo...
                                                               mapping=[{'col': 'gender',
                                                                         'data_type': dtype('O'),
                                                                         'mapping': Kobieta      0
Mê¿czyzna    1
NaN         -1
dtype: int64}]))),
                ('onehot_encoding',
                 TransformerWrapper(include=['age', 'edu_level', 'fav_animals',
                                             'fav_place'],
                                    transformer=OneHotEncoder(cols=['age',
                                                                    'edu_level',
                                                                    'fav_animals',
                                                                    'fav_place'],
                                                              handle_missing='return_nan',
                                                              use_cat_names=True))),
                ('trained_model', KMeans(random_state=123))]), ml_usecase=None)
2026-05-02 23:09:12,946:INFO:Set up data.
2026-05-02 23:09:15,937:INFO:Initializing predict_model()
2026-05-02 23:09:15,937:INFO:predict_model(self=<pycaret.clustering.oop.ClusteringExperiment object at 0x0000021A90A45950>, estimator=Pipeline(memory=Memory(location=None),
         steps=[('numerical_imputer',
                 TransformerWrapper(include=[], transformer=SimpleImputer())),
                ('categorical_imputer',
                 TransformerWrapper(include=['age', 'edu_level', 'fav_animals',
                                             'fav_place', 'gender'],
                                    transformer=SimpleImputer(strategy='most_frequent'))),
                ('ordinal_encoding',
                 TransformerWrapper(include=['gender'],
                                    transfo...
                                                               mapping=[{'col': 'gender',
                                                                         'data_type': dtype('O'),
                                                                         'mapping': Kobieta      0
Mê¿czyzna    1
NaN         -1
dtype: int64}]))),
                ('onehot_encoding',
                 TransformerWrapper(include=['age', 'edu_level', 'fav_animals',
                                             'fav_place'],
                                    transformer=OneHotEncoder(cols=['age',
                                                                    'edu_level',
                                                                    'fav_animals',
                                                                    'fav_place'],
                                                              handle_missing='return_nan',
                                                              use_cat_names=True))),
                ('trained_model', KMeans(random_state=123))]), ml_usecase=None)
2026-05-02 23:09:15,937:INFO:Set up data.
2026-05-02 23:09:16,031:INFO:Initializing predict_model()
2026-05-02 23:09:16,031:INFO:predict_model(self=<pycaret.clustering.oop.ClusteringExperiment object at 0x0000021A90C25310>, estimator=Pipeline(memory=Memory(location=None),
         steps=[('numerical_imputer',
                 TransformerWrapper(include=[], transformer=SimpleImputer())),
                ('categorical_imputer',
                 TransformerWrapper(include=['age', 'edu_level', 'fav_animals',
                                             'fav_place', 'gender'],
                                    transformer=SimpleImputer(strategy='most_frequent'))),
                ('ordinal_encoding',
                 TransformerWrapper(include=['gender'],
                                    transfo...
                                                               mapping=[{'col': 'gender',
                                                                         'data_type': dtype('O'),
                                                                         'mapping': Kobieta      0
Mê¿czyzna    1
NaN         -1
dtype: int64}]))),
                ('onehot_encoding',
                 TransformerWrapper(include=['age', 'edu_level', 'fav_animals',
                                             'fav_place'],
                                    transformer=OneHotEncoder(cols=['age',
                                                                    'edu_level',
                                                                    'fav_animals',
                                                                    'fav_place'],
                                                              handle_missing='return_nan',
                                                              use_cat_names=True))),
                ('trained_model', KMeans(random_state=123))]), ml_usecase=None)
2026-05-02 23:09:16,031:INFO:Set up data.
2026-05-02 23:09:16,128:INFO:Initializing predict_model()
2026-05-02 23:09:16,128:INFO:predict_model(self=<pycaret.clustering.oop.ClusteringExperiment object at 0x0000021A8EE3DA90>, estimator=Pipeline(memory=Memory(location=None),
         steps=[('numerical_imputer',
                 TransformerWrapper(include=[], transformer=SimpleImputer())),
                ('categorical_imputer',
                 TransformerWrapper(include=['age', 'edu_level', 'fav_animals',
                                             'fav_place', 'gender'],
                                    transformer=SimpleImputer(strategy='most_frequent'))),
                ('ordinal_encoding',
                 TransformerWrapper(include=['gender'],
                                    transfo...
                                                               mapping=[{'col': 'gender',
                                                                         'data_type': dtype('O'),
                                                                         'mapping': Kobieta      0
Mê¿czyzna    1
NaN         -1
dtype: int64}]))),
                ('onehot_encoding',
                 TransformerWrapper(include=['age', 'edu_level', 'fav_animals',
                                             'fav_place'],
                                    transformer=OneHotEncoder(cols=['age',
                                                                    'edu_level',
                                                                    'fav_animals',
                                                                    'fav_place'],
                                                              handle_missing='return_nan',
                                                              use_cat_names=True))),
                ('trained_model', KMeans(random_state=123))]), ml_usecase=None)
2026-05-02 23:09:16,128:INFO:Set up data.
2026-05-02 23:09:27,379:INFO:Initializing predict_model()
2026-05-02 23:09:27,379:INFO:predict_model(self=<pycaret.clustering.oop.ClusteringExperiment object at 0x0000021A8E80A390>, estimator=Pipeline(memory=Memory(location=None),
         steps=[('numerical_imputer',
                 TransformerWrapper(include=[], transformer=SimpleImputer())),
                ('categorical_imputer',
                 TransformerWrapper(include=['age', 'edu_level', 'fav_animals',
                                             'fav_place', 'gender'],
                                    transformer=SimpleImputer(strategy='most_frequent'))),
                ('ordinal_encoding',
                 TransformerWrapper(include=['gender'],
                                    transfo...
                                                               mapping=[{'col': 'gender',
                                                                         'data_type': dtype('O'),
                                                                         'mapping': Kobieta      0
Mê¿czyzna    1
NaN         -1
dtype: int64}]))),
                ('onehot_encoding',
                 TransformerWrapper(include=['age', 'edu_level', 'fav_animals',
                                             'fav_place'],
                                    transformer=OneHotEncoder(cols=['age',
                                                                    'edu_level',
                                                                    'fav_animals',
                                                                    'fav_place'],
                                                              handle_missing='return_nan',
                                                              use_cat_names=True))),
                ('trained_model', KMeans(random_state=123))]), ml_usecase=None)
2026-05-02 23:09:27,379:INFO:Set up data.
2026-05-02 23:09:27,467:INFO:Initializing predict_model()
2026-05-02 23:09:27,467:INFO:predict_model(self=<pycaret.clustering.oop.ClusteringExperiment object at 0x0000021A49250A90>, estimator=Pipeline(memory=Memory(location=None),
         steps=[('numerical_imputer',
                 TransformerWrapper(include=[], transformer=SimpleImputer())),
                ('categorical_imputer',
                 TransformerWrapper(include=['age', 'edu_level', 'fav_animals',
                                             'fav_place', 'gender'],
                                    transformer=SimpleImputer(strategy='most_frequent'))),
                ('ordinal_encoding',
                 TransformerWrapper(include=['gender'],
                                    transfo...
                                                               mapping=[{'col': 'gender',
                                                                         'data_type': dtype('O'),
                                                                         'mapping': Kobieta      0
Mê¿czyzna    1
NaN         -1
dtype: int64}]))),
                ('onehot_encoding',
                 TransformerWrapper(include=['age', 'edu_level', 'fav_animals',
                                             'fav_place'],
                                    transformer=OneHotEncoder(cols=['age',
                                                                    'edu_level',
                                                                    'fav_animals',
                                                                    'fav_place'],
                                                              handle_missing='return_nan',
                                                              use_cat_names=True))),
                ('trained_model', KMeans(random_state=123))]), ml_usecase=None)
2026-05-02 23:09:27,467:INFO:Set up data.
2026-05-02 23:09:27,559:INFO:Initializing predict_model()
2026-05-02 23:09:27,560:INFO:predict_model(self=<pycaret.clustering.oop.ClusteringExperiment object at 0x0000021A8E9D7CD0>, estimator=Pipeline(memory=Memory(location=None),
         steps=[('numerical_imputer',
                 TransformerWrapper(include=[], transformer=SimpleImputer())),
                ('categorical_imputer',
                 TransformerWrapper(include=['age', 'edu_level', 'fav_animals',
                                             'fav_place', 'gender'],
                                    transformer=SimpleImputer(strategy='most_frequent'))),
                ('ordinal_encoding',
                 TransformerWrapper(include=['gender'],
                                    transfo...
                                                               mapping=[{'col': 'gender',
                                                                         'data_type': dtype('O'),
                                                                         'mapping': Kobieta      0
Mê¿czyzna    1
NaN         -1
dtype: int64}]))),
                ('onehot_encoding',
                 TransformerWrapper(include=['age', 'edu_level', 'fav_animals',
                                             'fav_place'],
                                    transformer=OneHotEncoder(cols=['age',
                                                                    'edu_level',
                                                                    'fav_animals',
                                                                    'fav_place'],
                                                              handle_missing='return_nan',
                                                              use_cat_names=True))),
                ('trained_model', KMeans(random_state=123))]), ml_usecase=None)
2026-05-02 23:09:27,560:INFO:Set up data.
2026-05-02 23:09:29,740:INFO:Initializing predict_model()
2026-05-02 23:09:29,741:INFO:predict_model(self=<pycaret.clustering.oop.ClusteringExperiment object at 0x0000021A4C63FE10>, estimator=Pipeline(memory=Memory(location=None),
         steps=[('numerical_imputer',
                 TransformerWrapper(include=[], transformer=SimpleImputer())),
                ('categorical_imputer',
                 TransformerWrapper(include=['age', 'edu_level', 'fav_animals',
                                             'fav_place', 'gender'],
                                    transformer=SimpleImputer(strategy='most_frequent'))),
                ('ordinal_encoding',
                 TransformerWrapper(include=['gender'],
                                    transfo...
                                                               mapping=[{'col': 'gender',
                                                                         'data_type': dtype('O'),
                                                                         'mapping': Kobieta      0
Mê¿czyzna    1
NaN         -1
dtype: int64}]))),
                ('onehot_encoding',
                 TransformerWrapper(include=['age', 'edu_level', 'fav_animals',
                                             'fav_place'],
                                    transformer=OneHotEncoder(cols=['age',
                                                                    'edu_level',
                                                                    'fav_animals',
                                                                    'fav_place'],
                                                              handle_missing='return_nan',
                                                              use_cat_names=True))),
                ('trained_model', KMeans(random_state=123))]), ml_usecase=None)
2026-05-02 23:09:29,741:INFO:Set up data.
2026-05-02 23:09:29,831:INFO:Initializing predict_model()
2026-05-02 23:09:29,832:INFO:predict_model(self=<pycaret.clustering.oop.ClusteringExperiment object at 0x0000021A128F63D0>, estimator=Pipeline(memory=Memory(location=None),
         steps=[('numerical_imputer',
                 TransformerWrapper(include=[], transformer=SimpleImputer())),
                ('categorical_imputer',
                 TransformerWrapper(include=['age', 'edu_level', 'fav_animals',
                                             'fav_place', 'gender'],
                                    transformer=SimpleImputer(strategy='most_frequent'))),
                ('ordinal_encoding',
                 TransformerWrapper(include=['gender'],
                                    transfo...
                                                               mapping=[{'col': 'gender',
                                                                         'data_type': dtype('O'),
                                                                         'mapping': Kobieta      0
Mê¿czyzna    1
NaN         -1
dtype: int64}]))),
                ('onehot_encoding',
                 TransformerWrapper(include=['age', 'edu_level', 'fav_animals',
                                             'fav_place'],
                                    transformer=OneHotEncoder(cols=['age',
                                                                    'edu_level',
                                                                    'fav_animals',
                                                                    'fav_place'],
                                                              handle_missing='return_nan',
                                                              use_cat_names=True))),
                ('trained_model', KMeans(random_state=123))]), ml_usecase=None)
2026-05-02 23:09:29,832:INFO:Set up data.
2026-05-02 23:09:29,924:INFO:Initializing predict_model()
2026-05-02 23:09:29,924:INFO:predict_model(self=<pycaret.clustering.oop.ClusteringExperiment object at 0x0000021A13E8A510>, estimator=Pipeline(memory=Memory(location=None),
         steps=[('numerical_imputer',
                 TransformerWrapper(include=[], transformer=SimpleImputer())),
                ('categorical_imputer',
                 TransformerWrapper(include=['age', 'edu_level', 'fav_animals',
                                             'fav_place', 'gender'],
                                    transformer=SimpleImputer(strategy='most_frequent'))),
                ('ordinal_encoding',
                 TransformerWrapper(include=['gender'],
                                    transfo...
                                                               mapping=[{'col': 'gender',
                                                                         'data_type': dtype('O'),
                                                                         'mapping': Kobieta      0
Mê¿czyzna    1
NaN         -1
dtype: int64}]))),
                ('onehot_encoding',
                 TransformerWrapper(include=['age', 'edu_level', 'fav_animals',
                                             'fav_place'],
                                    transformer=OneHotEncoder(cols=['age',
                                                                    'edu_level',
                                                                    'fav_animals',
                                                                    'fav_place'],
                                                              handle_missing='return_nan',
                                                              use_cat_names=True))),
                ('trained_model', KMeans(random_state=123))]), ml_usecase=None)
2026-05-02 23:09:29,924:INFO:Set up data.
2026-05-02 23:09:32,169:INFO:Initializing predict_model()
2026-05-02 23:09:32,169:INFO:predict_model(self=<pycaret.clustering.oop.ClusteringExperiment object at 0x0000021A909F4810>, estimator=Pipeline(memory=Memory(location=None),
         steps=[('numerical_imputer',
                 TransformerWrapper(include=[], transformer=SimpleImputer())),
                ('categorical_imputer',
                 TransformerWrapper(include=['age', 'edu_level', 'fav_animals',
                                             'fav_place', 'gender'],
                                    transformer=SimpleImputer(strategy='most_frequent'))),
                ('ordinal_encoding',
                 TransformerWrapper(include=['gender'],
                                    transfo...
                                                               mapping=[{'col': 'gender',
                                                                         'data_type': dtype('O'),
                                                                         'mapping': Kobieta      0
Mê¿czyzna    1
NaN         -1
dtype: int64}]))),
                ('onehot_encoding',
                 TransformerWrapper(include=['age', 'edu_level', 'fav_animals',
                                             'fav_place'],
                                    transformer=OneHotEncoder(cols=['age',
                                                                    'edu_level',
                                                                    'fav_animals',
                                                                    'fav_place'],
                                                              handle_missing='return_nan',
                                                              use_cat_names=True))),
                ('trained_model', KMeans(random_state=123))]), ml_usecase=None)
2026-05-02 23:09:32,170:INFO:Set up data.
2026-05-02 23:09:32,269:INFO:Initializing predict_model()
2026-05-02 23:09:32,270:INFO:predict_model(self=<pycaret.clustering.oop.ClusteringExperiment object at 0x0000021A909F7690>, estimator=Pipeline(memory=Memory(location=None),
         steps=[('numerical_imputer',
                 TransformerWrapper(include=[], transformer=SimpleImputer())),
                ('categorical_imputer',
                 TransformerWrapper(include=['age', 'edu_level', 'fav_animals',
                                             'fav_place', 'gender'],
                                    transformer=SimpleImputer(strategy='most_frequent'))),
                ('ordinal_encoding',
                 TransformerWrapper(include=['gender'],
                                    transfo...
                                                               mapping=[{'col': 'gender',
                                                                         'data_type': dtype('O'),
                                                                         'mapping': Kobieta      0
Mê¿czyzna    1
NaN         -1
dtype: int64}]))),
                ('onehot_encoding',
                 TransformerWrapper(include=['age', 'edu_level', 'fav_animals',
                                             'fav_place'],
                                    transformer=OneHotEncoder(cols=['age',
                                                                    'edu_level',
                                                                    'fav_animals',
                                                                    'fav_place'],
                                                              handle_missing='return_nan',
                                                              use_cat_names=True))),
                ('trained_model', KMeans(random_state=123))]), ml_usecase=None)
2026-05-02 23:09:32,270:INFO:Set up data.
2026-05-02 23:09:32,346:INFO:Initializing predict_model()
2026-05-02 23:09:32,346:INFO:predict_model(self=<pycaret.clustering.oop.ClusteringExperiment object at 0x0000021A90A67DD0>, estimator=Pipeline(memory=Memory(location=None),
         steps=[('numerical_imputer',
                 TransformerWrapper(include=[], transformer=SimpleImputer())),
                ('categorical_imputer',
                 TransformerWrapper(include=['age', 'edu_level', 'fav_animals',
                                             'fav_place', 'gender'],
                                    transformer=SimpleImputer(strategy='most_frequent'))),
                ('ordinal_encoding',
                 TransformerWrapper(include=['gender'],
                                    transfo...
                                                               mapping=[{'col': 'gender',
                                                                         'data_type': dtype('O'),
                                                                         'mapping': Kobieta      0
Mê¿czyzna    1
NaN         -1
dtype: int64}]))),
                ('onehot_encoding',
                 TransformerWrapper(include=['age', 'edu_level', 'fav_animals',
                                             'fav_place'],
                                    transformer=OneHotEncoder(cols=['age',
                                                                    'edu_level',
                                                                    'fav_animals',
                                                                    'fav_place'],
                                                              handle_missing='return_nan',
                                                              use_cat_names=True))),
                ('trained_model', KMeans(random_state=123))]), ml_usecase=None)
2026-05-02 23:09:32,346:INFO:Set up data.
2026-05-02 23:09:34,465:INFO:Initializing predict_model()
2026-05-02 23:09:34,466:INFO:predict_model(self=<pycaret.clustering.oop.ClusteringExperiment object at 0x0000021A4C64F350>, estimator=Pipeline(memory=Memory(location=None),
         steps=[('numerical_imputer',
                 TransformerWrapper(include=[], transformer=SimpleImputer())),
                ('categorical_imputer',
                 TransformerWrapper(include=['age', 'edu_level', 'fav_animals',
                                             'fav_place', 'gender'],
                                    transformer=SimpleImputer(strategy='most_frequent'))),
                ('ordinal_encoding',
                 TransformerWrapper(include=['gender'],
                                    transfo...
                                                               mapping=[{'col': 'gender',
                                                                         'data_type': dtype('O'),
                                                                         'mapping': Kobieta      0
Mê¿czyzna    1
NaN         -1
dtype: int64}]))),
                ('onehot_encoding',
                 TransformerWrapper(include=['age', 'edu_level', 'fav_animals',
                                             'fav_place'],
                                    transformer=OneHotEncoder(cols=['age',
                                                                    'edu_level',
                                                                    'fav_animals',
                                                                    'fav_place'],
                                                              handle_missing='return_nan',
                                                              use_cat_names=True))),
                ('trained_model', KMeans(random_state=123))]), ml_usecase=None)
2026-05-02 23:09:34,466:INFO:Set up data.
2026-05-02 23:09:34,567:INFO:Initializing predict_model()
2026-05-02 23:09:34,567:INFO:predict_model(self=<pycaret.clustering.oop.ClusteringExperiment object at 0x0000021A14029DD0>, estimator=Pipeline(memory=Memory(location=None),
         steps=[('numerical_imputer',
                 TransformerWrapper(include=[], transformer=SimpleImputer())),
                ('categorical_imputer',
                 TransformerWrapper(include=['age', 'edu_level', 'fav_animals',
                                             'fav_place', 'gender'],
                                    transformer=SimpleImputer(strategy='most_frequent'))),
                ('ordinal_encoding',
                 TransformerWrapper(include=['gender'],
                                    transfo...
                                                               mapping=[{'col': 'gender',
                                                                         'data_type': dtype('O'),
                                                                         'mapping': Kobieta      0
Mê¿czyzna    1
NaN         -1
dtype: int64}]))),
                ('onehot_encoding',
                 TransformerWrapper(include=['age', 'edu_level', 'fav_animals',
                                             'fav_place'],
                                    transformer=OneHotEncoder(cols=['age',
                                                                    'edu_level',
                                                                    'fav_animals',
                                                                    'fav_place'],
                                                              handle_missing='return_nan',
                                                              use_cat_names=True))),
                ('trained_model', KMeans(random_state=123))]), ml_usecase=None)
2026-05-02 23:09:34,568:INFO:Set up data.
2026-05-02 23:09:34,659:INFO:Initializing predict_model()
2026-05-02 23:09:34,659:INFO:predict_model(self=<pycaret.clustering.oop.ClusteringExperiment object at 0x0000021A14013E90>, estimator=Pipeline(memory=Memory(location=None),
         steps=[('numerical_imputer',
                 TransformerWrapper(include=[], transformer=SimpleImputer())),
                ('categorical_imputer',
                 TransformerWrapper(include=['age', 'edu_level', 'fav_animals',
                                             'fav_place', 'gender'],
                                    transformer=SimpleImputer(strategy='most_frequent'))),
                ('ordinal_encoding',
                 TransformerWrapper(include=['gender'],
                                    transfo...
                                                               mapping=[{'col': 'gender',
                                                                         'data_type': dtype('O'),
                                                                         'mapping': Kobieta      0
Mê¿czyzna    1
NaN         -1
dtype: int64}]))),
                ('onehot_encoding',
                 TransformerWrapper(include=['age', 'edu_level', 'fav_animals',
                                             'fav_place'],
                                    transformer=OneHotEncoder(cols=['age',
                                                                    'edu_level',
                                                                    'fav_animals',
                                                                    'fav_place'],
                                                              handle_missing='return_nan',
                                                              use_cat_names=True))),
                ('trained_model', KMeans(random_state=123))]), ml_usecase=None)
2026-05-02 23:09:34,659:INFO:Set up data.
2026-05-02 23:09:45,720:INFO:Initializing predict_model()
2026-05-02 23:09:45,721:INFO:predict_model(self=<pycaret.clustering.oop.ClusteringExperiment object at 0x0000021A8F511590>, estimator=Pipeline(memory=Memory(location=None),
         steps=[('numerical_imputer',
                 TransformerWrapper(include=[], transformer=SimpleImputer())),
                ('categorical_imputer',
                 TransformerWrapper(include=['age', 'edu_level', 'fav_animals',
                                             'fav_place', 'gender'],
                                    transformer=SimpleImputer(strategy='most_frequent'))),
                ('ordinal_encoding',
                 TransformerWrapper(include=['gender'],
                                    transfo...
                                                               mapping=[{'col': 'gender',
                                                                         'data_type': dtype('O'),
                                                                         'mapping': Kobieta      0
Mê¿czyzna    1
NaN         -1
dtype: int64}]))),
                ('onehot_encoding',
                 TransformerWrapper(include=['age', 'edu_level', 'fav_animals',
                                             'fav_place'],
                                    transformer=OneHotEncoder(cols=['age',
                                                                    'edu_level',
                                                                    'fav_animals',
                                                                    'fav_place'],
                                                              handle_missing='return_nan',
                                                              use_cat_names=True))),
                ('trained_model', KMeans(random_state=123))]), ml_usecase=None)
2026-05-02 23:09:45,721:INFO:Set up data.
2026-05-02 23:09:45,831:INFO:Initializing predict_model()
2026-05-02 23:09:45,833:INFO:predict_model(self=<pycaret.clustering.oop.ClusteringExperiment object at 0x0000021A909EFF90>, estimator=Pipeline(memory=Memory(location=None),
         steps=[('numerical_imputer',
                 TransformerWrapper(include=[], transformer=SimpleImputer())),
                ('categorical_imputer',
                 TransformerWrapper(include=['age', 'edu_level', 'fav_animals',
                                             'fav_place', 'gender'],
                                    transformer=SimpleImputer(strategy='most_frequent'))),
                ('ordinal_encoding',
                 TransformerWrapper(include=['gender'],
                                    transfo...
                                                               mapping=[{'col': 'gender',
                                                                         'data_type': dtype('O'),
                                                                         'mapping': Kobieta      0
Mê¿czyzna    1
NaN         -1
dtype: int64}]))),
                ('onehot_encoding',
                 TransformerWrapper(include=['age', 'edu_level', 'fav_animals',
                                             'fav_place'],
                                    transformer=OneHotEncoder(cols=['age',
                                                                    'edu_level',
                                                                    'fav_animals',
                                                                    'fav_place'],
                                                              handle_missing='return_nan',
                                                              use_cat_names=True))),
                ('trained_model', KMeans(random_state=123))]), ml_usecase=None)
2026-05-02 23:09:45,833:INFO:Set up data.
2026-05-02 23:09:45,942:INFO:Initializing predict_model()
2026-05-02 23:09:45,943:INFO:predict_model(self=<pycaret.clustering.oop.ClusteringExperiment object at 0x0000021A8F42F750>, estimator=Pipeline(memory=Memory(location=None),
         steps=[('numerical_imputer',
                 TransformerWrapper(include=[], transformer=SimpleImputer())),
                ('categorical_imputer',
                 TransformerWrapper(include=['age', 'edu_level', 'fav_animals',
                                             'fav_place', 'gender'],
                                    transformer=SimpleImputer(strategy='most_frequent'))),
                ('ordinal_encoding',
                 TransformerWrapper(include=['gender'],
                                    transfo...
                                                               mapping=[{'col': 'gender',
                                                                         'data_type': dtype('O'),
                                                                         'mapping': Kobieta      0
Mê¿czyzna    1
NaN         -1
dtype: int64}]))),
                ('onehot_encoding',
                 TransformerWrapper(include=['age', 'edu_level', 'fav_animals',
                                             'fav_place'],
                                    transformer=OneHotEncoder(cols=['age',
                                                                    'edu_level',
                                                                    'fav_animals',
                                                                    'fav_place'],
                                                              handle_missing='return_nan',
                                                              use_cat_names=True))),
                ('trained_model', KMeans(random_state=123))]), ml_usecase=None)
2026-05-02 23:09:45,943:INFO:Set up data.
2026-05-02 23:12:00,940:INFO:Initializing predict_model()
2026-05-02 23:12:00,941:INFO:predict_model(self=<pycaret.clustering.oop.ClusteringExperiment object at 0x0000021A13F63150>, estimator=Pipeline(memory=Memory(location=None),
         steps=[('numerical_imputer',
                 TransformerWrapper(include=[], transformer=SimpleImputer())),
                ('categorical_imputer',
                 TransformerWrapper(include=['age', 'edu_level', 'fav_animals',
                                             'fav_place', 'gender'],
                                    transformer=SimpleImputer(strategy='most_frequent'))),
                ('ordinal_encoding',
                 TransformerWrapper(include=['gender'],
                                    transfo...
                                                               mapping=[{'col': 'gender',
                                                                         'data_type': dtype('O'),
                                                                         'mapping': Kobieta      0
Mê¿czyzna    1
NaN         -1
dtype: int64}]))),
                ('onehot_encoding',
                 TransformerWrapper(include=['age', 'edu_level', 'fav_animals',
                                             'fav_place'],
                                    transformer=OneHotEncoder(cols=['age',
                                                                    'edu_level',
                                                                    'fav_animals',
                                                                    'fav_place'],
                                                              handle_missing='return_nan',
                                                              use_cat_names=True))),
                ('trained_model', KMeans(random_state=123))]), ml_usecase=None)
2026-05-02 23:12:00,941:INFO:Set up data.
2026-05-02 23:12:01,046:INFO:Initializing predict_model()
2026-05-02 23:12:01,046:INFO:predict_model(self=<pycaret.clustering.oop.ClusteringExperiment object at 0x0000021A8F42FA90>, estimator=Pipeline(memory=Memory(location=None),
         steps=[('numerical_imputer',
                 TransformerWrapper(include=[], transformer=SimpleImputer())),
                ('categorical_imputer',
                 TransformerWrapper(include=['age', 'edu_level', 'fav_animals',
                                             'fav_place', 'gender'],
                                    transformer=SimpleImputer(strategy='most_frequent'))),
                ('ordinal_encoding',
                 TransformerWrapper(include=['gender'],
                                    transfo...
                                                               mapping=[{'col': 'gender',
                                                                         'data_type': dtype('O'),
                                                                         'mapping': Kobieta      0
Mê¿czyzna    1
NaN         -1
dtype: int64}]))),
                ('onehot_encoding',
                 TransformerWrapper(include=['age', 'edu_level', 'fav_animals',
                                             'fav_place'],
                                    transformer=OneHotEncoder(cols=['age',
                                                                    'edu_level',
                                                                    'fav_animals',
                                                                    'fav_place'],
                                                              handle_missing='return_nan',
                                                              use_cat_names=True))),
                ('trained_model', KMeans(random_state=123))]), ml_usecase=None)
2026-05-02 23:12:01,047:INFO:Set up data.
2026-05-02 23:12:01,150:INFO:Initializing predict_model()
2026-05-02 23:12:01,150:INFO:predict_model(self=<pycaret.clustering.oop.ClusteringExperiment object at 0x0000021A13EA8E50>, estimator=Pipeline(memory=Memory(location=None),
         steps=[('numerical_imputer',
                 TransformerWrapper(include=[], transformer=SimpleImputer())),
                ('categorical_imputer',
                 TransformerWrapper(include=['age', 'edu_level', 'fav_animals',
                                             'fav_place', 'gender'],
                                    transformer=SimpleImputer(strategy='most_frequent'))),
                ('ordinal_encoding',
                 TransformerWrapper(include=['gender'],
                                    transfo...
                                                               mapping=[{'col': 'gender',
                                                                         'data_type': dtype('O'),
                                                                         'mapping': Kobieta      0
Mê¿czyzna    1
NaN         -1
dtype: int64}]))),
                ('onehot_encoding',
                 TransformerWrapper(include=['age', 'edu_level', 'fav_animals',
                                             'fav_place'],
                                    transformer=OneHotEncoder(cols=['age',
                                                                    'edu_level',
                                                                    'fav_animals',
                                                                    'fav_place'],
                                                              handle_missing='return_nan',
                                                              use_cat_names=True))),
                ('trained_model', KMeans(random_state=123))]), ml_usecase=None)
2026-05-02 23:12:01,150:INFO:Set up data.
2026-05-02 23:12:06,276:INFO:Initializing predict_model()
2026-05-02 23:12:06,277:INFO:predict_model(self=<pycaret.clustering.oop.ClusteringExperiment object at 0x0000021A4920C450>, estimator=Pipeline(memory=Memory(location=None),
         steps=[('numerical_imputer',
                 TransformerWrapper(include=[], transformer=SimpleImputer())),
                ('categorical_imputer',
                 TransformerWrapper(include=['age', 'edu_level', 'fav_animals',
                                             'fav_place', 'gender'],
                                    transformer=SimpleImputer(strategy='most_frequent'))),
                ('ordinal_encoding',
                 TransformerWrapper(include=['gender'],
                                    transfo...
                                                               mapping=[{'col': 'gender',
                                                                         'data_type': dtype('O'),
                                                                         'mapping': Kobieta      0
Mê¿czyzna    1
NaN         -1
dtype: int64}]))),
                ('onehot_encoding',
                 TransformerWrapper(include=['age', 'edu_level', 'fav_animals',
                                             'fav_place'],
                                    transformer=OneHotEncoder(cols=['age',
                                                                    'edu_level',
                                                                    'fav_animals',
                                                                    'fav_place'],
                                                              handle_missing='return_nan',
                                                              use_cat_names=True))),
                ('trained_model', KMeans(random_state=123))]), ml_usecase=None)
2026-05-02 23:12:06,277:INFO:Set up data.
2026-05-02 23:12:06,396:INFO:Initializing predict_model()
2026-05-02 23:12:06,397:INFO:predict_model(self=<pycaret.clustering.oop.ClusteringExperiment object at 0x0000021A909CD690>, estimator=Pipeline(memory=Memory(location=None),
         steps=[('numerical_imputer',
                 TransformerWrapper(include=[], transformer=SimpleImputer())),
                ('categorical_imputer',
                 TransformerWrapper(include=['age', 'edu_level', 'fav_animals',
                                             'fav_place', 'gender'],
                                    transformer=SimpleImputer(strategy='most_frequent'))),
                ('ordinal_encoding',
                 TransformerWrapper(include=['gender'],
                                    transfo...
                                                               mapping=[{'col': 'gender',
                                                                         'data_type': dtype('O'),
                                                                         'mapping': Kobieta      0
Mê¿czyzna    1
NaN         -1
dtype: int64}]))),
                ('onehot_encoding',
                 TransformerWrapper(include=['age', 'edu_level', 'fav_animals',
                                             'fav_place'],
                                    transformer=OneHotEncoder(cols=['age',
                                                                    'edu_level',
                                                                    'fav_animals',
                                                                    'fav_place'],
                                                              handle_missing='return_nan',
                                                              use_cat_names=True))),
                ('trained_model', KMeans(random_state=123))]), ml_usecase=None)
2026-05-02 23:12:06,398:INFO:Set up data.
2026-05-02 23:12:06,537:INFO:Initializing predict_model()
2026-05-02 23:12:06,537:INFO:predict_model(self=<pycaret.clustering.oop.ClusteringExperiment object at 0x0000021A13F81390>, estimator=Pipeline(memory=Memory(location=None),
         steps=[('numerical_imputer',
                 TransformerWrapper(include=[], transformer=SimpleImputer())),
                ('categorical_imputer',
                 TransformerWrapper(include=['age', 'edu_level', 'fav_animals',
                                             'fav_place', 'gender'],
                                    transformer=SimpleImputer(strategy='most_frequent'))),
                ('ordinal_encoding',
                 TransformerWrapper(include=['gender'],
                                    transfo...
                                                               mapping=[{'col': 'gender',
                                                                         'data_type': dtype('O'),
                                                                         'mapping': Kobieta      0
Mê¿czyzna    1
NaN         -1
dtype: int64}]))),
                ('onehot_encoding',
                 TransformerWrapper(include=['age', 'edu_level', 'fav_animals',
                                             'fav_place'],
                                    transformer=OneHotEncoder(cols=['age',
                                                                    'edu_level',
                                                                    'fav_animals',
                                                                    'fav_place'],
                                                              handle_missing='return_nan',
                                                              use_cat_names=True))),
                ('trained_model', KMeans(random_state=123))]), ml_usecase=None)
2026-05-02 23:12:06,538:INFO:Set up data.
2026-05-02 23:12:09,091:INFO:Initializing predict_model()
2026-05-02 23:12:09,091:INFO:predict_model(self=<pycaret.clustering.oop.ClusteringExperiment object at 0x0000021A2B082390>, estimator=Pipeline(memory=Memory(location=None),
         steps=[('numerical_imputer',
                 TransformerWrapper(include=[], transformer=SimpleImputer())),
                ('categorical_imputer',
                 TransformerWrapper(include=['age', 'edu_level', 'fav_animals',
                                             'fav_place', 'gender'],
                                    transformer=SimpleImputer(strategy='most_frequent'))),
                ('ordinal_encoding',
                 TransformerWrapper(include=['gender'],
                                    transfo...
                                                               mapping=[{'col': 'gender',
                                                                         'data_type': dtype('O'),
                                                                         'mapping': Kobieta      0
Mê¿czyzna    1
NaN         -1
dtype: int64}]))),
                ('onehot_encoding',
                 TransformerWrapper(include=['age', 'edu_level', 'fav_animals',
                                             'fav_place'],
                                    transformer=OneHotEncoder(cols=['age',
                                                                    'edu_level',
                                                                    'fav_animals',
                                                                    'fav_place'],
                                                              handle_missing='return_nan',
                                                              use_cat_names=True))),
                ('trained_model', KMeans(random_state=123))]), ml_usecase=None)
2026-05-02 23:12:09,091:INFO:Set up data.
2026-05-02 23:12:09,208:INFO:Initializing predict_model()
2026-05-02 23:12:09,209:INFO:predict_model(self=<pycaret.clustering.oop.ClusteringExperiment object at 0x0000021A90A475D0>, estimator=Pipeline(memory=Memory(location=None),
         steps=[('numerical_imputer',
                 TransformerWrapper(include=[], transformer=SimpleImputer())),
                ('categorical_imputer',
                 TransformerWrapper(include=['age', 'edu_level', 'fav_animals',
                                             'fav_place', 'gender'],
                                    transformer=SimpleImputer(strategy='most_frequent'))),
                ('ordinal_encoding',
                 TransformerWrapper(include=['gender'],
                                    transfo...
                                                               mapping=[{'col': 'gender',
                                                                         'data_type': dtype('O'),
                                                                         'mapping': Kobieta      0
Mê¿czyzna    1
NaN         -1
dtype: int64}]))),
                ('onehot_encoding',
                 TransformerWrapper(include=['age', 'edu_level', 'fav_animals',
                                             'fav_place'],
                                    transformer=OneHotEncoder(cols=['age',
                                                                    'edu_level',
                                                                    'fav_animals',
                                                                    'fav_place'],
                                                              handle_missing='return_nan',
                                                              use_cat_names=True))),
                ('trained_model', KMeans(random_state=123))]), ml_usecase=None)
2026-05-02 23:12:09,209:INFO:Set up data.
2026-05-02 23:12:09,300:INFO:Initializing predict_model()
2026-05-02 23:12:09,300:INFO:predict_model(self=<pycaret.clustering.oop.ClusteringExperiment object at 0x0000021A4A46D010>, estimator=Pipeline(memory=Memory(location=None),
         steps=[('numerical_imputer',
                 TransformerWrapper(include=[], transformer=SimpleImputer())),
                ('categorical_imputer',
                 TransformerWrapper(include=['age', 'edu_level', 'fav_animals',
                                             'fav_place', 'gender'],
                                    transformer=SimpleImputer(strategy='most_frequent'))),
                ('ordinal_encoding',
                 TransformerWrapper(include=['gender'],
                                    transfo...
                                                               mapping=[{'col': 'gender',
                                                                         'data_type': dtype('O'),
                                                                         'mapping': Kobieta      0
Mê¿czyzna    1
NaN         -1
dtype: int64}]))),
                ('onehot_encoding',
                 TransformerWrapper(include=['age', 'edu_level', 'fav_animals',
                                             'fav_place'],
                                    transformer=OneHotEncoder(cols=['age',
                                                                    'edu_level',
                                                                    'fav_animals',
                                                                    'fav_place'],
                                                              handle_missing='return_nan',
                                                              use_cat_names=True))),
                ('trained_model', KMeans(random_state=123))]), ml_usecase=None)
2026-05-02 23:12:09,300:INFO:Set up data.
2026-05-02 23:13:26,508:INFO:Initializing predict_model()
2026-05-02 23:13:26,508:INFO:predict_model(self=<pycaret.clustering.oop.ClusteringExperiment object at 0x0000021A8E9F17D0>, estimator=Pipeline(memory=Memory(location=None),
         steps=[('numerical_imputer',
                 TransformerWrapper(include=[], transformer=SimpleImputer())),
                ('categorical_imputer',
                 TransformerWrapper(include=['age', 'edu_level', 'fav_animals',
                                             'fav_place', 'gender'],
                                    transformer=SimpleImputer(strategy='most_frequent'))),
                ('ordinal_encoding',
                 TransformerWrapper(include=['gender'],
                                    transfo...
                                                               mapping=[{'col': 'gender',
                                                                         'data_type': dtype('O'),
                                                                         'mapping': Kobieta      0
Mê¿czyzna    1
NaN         -1
dtype: int64}]))),
                ('onehot_encoding',
                 TransformerWrapper(include=['age', 'edu_level', 'fav_animals',
                                             'fav_place'],
                                    transformer=OneHotEncoder(cols=['age',
                                                                    'edu_level',
                                                                    'fav_animals',
                                                                    'fav_place'],
                                                              handle_missing='return_nan',
                                                              use_cat_names=True))),
                ('trained_model', KMeans(random_state=123))]), ml_usecase=None)
2026-05-02 23:13:26,508:INFO:Set up data.
2026-05-02 23:13:26,600:INFO:Initializing predict_model()
2026-05-02 23:13:26,600:INFO:predict_model(self=<pycaret.clustering.oop.ClusteringExperiment object at 0x0000021A8EE27AD0>, estimator=Pipeline(memory=Memory(location=None),
         steps=[('numerical_imputer',
                 TransformerWrapper(include=[], transformer=SimpleImputer())),
                ('categorical_imputer',
                 TransformerWrapper(include=['age', 'edu_level', 'fav_animals',
                                             'fav_place', 'gender'],
                                    transformer=SimpleImputer(strategy='most_frequent'))),
                ('ordinal_encoding',
                 TransformerWrapper(include=['gender'],
                                    transfo...
                                                               mapping=[{'col': 'gender',
                                                                         'data_type': dtype('O'),
                                                                         'mapping': Kobieta      0
Mê¿czyzna    1
NaN         -1
dtype: int64}]))),
                ('onehot_encoding',
                 TransformerWrapper(include=['age', 'edu_level', 'fav_animals',
                                             'fav_place'],
                                    transformer=OneHotEncoder(cols=['age',
                                                                    'edu_level',
                                                                    'fav_animals',
                                                                    'fav_place'],
                                                              handle_missing='return_nan',
                                                              use_cat_names=True))),
                ('trained_model', KMeans(random_state=123))]), ml_usecase=None)
2026-05-02 23:13:26,601:INFO:Set up data.
2026-05-02 23:13:26,698:INFO:Initializing predict_model()
2026-05-02 23:13:26,698:INFO:predict_model(self=<pycaret.clustering.oop.ClusteringExperiment object at 0x0000021A8F762450>, estimator=Pipeline(memory=Memory(location=None),
         steps=[('numerical_imputer',
                 TransformerWrapper(include=[], transformer=SimpleImputer())),
                ('categorical_imputer',
                 TransformerWrapper(include=['age', 'edu_level', 'fav_animals',
                                             'fav_place', 'gender'],
                                    transformer=SimpleImputer(strategy='most_frequent'))),
                ('ordinal_encoding',
                 TransformerWrapper(include=['gender'],
                                    transfo...
                                                               mapping=[{'col': 'gender',
                                                                         'data_type': dtype('O'),
                                                                         'mapping': Kobieta      0
Mê¿czyzna    1
NaN         -1
dtype: int64}]))),
                ('onehot_encoding',
                 TransformerWrapper(include=['age', 'edu_level', 'fav_animals',
                                             'fav_place'],
                                    transformer=OneHotEncoder(cols=['age',
                                                                    'edu_level',
                                                                    'fav_animals',
                                                                    'fav_place'],
                                                              handle_missing='return_nan',
                                                              use_cat_names=True))),
                ('trained_model', KMeans(random_state=123))]), ml_usecase=None)
2026-05-02 23:13:26,699:INFO:Set up data.
2026-05-02 23:14:17,710:INFO:Initializing predict_model()
2026-05-02 23:14:17,711:INFO:predict_model(self=<pycaret.clustering.oop.ClusteringExperiment object at 0x0000021A8F4D5A50>, estimator=Pipeline(memory=Memory(location=None),
         steps=[('numerical_imputer',
                 TransformerWrapper(include=[], transformer=SimpleImputer())),
                ('categorical_imputer',
                 TransformerWrapper(include=['age', 'edu_level', 'fav_animals',
                                             'fav_place', 'gender'],
                                    transformer=SimpleImputer(strategy='most_frequent'))),
                ('ordinal_encoding',
                 TransformerWrapper(include=['gender'],
                                    transfo...
                                                               mapping=[{'col': 'gender',
                                                                         'data_type': dtype('O'),
                                                                         'mapping': Kobieta      0
Mê¿czyzna    1
NaN         -1
dtype: int64}]))),
                ('onehot_encoding',
                 TransformerWrapper(include=['age', 'edu_level', 'fav_animals',
                                             'fav_place'],
                                    transformer=OneHotEncoder(cols=['age',
                                                                    'edu_level',
                                                                    'fav_animals',
                                                                    'fav_place'],
                                                              handle_missing='return_nan',
                                                              use_cat_names=True))),
                ('trained_model', KMeans(random_state=123))]), ml_usecase=None)
2026-05-02 23:14:17,711:INFO:Set up data.
2026-05-02 23:14:17,823:INFO:Initializing predict_model()
2026-05-02 23:14:17,824:INFO:predict_model(self=<pycaret.clustering.oop.ClusteringExperiment object at 0x0000021A8F4D5950>, estimator=Pipeline(memory=Memory(location=None),
         steps=[('numerical_imputer',
                 TransformerWrapper(include=[], transformer=SimpleImputer())),
                ('categorical_imputer',
                 TransformerWrapper(include=['age', 'edu_level', 'fav_animals',
                                             'fav_place', 'gender'],
                                    transformer=SimpleImputer(strategy='most_frequent'))),
                ('ordinal_encoding',
                 TransformerWrapper(include=['gender'],
                                    transfo...
                                                               mapping=[{'col': 'gender',
                                                                         'data_type': dtype('O'),
                                                                         'mapping': Kobieta      0
Mê¿czyzna    1
NaN         -1
dtype: int64}]))),
                ('onehot_encoding',
                 TransformerWrapper(include=['age', 'edu_level', 'fav_animals',
                                             'fav_place'],
                                    transformer=OneHotEncoder(cols=['age',
                                                                    'edu_level',
                                                                    'fav_animals',
                                                                    'fav_place'],
                                                              handle_missing='return_nan',
                                                              use_cat_names=True))),
                ('trained_model', KMeans(random_state=123))]), ml_usecase=None)
2026-05-02 23:14:17,824:INFO:Set up data.
2026-05-02 23:14:17,940:INFO:Initializing predict_model()
2026-05-02 23:14:17,941:INFO:predict_model(self=<pycaret.clustering.oop.ClusteringExperiment object at 0x0000021A8F127750>, estimator=Pipeline(memory=Memory(location=None),
         steps=[('numerical_imputer',
                 TransformerWrapper(include=[], transformer=SimpleImputer())),
                ('categorical_imputer',
                 TransformerWrapper(include=['age', 'edu_level', 'fav_animals',
                                             'fav_place', 'gender'],
                                    transformer=SimpleImputer(strategy='most_frequent'))),
                ('ordinal_encoding',
                 TransformerWrapper(include=['gender'],
                                    transfo...
                                                               mapping=[{'col': 'gender',
                                                                         'data_type': dtype('O'),
                                                                         'mapping': Kobieta      0
Mê¿czyzna    1
NaN         -1
dtype: int64}]))),
                ('onehot_encoding',
                 TransformerWrapper(include=['age', 'edu_level', 'fav_animals',
                                             'fav_place'],
                                    transformer=OneHotEncoder(cols=['age',
                                                                    'edu_level',
                                                                    'fav_animals',
                                                                    'fav_place'],
                                                              handle_missing='return_nan',
                                                              use_cat_names=True))),
                ('trained_model', KMeans(random_state=123))]), ml_usecase=None)
2026-05-02 23:14:17,941:INFO:Set up data.
2026-05-02 23:28:06,123:INFO:Initializing predict_model()
2026-05-02 23:28:06,123:INFO:predict_model(self=<pycaret.clustering.oop.ClusteringExperiment object at 0x0000021A90AA91D0>, estimator=Pipeline(memory=Memory(location=None),
         steps=[('numerical_imputer',
                 TransformerWrapper(include=[], transformer=SimpleImputer())),
                ('categorical_imputer',
                 TransformerWrapper(include=['age', 'edu_level', 'fav_animals',
                                             'fav_place', 'gender'],
                                    transformer=SimpleImputer(strategy='most_frequent'))),
                ('ordinal_encoding',
                 TransformerWrapper(include=['gender'],
                                    transfo...
                                                               mapping=[{'col': 'gender',
                                                                         'data_type': dtype('O'),
                                                                         'mapping': Kobieta      0
Mê¿czyzna    1
NaN         -1
dtype: int64}]))),
                ('onehot_encoding',
                 TransformerWrapper(include=['age', 'edu_level', 'fav_animals',
                                             'fav_place'],
                                    transformer=OneHotEncoder(cols=['age',
                                                                    'edu_level',
                                                                    'fav_animals',
                                                                    'fav_place'],
                                                              handle_missing='return_nan',
                                                              use_cat_names=True))),
                ('trained_model', KMeans(random_state=123))]), ml_usecase=None)
2026-05-02 23:28:06,123:INFO:Set up data.
2026-05-02 23:34:56,353:INFO:Initializing predict_model()
2026-05-02 23:34:56,353:INFO:predict_model(self=<pycaret.clustering.oop.ClusteringExperiment object at 0x0000021A49236C50>, estimator=Pipeline(memory=Memory(location=None),
         steps=[('numerical_imputer',
                 TransformerWrapper(include=[], transformer=SimpleImputer())),
                ('categorical_imputer',
                 TransformerWrapper(include=['age', 'edu_level', 'fav_animals',
                                             'fav_place', 'gender'],
                                    transformer=SimpleImputer(strategy='most_frequent'))),
                ('ordinal_encoding',
                 TransformerWrapper(include=['gender'],
                                    transfo...
                                                               mapping=[{'col': 'gender',
                                                                         'data_type': dtype('O'),
                                                                         'mapping': Kobieta      0
Mê¿czyzna    1
NaN         -1
dtype: int64}]))),
                ('onehot_encoding',
                 TransformerWrapper(include=['age', 'edu_level', 'fav_animals',
                                             'fav_place'],
                                    transformer=OneHotEncoder(cols=['age',
                                                                    'edu_level',
                                                                    'fav_animals',
                                                                    'fav_place'],
                                                              handle_missing='return_nan',
                                                              use_cat_names=True))),
                ('trained_model', KMeans(random_state=123))]), ml_usecase=None)
2026-05-02 23:34:56,354:INFO:Set up data.
2026-05-02 23:37:47,767:INFO:Initializing predict_model()
2026-05-02 23:37:47,768:INFO:predict_model(self=<pycaret.clustering.oop.ClusteringExperiment object at 0x0000021A8F5C5890>, estimator=Pipeline(memory=Memory(location=None),
         steps=[('numerical_imputer',
                 TransformerWrapper(include=[], transformer=SimpleImputer())),
                ('categorical_imputer',
                 TransformerWrapper(include=['age', 'edu_level', 'fav_animals',
                                             'fav_place', 'gender'],
                                    transformer=SimpleImputer(strategy='most_frequent'))),
                ('ordinal_encoding',
                 TransformerWrapper(include=['gender'],
                                    transfo...
                                                               mapping=[{'col': 'gender',
                                                                         'data_type': dtype('O'),
                                                                         'mapping': Kobieta      0
Mê¿czyzna    1
NaN         -1
dtype: int64}]))),
                ('onehot_encoding',
                 TransformerWrapper(include=['age', 'edu_level', 'fav_animals',
                                             'fav_place'],
                                    transformer=OneHotEncoder(cols=['age',
                                                                    'edu_level',
                                                                    'fav_animals',
                                                                    'fav_place'],
                                                              handle_missing='return_nan',
                                                              use_cat_names=True))),
                ('trained_model', KMeans(random_state=123))]), ml_usecase=None)
2026-05-02 23:37:47,768:INFO:Set up data.
2026-05-02 23:37:47,863:INFO:Initializing predict_model()
2026-05-02 23:37:47,863:INFO:predict_model(self=<pycaret.clustering.oop.ClusteringExperiment object at 0x0000021A8F5C5850>, estimator=Pipeline(memory=Memory(location=None),
         steps=[('numerical_imputer',
                 TransformerWrapper(include=[], transformer=SimpleImputer())),
                ('categorical_imputer',
                 TransformerWrapper(include=['age', 'edu_level', 'fav_animals',
                                             'fav_place', 'gender'],
                                    transformer=SimpleImputer(strategy='most_frequent'))),
                ('ordinal_encoding',
                 TransformerWrapper(include=['gender'],
                                    transfo...
                                                               mapping=[{'col': 'gender',
                                                                         'data_type': dtype('O'),
                                                                         'mapping': Kobieta      0
Mê¿czyzna    1
NaN         -1
dtype: int64}]))),
                ('onehot_encoding',
                 TransformerWrapper(include=['age', 'edu_level', 'fav_animals',
                                             'fav_place'],
                                    transformer=OneHotEncoder(cols=['age',
                                                                    'edu_level',
                                                                    'fav_animals',
                                                                    'fav_place'],
                                                              handle_missing='return_nan',
                                                              use_cat_names=True))),
                ('trained_model', KMeans(random_state=123))]), ml_usecase=None)
2026-05-02 23:37:47,863:INFO:Set up data.
2026-05-02 23:37:47,975:INFO:Initializing predict_model()
2026-05-02 23:37:47,975:INFO:predict_model(self=<pycaret.clustering.oop.ClusteringExperiment object at 0x0000021A8F0D0450>, estimator=Pipeline(memory=Memory(location=None),
         steps=[('numerical_imputer',
                 TransformerWrapper(include=[], transformer=SimpleImputer())),
                ('categorical_imputer',
                 TransformerWrapper(include=['age', 'edu_level', 'fav_animals',
                                             'fav_place', 'gender'],
                                    transformer=SimpleImputer(strategy='most_frequent'))),
                ('ordinal_encoding',
                 TransformerWrapper(include=['gender'],
                                    transfo...
                                                               mapping=[{'col': 'gender',
                                                                         'data_type': dtype('O'),
                                                                         'mapping': Kobieta      0
Mê¿czyzna    1
NaN         -1
dtype: int64}]))),
                ('onehot_encoding',
                 TransformerWrapper(include=['age', 'edu_level', 'fav_animals',
                                             'fav_place'],
                                    transformer=OneHotEncoder(cols=['age',
                                                                    'edu_level',
                                                                    'fav_animals',
                                                                    'fav_place'],
                                                              handle_missing='return_nan',
                                                              use_cat_names=True))),
                ('trained_model', KMeans(random_state=123))]), ml_usecase=None)
2026-05-02 23:37:47,975:INFO:Set up data.
2026-05-02 23:37:55,338:INFO:Initializing predict_model()
2026-05-02 23:37:55,340:INFO:predict_model(self=<pycaret.clustering.oop.ClusteringExperiment object at 0x0000021A8EB0ECD0>, estimator=Pipeline(memory=Memory(location=None),
         steps=[('numerical_imputer',
                 TransformerWrapper(include=[], transformer=SimpleImputer())),
                ('categorical_imputer',
                 TransformerWrapper(include=['age', 'edu_level', 'fav_animals',
                                             'fav_place', 'gender'],
                                    transformer=SimpleImputer(strategy='most_frequent'))),
                ('ordinal_encoding',
                 TransformerWrapper(include=['gender'],
                                    transfo...
                                                               mapping=[{'col': 'gender',
                                                                         'data_type': dtype('O'),
                                                                         'mapping': Kobieta      0
Mê¿czyzna    1
NaN         -1
dtype: int64}]))),
                ('onehot_encoding',
                 TransformerWrapper(include=['age', 'edu_level', 'fav_animals',
                                             'fav_place'],
                                    transformer=OneHotEncoder(cols=['age',
                                                                    'edu_level',
                                                                    'fav_animals',
                                                                    'fav_place'],
                                                              handle_missing='return_nan',
                                                              use_cat_names=True))),
                ('trained_model', KMeans(random_state=123))]), ml_usecase=None)
2026-05-02 23:37:55,340:INFO:Set up data.
2026-05-02 23:37:55,448:INFO:Initializing predict_model()
2026-05-02 23:37:55,448:INFO:predict_model(self=<pycaret.clustering.oop.ClusteringExperiment object at 0x0000021A909F0910>, estimator=Pipeline(memory=Memory(location=None),
         steps=[('numerical_imputer',
                 TransformerWrapper(include=[], transformer=SimpleImputer())),
                ('categorical_imputer',
                 TransformerWrapper(include=['age', 'edu_level', 'fav_animals',
                                             'fav_place', 'gender'],
                                    transformer=SimpleImputer(strategy='most_frequent'))),
                ('ordinal_encoding',
                 TransformerWrapper(include=['gender'],
                                    transfo...
                                                               mapping=[{'col': 'gender',
                                                                         'data_type': dtype('O'),
                                                                         'mapping': Kobieta      0
Mê¿czyzna    1
NaN         -1
dtype: int64}]))),
                ('onehot_encoding',
                 TransformerWrapper(include=['age', 'edu_level', 'fav_animals',
                                             'fav_place'],
                                    transformer=OneHotEncoder(cols=['age',
                                                                    'edu_level',
                                                                    'fav_animals',
                                                                    'fav_place'],
                                                              handle_missing='return_nan',
                                                              use_cat_names=True))),
                ('trained_model', KMeans(random_state=123))]), ml_usecase=None)
2026-05-02 23:37:55,448:INFO:Set up data.
2026-05-02 23:37:55,538:INFO:Initializing predict_model()
2026-05-02 23:37:55,539:INFO:predict_model(self=<pycaret.clustering.oop.ClusteringExperiment object at 0x0000021A491F5550>, estimator=Pipeline(memory=Memory(location=None),
         steps=[('numerical_imputer',
                 TransformerWrapper(include=[], transformer=SimpleImputer())),
                ('categorical_imputer',
                 TransformerWrapper(include=['age', 'edu_level', 'fav_animals',
                                             'fav_place', 'gender'],
                                    transformer=SimpleImputer(strategy='most_frequent'))),
                ('ordinal_encoding',
                 TransformerWrapper(include=['gender'],
                                    transfo...
                                                               mapping=[{'col': 'gender',
                                                                         'data_type': dtype('O'),
                                                                         'mapping': Kobieta      0
Mê¿czyzna    1
NaN         -1
dtype: int64}]))),
                ('onehot_encoding',
                 TransformerWrapper(include=['age', 'edu_level', 'fav_animals',
                                             'fav_place'],
                                    transformer=OneHotEncoder(cols=['age',
                                                                    'edu_level',
                                                                    'fav_animals',
                                                                    'fav_place'],
                                                              handle_missing='return_nan',
                                                              use_cat_names=True))),
                ('trained_model', KMeans(random_state=123))]), ml_usecase=None)
2026-05-02 23:37:55,539:INFO:Set up data.
2026-05-02 23:38:15,223:INFO:Initializing predict_model()
2026-05-02 23:38:15,223:INFO:predict_model(self=<pycaret.clustering.oop.ClusteringExperiment object at 0x0000021A8F511AD0>, estimator=Pipeline(memory=Memory(location=None),
         steps=[('numerical_imputer',
                 TransformerWrapper(include=[], transformer=SimpleImputer())),
                ('categorical_imputer',
                 TransformerWrapper(include=['age', 'edu_level', 'fav_animals',
                                             'fav_place', 'gender'],
                                    transformer=SimpleImputer(strategy='most_frequent'))),
                ('ordinal_encoding',
                 TransformerWrapper(include=['gender'],
                                    transfo...
                                                               mapping=[{'col': 'gender',
                                                                         'data_type': dtype('O'),
                                                                         'mapping': Kobieta      0
Mê¿czyzna    1
NaN         -1
dtype: int64}]))),
                ('onehot_encoding',
                 TransformerWrapper(include=['age', 'edu_level', 'fav_animals',
                                             'fav_place'],
                                    transformer=OneHotEncoder(cols=['age',
                                                                    'edu_level',
                                                                    'fav_animals',
                                                                    'fav_place'],
                                                              handle_missing='return_nan',
                                                              use_cat_names=True))),
                ('trained_model', KMeans(random_state=123))]), ml_usecase=None)
2026-05-02 23:38:15,223:INFO:Set up data.
2026-05-02 23:38:15,304:INFO:Initializing predict_model()
2026-05-02 23:38:15,305:INFO:predict_model(self=<pycaret.clustering.oop.ClusteringExperiment object at 0x0000021A8F510790>, estimator=Pipeline(memory=Memory(location=None),
         steps=[('numerical_imputer',
                 TransformerWrapper(include=[], transformer=SimpleImputer())),
                ('categorical_imputer',
                 TransformerWrapper(include=['age', 'edu_level', 'fav_animals',
                                             'fav_place', 'gender'],
                                    transformer=SimpleImputer(strategy='most_frequent'))),
                ('ordinal_encoding',
                 TransformerWrapper(include=['gender'],
                                    transfo...
                                                               mapping=[{'col': 'gender',
                                                                         'data_type': dtype('O'),
                                                                         'mapping': Kobieta      0
Mê¿czyzna    1
NaN         -1
dtype: int64}]))),
                ('onehot_encoding',
                 TransformerWrapper(include=['age', 'edu_level', 'fav_animals',
                                             'fav_place'],
                                    transformer=OneHotEncoder(cols=['age',
                                                                    'edu_level',
                                                                    'fav_animals',
                                                                    'fav_place'],
                                                              handle_missing='return_nan',
                                                              use_cat_names=True))),
                ('trained_model', KMeans(random_state=123))]), ml_usecase=None)
2026-05-02 23:38:15,305:INFO:Set up data.
2026-05-02 23:38:15,383:INFO:Initializing predict_model()
2026-05-02 23:38:15,384:INFO:predict_model(self=<pycaret.clustering.oop.ClusteringExperiment object at 0x0000021A8F762190>, estimator=Pipeline(memory=Memory(location=None),
         steps=[('numerical_imputer',
                 TransformerWrapper(include=[], transformer=SimpleImputer())),
                ('categorical_imputer',
                 TransformerWrapper(include=['age', 'edu_level', 'fav_animals',
                                             'fav_place', 'gender'],
                                    transformer=SimpleImputer(strategy='most_frequent'))),
                ('ordinal_encoding',
                 TransformerWrapper(include=['gender'],
                                    transfo...
                                                               mapping=[{'col': 'gender',
                                                                         'data_type': dtype('O'),
                                                                         'mapping': Kobieta      0
Mê¿czyzna    1
NaN         -1
dtype: int64}]))),
                ('onehot_encoding',
                 TransformerWrapper(include=['age', 'edu_level', 'fav_animals',
                                             'fav_place'],
                                    transformer=OneHotEncoder(cols=['age',
                                                                    'edu_level',
                                                                    'fav_animals',
                                                                    'fav_place'],
                                                              handle_missing='return_nan',
                                                              use_cat_names=True))),
                ('trained_model', KMeans(random_state=123))]), ml_usecase=None)
2026-05-02 23:38:15,384:INFO:Set up data.
2026-05-02 23:38:17,119:INFO:Initializing predict_model()
2026-05-02 23:38:17,119:INFO:predict_model(self=<pycaret.clustering.oop.ClusteringExperiment object at 0x0000021A909E7550>, estimator=Pipeline(memory=Memory(location=None),
         steps=[('numerical_imputer',
                 TransformerWrapper(include=[], transformer=SimpleImputer())),
                ('categorical_imputer',
                 TransformerWrapper(include=['age', 'edu_level', 'fav_animals',
                                             'fav_place', 'gender'],
                                    transformer=SimpleImputer(strategy='most_frequent'))),
                ('ordinal_encoding',
                 TransformerWrapper(include=['gender'],
                                    transfo...
                                                               mapping=[{'col': 'gender',
                                                                         'data_type': dtype('O'),
                                                                         'mapping': Kobieta      0
Mê¿czyzna    1
NaN         -1
dtype: int64}]))),
                ('onehot_encoding',
                 TransformerWrapper(include=['age', 'edu_level', 'fav_animals',
                                             'fav_place'],
                                    transformer=OneHotEncoder(cols=['age',
                                                                    'edu_level',
                                                                    'fav_animals',
                                                                    'fav_place'],
                                                              handle_missing='return_nan',
                                                              use_cat_names=True))),
                ('trained_model', KMeans(random_state=123))]), ml_usecase=None)
2026-05-02 23:38:17,119:INFO:Set up data.
2026-05-02 23:38:17,200:INFO:Initializing predict_model()
2026-05-02 23:38:17,200:INFO:predict_model(self=<pycaret.clustering.oop.ClusteringExperiment object at 0x0000021A909E7A90>, estimator=Pipeline(memory=Memory(location=None),
         steps=[('numerical_imputer',
                 TransformerWrapper(include=[], transformer=SimpleImputer())),
                ('categorical_imputer',
                 TransformerWrapper(include=['age', 'edu_level', 'fav_animals',
                                             'fav_place', 'gender'],
                                    transformer=SimpleImputer(strategy='most_frequent'))),
                ('ordinal_encoding',
                 TransformerWrapper(include=['gender'],
                                    transfo...
                                                               mapping=[{'col': 'gender',
                                                                         'data_type': dtype('O'),
                                                                         'mapping': Kobieta      0
Mê¿czyzna    1
NaN         -1
dtype: int64}]))),
                ('onehot_encoding',
                 TransformerWrapper(include=['age', 'edu_level', 'fav_animals',
                                             'fav_place'],
                                    transformer=OneHotEncoder(cols=['age',
                                                                    'edu_level',
                                                                    'fav_animals',
                                                                    'fav_place'],
                                                              handle_missing='return_nan',
                                                              use_cat_names=True))),
                ('trained_model', KMeans(random_state=123))]), ml_usecase=None)
2026-05-02 23:38:17,200:INFO:Set up data.
2026-05-02 23:38:17,301:INFO:Initializing predict_model()
2026-05-02 23:38:17,302:INFO:predict_model(self=<pycaret.clustering.oop.ClusteringExperiment object at 0x0000021A8F400C90>, estimator=Pipeline(memory=Memory(location=None),
         steps=[('numerical_imputer',
                 TransformerWrapper(include=[], transformer=SimpleImputer())),
                ('categorical_imputer',
                 TransformerWrapper(include=['age', 'edu_level', 'fav_animals',
                                             'fav_place', 'gender'],
                                    transformer=SimpleImputer(strategy='most_frequent'))),
                ('ordinal_encoding',
                 TransformerWrapper(include=['gender'],
                                    transfo...
                                                               mapping=[{'col': 'gender',
                                                                         'data_type': dtype('O'),
                                                                         'mapping': Kobieta      0
Mê¿czyzna    1
NaN         -1
dtype: int64}]))),
                ('onehot_encoding',
                 TransformerWrapper(include=['age', 'edu_level', 'fav_animals',
                                             'fav_place'],
                                    transformer=OneHotEncoder(cols=['age',
                                                                    'edu_level',
                                                                    'fav_animals',
                                                                    'fav_place'],
                                                              handle_missing='return_nan',
                                                              use_cat_names=True))),
                ('trained_model', KMeans(random_state=123))]), ml_usecase=None)
2026-05-02 23:38:17,302:INFO:Set up data.
2026-05-02 23:38:19,229:INFO:Initializing predict_model()
2026-05-02 23:38:19,230:INFO:predict_model(self=<pycaret.clustering.oop.ClusteringExperiment object at 0x0000021A14022110>, estimator=Pipeline(memory=Memory(location=None),
         steps=[('numerical_imputer',
                 TransformerWrapper(include=[], transformer=SimpleImputer())),
                ('categorical_imputer',
                 TransformerWrapper(include=['age', 'edu_level', 'fav_animals',
                                             'fav_place', 'gender'],
                                    transformer=SimpleImputer(strategy='most_frequent'))),
                ('ordinal_encoding',
                 TransformerWrapper(include=['gender'],
                                    transfo...
                                                               mapping=[{'col': 'gender',
                                                                         'data_type': dtype('O'),
                                                                         'mapping': Kobieta      0
Mê¿czyzna    1
NaN         -1
dtype: int64}]))),
                ('onehot_encoding',
                 TransformerWrapper(include=['age', 'edu_level', 'fav_animals',
                                             'fav_place'],
                                    transformer=OneHotEncoder(cols=['age',
                                                                    'edu_level',
                                                                    'fav_animals',
                                                                    'fav_place'],
                                                              handle_missing='return_nan',
                                                              use_cat_names=True))),
                ('trained_model', KMeans(random_state=123))]), ml_usecase=None)
2026-05-02 23:38:19,230:INFO:Set up data.
2026-05-02 23:38:19,303:INFO:Initializing predict_model()
2026-05-02 23:38:19,303:INFO:predict_model(self=<pycaret.clustering.oop.ClusteringExperiment object at 0x0000021A90A669D0>, estimator=Pipeline(memory=Memory(location=None),
         steps=[('numerical_imputer',
                 TransformerWrapper(include=[], transformer=SimpleImputer())),
                ('categorical_imputer',
                 TransformerWrapper(include=['age', 'edu_level', 'fav_animals',
                                             'fav_place', 'gender'],
                                    transformer=SimpleImputer(strategy='most_frequent'))),
                ('ordinal_encoding',
                 TransformerWrapper(include=['gender'],
                                    transfo...
                                                               mapping=[{'col': 'gender',
                                                                         'data_type': dtype('O'),
                                                                         'mapping': Kobieta      0
Mê¿czyzna    1
NaN         -1
dtype: int64}]))),
                ('onehot_encoding',
                 TransformerWrapper(include=['age', 'edu_level', 'fav_animals',
                                             'fav_place'],
                                    transformer=OneHotEncoder(cols=['age',
                                                                    'edu_level',
                                                                    'fav_animals',
                                                                    'fav_place'],
                                                              handle_missing='return_nan',
                                                              use_cat_names=True))),
                ('trained_model', KMeans(random_state=123))]), ml_usecase=None)
2026-05-02 23:38:19,303:INFO:Set up data.
2026-05-02 23:38:19,377:INFO:Initializing predict_model()
2026-05-02 23:38:19,377:INFO:predict_model(self=<pycaret.clustering.oop.ClusteringExperiment object at 0x0000021A8F668550>, estimator=Pipeline(memory=Memory(location=None),
         steps=[('numerical_imputer',
                 TransformerWrapper(include=[], transformer=SimpleImputer())),
                ('categorical_imputer',
                 TransformerWrapper(include=['age', 'edu_level', 'fav_animals',
                                             'fav_place', 'gender'],
                                    transformer=SimpleImputer(strategy='most_frequent'))),
                ('ordinal_encoding',
                 TransformerWrapper(include=['gender'],
                                    transfo...
                                                               mapping=[{'col': 'gender',
                                                                         'data_type': dtype('O'),
                                                                         'mapping': Kobieta      0
Mê¿czyzna    1
NaN         -1
dtype: int64}]))),
                ('onehot_encoding',
                 TransformerWrapper(include=['age', 'edu_level', 'fav_animals',
                                             'fav_place'],
                                    transformer=OneHotEncoder(cols=['age',
                                                                    'edu_level',
                                                                    'fav_animals',
                                                                    'fav_place'],
                                                              handle_missing='return_nan',
                                                              use_cat_names=True))),
                ('trained_model', KMeans(random_state=123))]), ml_usecase=None)
2026-05-02 23:38:19,378:INFO:Set up data.
2026-05-02 23:38:21,924:INFO:Initializing predict_model()
2026-05-02 23:38:21,924:INFO:predict_model(self=<pycaret.clustering.oop.ClusteringExperiment object at 0x0000021A909C2650>, estimator=Pipeline(memory=Memory(location=None),
         steps=[('numerical_imputer',
                 TransformerWrapper(include=[], transformer=SimpleImputer())),
                ('categorical_imputer',
                 TransformerWrapper(include=['age', 'edu_level', 'fav_animals',
                                             'fav_place', 'gender'],
                                    transformer=SimpleImputer(strategy='most_frequent'))),
                ('ordinal_encoding',
                 TransformerWrapper(include=['gender'],
                                    transfo...
                                                               mapping=[{'col': 'gender',
                                                                         'data_type': dtype('O'),
                                                                         'mapping': Kobieta      0
Mê¿czyzna    1
NaN         -1
dtype: int64}]))),
                ('onehot_encoding',
                 TransformerWrapper(include=['age', 'edu_level', 'fav_animals',
                                             'fav_place'],
                                    transformer=OneHotEncoder(cols=['age',
                                                                    'edu_level',
                                                                    'fav_animals',
                                                                    'fav_place'],
                                                              handle_missing='return_nan',
                                                              use_cat_names=True))),
                ('trained_model', KMeans(random_state=123))]), ml_usecase=None)
2026-05-02 23:38:21,924:INFO:Set up data.
2026-05-02 23:38:22,010:INFO:Initializing predict_model()
2026-05-02 23:38:22,010:INFO:predict_model(self=<pycaret.clustering.oop.ClusteringExperiment object at 0x0000021A909C05D0>, estimator=Pipeline(memory=Memory(location=None),
         steps=[('numerical_imputer',
                 TransformerWrapper(include=[], transformer=SimpleImputer())),
                ('categorical_imputer',
                 TransformerWrapper(include=['age', 'edu_level', 'fav_animals',
                                             'fav_place', 'gender'],
                                    transformer=SimpleImputer(strategy='most_frequent'))),
                ('ordinal_encoding',
                 TransformerWrapper(include=['gender'],
                                    transfo...
                                                               mapping=[{'col': 'gender',
                                                                         'data_type': dtype('O'),
                                                                         'mapping': Kobieta      0
Mê¿czyzna    1
NaN         -1
dtype: int64}]))),
                ('onehot_encoding',
                 TransformerWrapper(include=['age', 'edu_level', 'fav_animals',
                                             'fav_place'],
                                    transformer=OneHotEncoder(cols=['age',
                                                                    'edu_level',
                                                                    'fav_animals',
                                                                    'fav_place'],
                                                              handle_missing='return_nan',
                                                              use_cat_names=True))),
                ('trained_model', KMeans(random_state=123))]), ml_usecase=None)
2026-05-02 23:38:22,010:INFO:Set up data.
2026-05-02 23:38:22,108:INFO:Initializing predict_model()
2026-05-02 23:38:22,108:INFO:predict_model(self=<pycaret.clustering.oop.ClusteringExperiment object at 0x0000021A8E7C4250>, estimator=Pipeline(memory=Memory(location=None),
         steps=[('numerical_imputer',
                 TransformerWrapper(include=[], transformer=SimpleImputer())),
                ('categorical_imputer',
                 TransformerWrapper(include=['age', 'edu_level', 'fav_animals',
                                             'fav_place', 'gender'],
                                    transformer=SimpleImputer(strategy='most_frequent'))),
                ('ordinal_encoding',
                 TransformerWrapper(include=['gender'],
                                    transfo...
                                                               mapping=[{'col': 'gender',
                                                                         'data_type': dtype('O'),
                                                                         'mapping': Kobieta      0
Mê¿czyzna    1
NaN         -1
dtype: int64}]))),
                ('onehot_encoding',
                 TransformerWrapper(include=['age', 'edu_level', 'fav_animals',
                                             'fav_place'],
                                    transformer=OneHotEncoder(cols=['age',
                                                                    'edu_level',
                                                                    'fav_animals',
                                                                    'fav_place'],
                                                              handle_missing='return_nan',
                                                              use_cat_names=True))),
                ('trained_model', KMeans(random_state=123))]), ml_usecase=None)
2026-05-02 23:38:22,109:INFO:Set up data.
2026-05-02 23:38:24,728:INFO:Initializing predict_model()
2026-05-02 23:38:24,728:INFO:predict_model(self=<pycaret.clustering.oop.ClusteringExperiment object at 0x0000021A8F51B4D0>, estimator=Pipeline(memory=Memory(location=None),
         steps=[('numerical_imputer',
                 TransformerWrapper(include=[], transformer=SimpleImputer())),
                ('categorical_imputer',
                 TransformerWrapper(include=['age', 'edu_level', 'fav_animals',
                                             'fav_place', 'gender'],
                                    transformer=SimpleImputer(strategy='most_frequent'))),
                ('ordinal_encoding',
                 TransformerWrapper(include=['gender'],
                                    transfo...
                                                               mapping=[{'col': 'gender',
                                                                         'data_type': dtype('O'),
                                                                         'mapping': Kobieta      0
Mê¿czyzna    1
NaN         -1
dtype: int64}]))),
                ('onehot_encoding',
                 TransformerWrapper(include=['age', 'edu_level', 'fav_animals',
                                             'fav_place'],
                                    transformer=OneHotEncoder(cols=['age',
                                                                    'edu_level',
                                                                    'fav_animals',
                                                                    'fav_place'],
                                                              handle_missing='return_nan',
                                                              use_cat_names=True))),
                ('trained_model', KMeans(random_state=123))]), ml_usecase=None)
2026-05-02 23:38:24,728:INFO:Set up data.
2026-05-02 23:38:24,803:INFO:Initializing predict_model()
2026-05-02 23:38:24,804:INFO:predict_model(self=<pycaret.clustering.oop.ClusteringExperiment object at 0x0000021A8F51B790>, estimator=Pipeline(memory=Memory(location=None),
         steps=[('numerical_imputer',
                 TransformerWrapper(include=[], transformer=SimpleImputer())),
                ('categorical_imputer',
                 TransformerWrapper(include=['age', 'edu_level', 'fav_animals',
                                             'fav_place', 'gender'],
                                    transformer=SimpleImputer(strategy='most_frequent'))),
                ('ordinal_encoding',
                 TransformerWrapper(include=['gender'],
                                    transfo...
                                                               mapping=[{'col': 'gender',
                                                                         'data_type': dtype('O'),
                                                                         'mapping': Kobieta      0
Mê¿czyzna    1
NaN         -1
dtype: int64}]))),
                ('onehot_encoding',
                 TransformerWrapper(include=['age', 'edu_level', 'fav_animals',
                                             'fav_place'],
                                    transformer=OneHotEncoder(cols=['age',
                                                                    'edu_level',
                                                                    'fav_animals',
                                                                    'fav_place'],
                                                              handle_missing='return_nan',
                                                              use_cat_names=True))),
                ('trained_model', KMeans(random_state=123))]), ml_usecase=None)
2026-05-02 23:38:24,804:INFO:Set up data.
2026-05-02 23:38:24,886:INFO:Initializing predict_model()
2026-05-02 23:38:24,887:INFO:predict_model(self=<pycaret.clustering.oop.ClusteringExperiment object at 0x0000021A8E95F390>, estimator=Pipeline(memory=Memory(location=None),
         steps=[('numerical_imputer',
                 TransformerWrapper(include=[], transformer=SimpleImputer())),
                ('categorical_imputer',
                 TransformerWrapper(include=['age', 'edu_level', 'fav_animals',
                                             'fav_place', 'gender'],
                                    transformer=SimpleImputer(strategy='most_frequent'))),
                ('ordinal_encoding',
                 TransformerWrapper(include=['gender'],
                                    transfo...
                                                               mapping=[{'col': 'gender',
                                                                         'data_type': dtype('O'),
                                                                         'mapping': Kobieta      0
Mê¿czyzna    1
NaN         -1
dtype: int64}]))),
                ('onehot_encoding',
                 TransformerWrapper(include=['age', 'edu_level', 'fav_animals',
                                             'fav_place'],
                                    transformer=OneHotEncoder(cols=['age',
                                                                    'edu_level',
                                                                    'fav_animals',
                                                                    'fav_place'],
                                                              handle_missing='return_nan',
                                                              use_cat_names=True))),
                ('trained_model', KMeans(random_state=123))]), ml_usecase=None)
2026-05-02 23:38:24,887:INFO:Set up data.
2026-05-02 23:38:28,089:INFO:Initializing predict_model()
2026-05-02 23:38:28,089:INFO:predict_model(self=<pycaret.clustering.oop.ClusteringExperiment object at 0x0000021A8EA24990>, estimator=Pipeline(memory=Memory(location=None),
         steps=[('numerical_imputer',
                 TransformerWrapper(include=[], transformer=SimpleImputer())),
                ('categorical_imputer',
                 TransformerWrapper(include=['age', 'edu_level', 'fav_animals',
                                             'fav_place', 'gender'],
                                    transformer=SimpleImputer(strategy='most_frequent'))),
                ('ordinal_encoding',
                 TransformerWrapper(include=['gender'],
                                    transfo...
                                                               mapping=[{'col': 'gender',
                                                                         'data_type': dtype('O'),
                                                                         'mapping': Kobieta      0
Mê¿czyzna    1
NaN         -1
dtype: int64}]))),
                ('onehot_encoding',
                 TransformerWrapper(include=['age', 'edu_level', 'fav_animals',
                                             'fav_place'],
                                    transformer=OneHotEncoder(cols=['age',
                                                                    'edu_level',
                                                                    'fav_animals',
                                                                    'fav_place'],
                                                              handle_missing='return_nan',
                                                              use_cat_names=True))),
                ('trained_model', KMeans(random_state=123))]), ml_usecase=None)
2026-05-02 23:38:28,089:INFO:Set up data.
2026-05-02 23:38:28,170:INFO:Initializing predict_model()
2026-05-02 23:38:28,171:INFO:predict_model(self=<pycaret.clustering.oop.ClusteringExperiment object at 0x0000021A8EA24B90>, estimator=Pipeline(memory=Memory(location=None),
         steps=[('numerical_imputer',
                 TransformerWrapper(include=[], transformer=SimpleImputer())),
                ('categorical_imputer',
                 TransformerWrapper(include=['age', 'edu_level', 'fav_animals',
                                             'fav_place', 'gender'],
                                    transformer=SimpleImputer(strategy='most_frequent'))),
                ('ordinal_encoding',
                 TransformerWrapper(include=['gender'],
                                    transfo...
                                                               mapping=[{'col': 'gender',
                                                                         'data_type': dtype('O'),
                                                                         'mapping': Kobieta      0
Mê¿czyzna    1
NaN         -1
dtype: int64}]))),
                ('onehot_encoding',
                 TransformerWrapper(include=['age', 'edu_level', 'fav_animals',
                                             'fav_place'],
                                    transformer=OneHotEncoder(cols=['age',
                                                                    'edu_level',
                                                                    'fav_animals',
                                                                    'fav_place'],
                                                              handle_missing='return_nan',
                                                              use_cat_names=True))),
                ('trained_model', KMeans(random_state=123))]), ml_usecase=None)
2026-05-02 23:38:28,171:INFO:Set up data.
2026-05-02 23:38:28,247:INFO:Initializing predict_model()
2026-05-02 23:38:28,248:INFO:predict_model(self=<pycaret.clustering.oop.ClusteringExperiment object at 0x0000021A8F42F690>, estimator=Pipeline(memory=Memory(location=None),
         steps=[('numerical_imputer',
                 TransformerWrapper(include=[], transformer=SimpleImputer())),
                ('categorical_imputer',
                 TransformerWrapper(include=['age', 'edu_level', 'fav_animals',
                                             'fav_place', 'gender'],
                                    transformer=SimpleImputer(strategy='most_frequent'))),
                ('ordinal_encoding',
                 TransformerWrapper(include=['gender'],
                                    transfo...
                                                               mapping=[{'col': 'gender',
                                                                         'data_type': dtype('O'),
                                                                         'mapping': Kobieta      0
Mê¿czyzna    1
NaN         -1
dtype: int64}]))),
                ('onehot_encoding',
                 TransformerWrapper(include=['age', 'edu_level', 'fav_animals',
                                             'fav_place'],
                                    transformer=OneHotEncoder(cols=['age',
                                                                    'edu_level',
                                                                    'fav_animals',
                                                                    'fav_place'],
                                                              handle_missing='return_nan',
                                                              use_cat_names=True))),
                ('trained_model', KMeans(random_state=123))]), ml_usecase=None)
2026-05-02 23:38:28,248:INFO:Set up data.
2026-05-02 23:41:28,478:INFO:Initializing predict_model()
2026-05-02 23:41:28,478:INFO:predict_model(self=<pycaret.clustering.oop.ClusteringExperiment object at 0x0000021A90C254D0>, estimator=Pipeline(memory=Memory(location=None),
         steps=[('numerical_imputer',
                 TransformerWrapper(include=[], transformer=SimpleImputer())),
                ('categorical_imputer',
                 TransformerWrapper(include=['age', 'edu_level', 'fav_animals',
                                             'fav_place', 'gender'],
                                    transformer=SimpleImputer(strategy='most_frequent'))),
                ('ordinal_encoding',
                 TransformerWrapper(include=['gender'],
                                    transfo...
                                                               mapping=[{'col': 'gender',
                                                                         'data_type': dtype('O'),
                                                                         'mapping': Kobieta      0
Mê¿czyzna    1
NaN         -1
dtype: int64}]))),
                ('onehot_encoding',
                 TransformerWrapper(include=['age', 'edu_level', 'fav_animals',
                                             'fav_place'],
                                    transformer=OneHotEncoder(cols=['age',
                                                                    'edu_level',
                                                                    'fav_animals',
                                                                    'fav_place'],
                                                              handle_missing='return_nan',
                                                              use_cat_names=True))),
                ('trained_model', KMeans(random_state=123))]), ml_usecase=None)
2026-05-02 23:41:28,479:INFO:Set up data.
2026-05-02 23:41:28,537:INFO:Initializing predict_model()
2026-05-02 23:41:28,537:INFO:predict_model(self=<pycaret.clustering.oop.ClusteringExperiment object at 0x0000021A8F72E150>, estimator=Pipeline(memory=Memory(location=None),
         steps=[('numerical_imputer',
                 TransformerWrapper(include=[], transformer=SimpleImputer())),
                ('categorical_imputer',
                 TransformerWrapper(include=['age', 'edu_level', 'fav_animals',
                                             'fav_place', 'gender'],
                                    transformer=SimpleImputer(strategy='most_frequent'))),
                ('ordinal_encoding',
                 TransformerWrapper(include=['gender'],
                                    transfo...
                                                               mapping=[{'col': 'gender',
                                                                         'data_type': dtype('O'),
                                                                         'mapping': Kobieta      0
Mê¿czyzna    1
NaN         -1
dtype: int64}]))),
                ('onehot_encoding',
                 TransformerWrapper(include=['age', 'edu_level', 'fav_animals',
                                             'fav_place'],
                                    transformer=OneHotEncoder(cols=['age',
                                                                    'edu_level',
                                                                    'fav_animals',
                                                                    'fav_place'],
                                                              handle_missing='return_nan',
                                                              use_cat_names=True))),
                ('trained_model', KMeans(random_state=123))]), ml_usecase=None)
2026-05-02 23:41:28,537:INFO:Set up data.
2026-05-02 23:41:28,606:INFO:Initializing predict_model()
2026-05-02 23:41:28,607:INFO:predict_model(self=<pycaret.clustering.oop.ClusteringExperiment object at 0x0000021A13FF8F50>, estimator=Pipeline(memory=Memory(location=None),
         steps=[('numerical_imputer',
                 TransformerWrapper(include=[], transformer=SimpleImputer())),
                ('categorical_imputer',
                 TransformerWrapper(include=['age', 'edu_level', 'fav_animals',
                                             'fav_place', 'gender'],
                                    transformer=SimpleImputer(strategy='most_frequent'))),
                ('ordinal_encoding',
                 TransformerWrapper(include=['gender'],
                                    transfo...
                                                               mapping=[{'col': 'gender',
                                                                         'data_type': dtype('O'),
                                                                         'mapping': Kobieta      0
Mê¿czyzna    1
NaN         -1
dtype: int64}]))),
                ('onehot_encoding',
                 TransformerWrapper(include=['age', 'edu_level', 'fav_animals',
                                             'fav_place'],
                                    transformer=OneHotEncoder(cols=['age',
                                                                    'edu_level',
                                                                    'fav_animals',
                                                                    'fav_place'],
                                                              handle_missing='return_nan',
                                                              use_cat_names=True))),
                ('trained_model', KMeans(random_state=123))]), ml_usecase=None)
2026-05-02 23:41:28,607:INFO:Set up data.
2026-05-02 23:41:30,310:INFO:Initializing predict_model()
2026-05-02 23:41:30,310:INFO:predict_model(self=<pycaret.clustering.oop.ClusteringExperiment object at 0x0000021A8F505FD0>, estimator=Pipeline(memory=Memory(location=None),
         steps=[('numerical_imputer',
                 TransformerWrapper(include=[], transformer=SimpleImputer())),
                ('categorical_imputer',
                 TransformerWrapper(include=['age', 'edu_level', 'fav_animals',
                                             'fav_place', 'gender'],
                                    transformer=SimpleImputer(strategy='most_frequent'))),
                ('ordinal_encoding',
                 TransformerWrapper(include=['gender'],
                                    transfo...
                                                               mapping=[{'col': 'gender',
                                                                         'data_type': dtype('O'),
                                                                         'mapping': Kobieta      0
Mê¿czyzna    1
NaN         -1
dtype: int64}]))),
                ('onehot_encoding',
                 TransformerWrapper(include=['age', 'edu_level', 'fav_animals',
                                             'fav_place'],
                                    transformer=OneHotEncoder(cols=['age',
                                                                    'edu_level',
                                                                    'fav_animals',
                                                                    'fav_place'],
                                                              handle_missing='return_nan',
                                                              use_cat_names=True))),
                ('trained_model', KMeans(random_state=123))]), ml_usecase=None)
2026-05-02 23:41:30,310:INFO:Set up data.
2026-05-02 23:41:30,406:INFO:Initializing predict_model()
2026-05-02 23:41:30,406:INFO:predict_model(self=<pycaret.clustering.oop.ClusteringExperiment object at 0x0000021A8F474A90>, estimator=Pipeline(memory=Memory(location=None),
         steps=[('numerical_imputer',
                 TransformerWrapper(include=[], transformer=SimpleImputer())),
                ('categorical_imputer',
                 TransformerWrapper(include=['age', 'edu_level', 'fav_animals',
                                             'fav_place', 'gender'],
                                    transformer=SimpleImputer(strategy='most_frequent'))),
                ('ordinal_encoding',
                 TransformerWrapper(include=['gender'],
                                    transfo...
                                                               mapping=[{'col': 'gender',
                                                                         'data_type': dtype('O'),
                                                                         'mapping': Kobieta      0
Mê¿czyzna    1
NaN         -1
dtype: int64}]))),
                ('onehot_encoding',
                 TransformerWrapper(include=['age', 'edu_level', 'fav_animals',
                                             'fav_place'],
                                    transformer=OneHotEncoder(cols=['age',
                                                                    'edu_level',
                                                                    'fav_animals',
                                                                    'fav_place'],
                                                              handle_missing='return_nan',
                                                              use_cat_names=True))),
                ('trained_model', KMeans(random_state=123))]), ml_usecase=None)
2026-05-02 23:41:30,406:INFO:Set up data.
2026-05-02 23:41:30,491:INFO:Initializing predict_model()
2026-05-02 23:41:30,492:INFO:predict_model(self=<pycaret.clustering.oop.ClusteringExperiment object at 0x0000021A8E7AC910>, estimator=Pipeline(memory=Memory(location=None),
         steps=[('numerical_imputer',
                 TransformerWrapper(include=[], transformer=SimpleImputer())),
                ('categorical_imputer',
                 TransformerWrapper(include=['age', 'edu_level', 'fav_animals',
                                             'fav_place', 'gender'],
                                    transformer=SimpleImputer(strategy='most_frequent'))),
                ('ordinal_encoding',
                 TransformerWrapper(include=['gender'],
                                    transfo...
                                                               mapping=[{'col': 'gender',
                                                                         'data_type': dtype('O'),
                                                                         'mapping': Kobieta      0
Mê¿czyzna    1
NaN         -1
dtype: int64}]))),
                ('onehot_encoding',
                 TransformerWrapper(include=['age', 'edu_level', 'fav_animals',
                                             'fav_place'],
                                    transformer=OneHotEncoder(cols=['age',
                                                                    'edu_level',
                                                                    'fav_animals',
                                                                    'fav_place'],
                                                              handle_missing='return_nan',
                                                              use_cat_names=True))),
                ('trained_model', KMeans(random_state=123))]), ml_usecase=None)
2026-05-02 23:41:30,492:INFO:Set up data.
2026-05-02 23:41:33,147:INFO:Initializing predict_model()
2026-05-02 23:41:33,147:INFO:predict_model(self=<pycaret.clustering.oop.ClusteringExperiment object at 0x0000021A90A33110>, estimator=Pipeline(memory=Memory(location=None),
         steps=[('numerical_imputer',
                 TransformerWrapper(include=[], transformer=SimpleImputer())),
                ('categorical_imputer',
                 TransformerWrapper(include=['age', 'edu_level', 'fav_animals',
                                             'fav_place', 'gender'],
                                    transformer=SimpleImputer(strategy='most_frequent'))),
                ('ordinal_encoding',
                 TransformerWrapper(include=['gender'],
                                    transfo...
                                                               mapping=[{'col': 'gender',
                                                                         'data_type': dtype('O'),
                                                                         'mapping': Kobieta      0
Mê¿czyzna    1
NaN         -1
dtype: int64}]))),
                ('onehot_encoding',
                 TransformerWrapper(include=['age', 'edu_level', 'fav_animals',
                                             'fav_place'],
                                    transformer=OneHotEncoder(cols=['age',
                                                                    'edu_level',
                                                                    'fav_animals',
                                                                    'fav_place'],
                                                              handle_missing='return_nan',
                                                              use_cat_names=True))),
                ('trained_model', KMeans(random_state=123))]), ml_usecase=None)
2026-05-02 23:41:33,149:INFO:Set up data.
2026-05-02 23:41:33,220:INFO:Initializing predict_model()
2026-05-02 23:41:33,220:INFO:predict_model(self=<pycaret.clustering.oop.ClusteringExperiment object at 0x0000021A2D41B4D0>, estimator=Pipeline(memory=Memory(location=None),
         steps=[('numerical_imputer',
                 TransformerWrapper(include=[], transformer=SimpleImputer())),
                ('categorical_imputer',
                 TransformerWrapper(include=['age', 'edu_level', 'fav_animals',
                                             'fav_place', 'gender'],
                                    transformer=SimpleImputer(strategy='most_frequent'))),
                ('ordinal_encoding',
                 TransformerWrapper(include=['gender'],
                                    transfo...
                                                               mapping=[{'col': 'gender',
                                                                         'data_type': dtype('O'),
                                                                         'mapping': Kobieta      0
Mê¿czyzna    1
NaN         -1
dtype: int64}]))),
                ('onehot_encoding',
                 TransformerWrapper(include=['age', 'edu_level', 'fav_animals',
                                             'fav_place'],
                                    transformer=OneHotEncoder(cols=['age',
                                                                    'edu_level',
                                                                    'fav_animals',
                                                                    'fav_place'],
                                                              handle_missing='return_nan',
                                                              use_cat_names=True))),
                ('trained_model', KMeans(random_state=123))]), ml_usecase=None)
2026-05-02 23:41:33,220:INFO:Set up data.
2026-05-02 23:41:33,294:INFO:Initializing predict_model()
2026-05-02 23:41:33,294:INFO:predict_model(self=<pycaret.clustering.oop.ClusteringExperiment object at 0x0000021A8EA24990>, estimator=Pipeline(memory=Memory(location=None),
         steps=[('numerical_imputer',
                 TransformerWrapper(include=[], transformer=SimpleImputer())),
                ('categorical_imputer',
                 TransformerWrapper(include=['age', 'edu_level', 'fav_animals',
                                             'fav_place', 'gender'],
                                    transformer=SimpleImputer(strategy='most_frequent'))),
                ('ordinal_encoding',
                 TransformerWrapper(include=['gender'],
                                    transfo...
                                                               mapping=[{'col': 'gender',
                                                                         'data_type': dtype('O'),
                                                                         'mapping': Kobieta      0
Mê¿czyzna    1
NaN         -1
dtype: int64}]))),
                ('onehot_encoding',
                 TransformerWrapper(include=['age', 'edu_level', 'fav_animals',
                                             'fav_place'],
                                    transformer=OneHotEncoder(cols=['age',
                                                                    'edu_level',
                                                                    'fav_animals',
                                                                    'fav_place'],
                                                              handle_missing='return_nan',
                                                              use_cat_names=True))),
                ('trained_model', KMeans(random_state=123))]), ml_usecase=None)
2026-05-02 23:41:33,294:INFO:Set up data.
2026-05-02 23:41:37,360:INFO:Initializing predict_model()
2026-05-02 23:41:37,360:INFO:predict_model(self=<pycaret.clustering.oop.ClusteringExperiment object at 0x0000021A909EFB10>, estimator=Pipeline(memory=Memory(location=None),
         steps=[('numerical_imputer',
                 TransformerWrapper(include=[], transformer=SimpleImputer())),
                ('categorical_imputer',
                 TransformerWrapper(include=['age', 'edu_level', 'fav_animals',
                                             'fav_place', 'gender'],
                                    transformer=SimpleImputer(strategy='most_frequent'))),
                ('ordinal_encoding',
                 TransformerWrapper(include=['gender'],
                                    transfo...
                                                               mapping=[{'col': 'gender',
                                                                         'data_type': dtype('O'),
                                                                         'mapping': Kobieta      0
Mê¿czyzna    1
NaN         -1
dtype: int64}]))),
                ('onehot_encoding',
                 TransformerWrapper(include=['age', 'edu_level', 'fav_animals',
                                             'fav_place'],
                                    transformer=OneHotEncoder(cols=['age',
                                                                    'edu_level',
                                                                    'fav_animals',
                                                                    'fav_place'],
                                                              handle_missing='return_nan',
                                                              use_cat_names=True))),
                ('trained_model', KMeans(random_state=123))]), ml_usecase=None)
2026-05-02 23:41:37,360:INFO:Set up data.
2026-05-02 23:41:37,424:INFO:Initializing predict_model()
2026-05-02 23:41:37,424:INFO:predict_model(self=<pycaret.clustering.oop.ClusteringExperiment object at 0x0000021A13E2EF90>, estimator=Pipeline(memory=Memory(location=None),
         steps=[('numerical_imputer',
                 TransformerWrapper(include=[], transformer=SimpleImputer())),
                ('categorical_imputer',
                 TransformerWrapper(include=['age', 'edu_level', 'fav_animals',
                                             'fav_place', 'gender'],
                                    transformer=SimpleImputer(strategy='most_frequent'))),
                ('ordinal_encoding',
                 TransformerWrapper(include=['gender'],
                                    transfo...
                                                               mapping=[{'col': 'gender',
                                                                         'data_type': dtype('O'),
                                                                         'mapping': Kobieta      0
Mê¿czyzna    1
NaN         -1
dtype: int64}]))),
                ('onehot_encoding',
                 TransformerWrapper(include=['age', 'edu_level', 'fav_animals',
                                             'fav_place'],
                                    transformer=OneHotEncoder(cols=['age',
                                                                    'edu_level',
                                                                    'fav_animals',
                                                                    'fav_place'],
                                                              handle_missing='return_nan',
                                                              use_cat_names=True))),
                ('trained_model', KMeans(random_state=123))]), ml_usecase=None)
2026-05-02 23:41:37,424:INFO:Set up data.
2026-05-02 23:41:37,489:INFO:Initializing predict_model()
2026-05-02 23:41:37,490:INFO:predict_model(self=<pycaret.clustering.oop.ClusteringExperiment object at 0x0000021A13FA74D0>, estimator=Pipeline(memory=Memory(location=None),
         steps=[('numerical_imputer',
                 TransformerWrapper(include=[], transformer=SimpleImputer())),
                ('categorical_imputer',
                 TransformerWrapper(include=['age', 'edu_level', 'fav_animals',
                                             'fav_place', 'gender'],
                                    transformer=SimpleImputer(strategy='most_frequent'))),
                ('ordinal_encoding',
                 TransformerWrapper(include=['gender'],
                                    transfo...
                                                               mapping=[{'col': 'gender',
                                                                         'data_type': dtype('O'),
                                                                         'mapping': Kobieta      0
Mê¿czyzna    1
NaN         -1
dtype: int64}]))),
                ('onehot_encoding',
                 TransformerWrapper(include=['age', 'edu_level', 'fav_animals',
                                             'fav_place'],
                                    transformer=OneHotEncoder(cols=['age',
                                                                    'edu_level',
                                                                    'fav_animals',
                                                                    'fav_place'],
                                                              handle_missing='return_nan',
                                                              use_cat_names=True))),
                ('trained_model', KMeans(random_state=123))]), ml_usecase=None)
2026-05-02 23:41:37,490:INFO:Set up data.
2026-05-02 23:41:58,576:INFO:Initializing predict_model()
2026-05-02 23:41:58,576:INFO:predict_model(self=<pycaret.clustering.oop.ClusteringExperiment object at 0x0000021A909E3010>, estimator=Pipeline(memory=Memory(location=None),
         steps=[('numerical_imputer',
                 TransformerWrapper(include=[], transformer=SimpleImputer())),
                ('categorical_imputer',
                 TransformerWrapper(include=['age', 'edu_level', 'fav_animals',
                                             'fav_place', 'gender'],
                                    transformer=SimpleImputer(strategy='most_frequent'))),
                ('ordinal_encoding',
                 TransformerWrapper(include=['gender'],
                                    transfo...
                                                               mapping=[{'col': 'gender',
                                                                         'data_type': dtype('O'),
                                                                         'mapping': Kobieta      0
Mê¿czyzna    1
NaN         -1
dtype: int64}]))),
                ('onehot_encoding',
                 TransformerWrapper(include=['age', 'edu_level', 'fav_animals',
                                             'fav_place'],
                                    transformer=OneHotEncoder(cols=['age',
                                                                    'edu_level',
                                                                    'fav_animals',
                                                                    'fav_place'],
                                                              handle_missing='return_nan',
                                                              use_cat_names=True))),
                ('trained_model', KMeans(random_state=123))]), ml_usecase=None)
2026-05-02 23:41:58,576:INFO:Set up data.
2026-05-02 23:41:58,672:INFO:Initializing predict_model()
2026-05-02 23:41:58,673:INFO:predict_model(self=<pycaret.clustering.oop.ClusteringExperiment object at 0x0000021A909E1590>, estimator=Pipeline(memory=Memory(location=None),
         steps=[('numerical_imputer',
                 TransformerWrapper(include=[], transformer=SimpleImputer())),
                ('categorical_imputer',
                 TransformerWrapper(include=['age', 'edu_level', 'fav_animals',
                                             'fav_place', 'gender'],
                                    transformer=SimpleImputer(strategy='most_frequent'))),
                ('ordinal_encoding',
                 TransformerWrapper(include=['gender'],
                                    transfo...
                                                               mapping=[{'col': 'gender',
                                                                         'data_type': dtype('O'),
                                                                         'mapping': Kobieta      0
Mê¿czyzna    1
NaN         -1
dtype: int64}]))),
                ('onehot_encoding',
                 TransformerWrapper(include=['age', 'edu_level', 'fav_animals',
                                             'fav_place'],
                                    transformer=OneHotEncoder(cols=['age',
                                                                    'edu_level',
                                                                    'fav_animals',
                                                                    'fav_place'],
                                                              handle_missing='return_nan',
                                                              use_cat_names=True))),
                ('trained_model', KMeans(random_state=123))]), ml_usecase=None)
2026-05-02 23:41:58,673:INFO:Set up data.
2026-05-02 23:41:58,762:INFO:Initializing predict_model()
2026-05-02 23:41:58,762:INFO:predict_model(self=<pycaret.clustering.oop.ClusteringExperiment object at 0x0000021A8EE36350>, estimator=Pipeline(memory=Memory(location=None),
         steps=[('numerical_imputer',
                 TransformerWrapper(include=[], transformer=SimpleImputer())),
                ('categorical_imputer',
                 TransformerWrapper(include=['age', 'edu_level', 'fav_animals',
                                             'fav_place', 'gender'],
                                    transformer=SimpleImputer(strategy='most_frequent'))),
                ('ordinal_encoding',
                 TransformerWrapper(include=['gender'],
                                    transfo...
                                                               mapping=[{'col': 'gender',
                                                                         'data_type': dtype('O'),
                                                                         'mapping': Kobieta      0
Mê¿czyzna    1
NaN         -1
dtype: int64}]))),
                ('onehot_encoding',
                 TransformerWrapper(include=['age', 'edu_level', 'fav_animals',
                                             'fav_place'],
                                    transformer=OneHotEncoder(cols=['age',
                                                                    'edu_level',
                                                                    'fav_animals',
                                                                    'fav_place'],
                                                              handle_missing='return_nan',
                                                              use_cat_names=True))),
                ('trained_model', KMeans(random_state=123))]), ml_usecase=None)
2026-05-02 23:41:58,762:INFO:Set up data.
2026-05-02 23:42:13,177:INFO:Initializing predict_model()
2026-05-02 23:42:13,177:INFO:predict_model(self=<pycaret.clustering.oop.ClusteringExperiment object at 0x0000021A8F70C790>, estimator=Pipeline(memory=Memory(location=None),
         steps=[('numerical_imputer',
                 TransformerWrapper(include=[], transformer=SimpleImputer())),
                ('categorical_imputer',
                 TransformerWrapper(include=['age', 'edu_level', 'fav_animals',
                                             'fav_place', 'gender'],
                                    transformer=SimpleImputer(strategy='most_frequent'))),
                ('ordinal_encoding',
                 TransformerWrapper(include=['gender'],
                                    transfo...
                                                               mapping=[{'col': 'gender',
                                                                         'data_type': dtype('O'),
                                                                         'mapping': Kobieta      0
Mê¿czyzna    1
NaN         -1
dtype: int64}]))),
                ('onehot_encoding',
                 TransformerWrapper(include=['age', 'edu_level', 'fav_animals',
                                             'fav_place'],
                                    transformer=OneHotEncoder(cols=['age',
                                                                    'edu_level',
                                                                    'fav_animals',
                                                                    'fav_place'],
                                                              handle_missing='return_nan',
                                                              use_cat_names=True))),
                ('trained_model', KMeans(random_state=123))]), ml_usecase=None)
2026-05-02 23:42:13,178:INFO:Set up data.
2026-05-02 23:42:13,288:INFO:Initializing predict_model()
2026-05-02 23:42:13,289:INFO:predict_model(self=<pycaret.clustering.oop.ClusteringExperiment object at 0x0000021A4C63CED0>, estimator=Pipeline(memory=Memory(location=None),
         steps=[('numerical_imputer',
                 TransformerWrapper(include=[], transformer=SimpleImputer())),
                ('categorical_imputer',
                 TransformerWrapper(include=['age', 'edu_level', 'fav_animals',
                                             'fav_place', 'gender'],
                                    transformer=SimpleImputer(strategy='most_frequent'))),
                ('ordinal_encoding',
                 TransformerWrapper(include=['gender'],
                                    transfo...
                                                               mapping=[{'col': 'gender',
                                                                         'data_type': dtype('O'),
                                                                         'mapping': Kobieta      0
Mê¿czyzna    1
NaN         -1
dtype: int64}]))),
                ('onehot_encoding',
                 TransformerWrapper(include=['age', 'edu_level', 'fav_animals',
                                             'fav_place'],
                                    transformer=OneHotEncoder(cols=['age',
                                                                    'edu_level',
                                                                    'fav_animals',
                                                                    'fav_place'],
                                                              handle_missing='return_nan',
                                                              use_cat_names=True))),
                ('trained_model', KMeans(random_state=123))]), ml_usecase=None)
2026-05-02 23:42:13,289:INFO:Set up data.
2026-05-02 23:42:13,382:INFO:Initializing predict_model()
2026-05-02 23:42:13,382:INFO:predict_model(self=<pycaret.clustering.oop.ClusteringExperiment object at 0x0000021A8F66A350>, estimator=Pipeline(memory=Memory(location=None),
         steps=[('numerical_imputer',
                 TransformerWrapper(include=[], transformer=SimpleImputer())),
                ('categorical_imputer',
                 TransformerWrapper(include=['age', 'edu_level', 'fav_animals',
                                             'fav_place', 'gender'],
                                    transformer=SimpleImputer(strategy='most_frequent'))),
                ('ordinal_encoding',
                 TransformerWrapper(include=['gender'],
                                    transfo...
                                                               mapping=[{'col': 'gender',
                                                                         'data_type': dtype('O'),
                                                                         'mapping': Kobieta      0
Mê¿czyzna    1
NaN         -1
dtype: int64}]))),
                ('onehot_encoding',
                 TransformerWrapper(include=['age', 'edu_level', 'fav_animals',
                                             'fav_place'],
                                    transformer=OneHotEncoder(cols=['age',
                                                                    'edu_level',
                                                                    'fav_animals',
                                                                    'fav_place'],
                                                              handle_missing='return_nan',
                                                              use_cat_names=True))),
                ('trained_model', KMeans(random_state=123))]), ml_usecase=None)
2026-05-02 23:42:13,382:INFO:Set up data.
2026-05-02 23:54:59,488:INFO:Initializing predict_model()
2026-05-02 23:54:59,489:INFO:predict_model(self=<pycaret.clustering.oop.ClusteringExperiment object at 0x0000021A126CFED0>, estimator=Pipeline(memory=Memory(location=None),
         steps=[('numerical_imputer',
                 TransformerWrapper(include=[], transformer=SimpleImputer())),
                ('categorical_imputer',
                 TransformerWrapper(include=['age', 'edu_level', 'fav_animals',
                                             'fav_place', 'gender'],
                                    transformer=SimpleImputer(strategy='most_frequent'))),
                ('ordinal_encoding',
                 TransformerWrapper(include=['gender'],
                                    transfo...
                                                               mapping=[{'col': 'gender',
                                                                         'data_type': dtype('O'),
                                                                         'mapping': Kobieta      0
Mê¿czyzna    1
NaN         -1
dtype: int64}]))),
                ('onehot_encoding',
                 TransformerWrapper(include=['age', 'edu_level', 'fav_animals',
                                             'fav_place'],
                                    transformer=OneHotEncoder(cols=['age',
                                                                    'edu_level',
                                                                    'fav_animals',
                                                                    'fav_place'],
                                                              handle_missing='return_nan',
                                                              use_cat_names=True))),
                ('trained_model', KMeans(random_state=123))]), ml_usecase=None)
2026-05-02 23:54:59,489:INFO:Set up data.
2026-05-02 23:54:59,554:INFO:Initializing predict_model()
2026-05-02 23:54:59,555:INFO:predict_model(self=<pycaret.clustering.oop.ClusteringExperiment object at 0x0000021A1402AB90>, estimator=Pipeline(memory=Memory(location=None),
         steps=[('numerical_imputer',
                 TransformerWrapper(include=[], transformer=SimpleImputer())),
                ('categorical_imputer',
                 TransformerWrapper(include=['age', 'edu_level', 'fav_animals',
                                             'fav_place', 'gender'],
                                    transformer=SimpleImputer(strategy='most_frequent'))),
                ('ordinal_encoding',
                 TransformerWrapper(include=['gender'],
                                    transfo...
                                                               mapping=[{'col': 'gender',
                                                                         'data_type': dtype('O'),
                                                                         'mapping': Kobieta      0
Mê¿czyzna    1
NaN         -1
dtype: int64}]))),
                ('onehot_encoding',
                 TransformerWrapper(include=['age', 'edu_level', 'fav_animals',
                                             'fav_place'],
                                    transformer=OneHotEncoder(cols=['age',
                                                                    'edu_level',
                                                                    'fav_animals',
                                                                    'fav_place'],
                                                              handle_missing='return_nan',
                                                              use_cat_names=True))),
                ('trained_model', KMeans(random_state=123))]), ml_usecase=None)
2026-05-02 23:54:59,555:INFO:Set up data.
2026-05-02 23:54:59,636:INFO:Initializing predict_model()
2026-05-02 23:54:59,636:INFO:predict_model(self=<pycaret.clustering.oop.ClusteringExperiment object at 0x0000021A13EB27D0>, estimator=Pipeline(memory=Memory(location=None),
         steps=[('numerical_imputer',
                 TransformerWrapper(include=[], transformer=SimpleImputer())),
                ('categorical_imputer',
                 TransformerWrapper(include=['age', 'edu_level', 'fav_animals',
                                             'fav_place', 'gender'],
                                    transformer=SimpleImputer(strategy='most_frequent'))),
                ('ordinal_encoding',
                 TransformerWrapper(include=['gender'],
                                    transfo...
                                                               mapping=[{'col': 'gender',
                                                                         'data_type': dtype('O'),
                                                                         'mapping': Kobieta      0
Mê¿czyzna    1
NaN         -1
dtype: int64}]))),
                ('onehot_encoding',
                 TransformerWrapper(include=['age', 'edu_level', 'fav_animals',
                                             'fav_place'],
                                    transformer=OneHotEncoder(cols=['age',
                                                                    'edu_level',
                                                                    'fav_animals',
                                                                    'fav_place'],
                                                              handle_missing='return_nan',
                                                              use_cat_names=True))),
                ('trained_model', KMeans(random_state=123))]), ml_usecase=None)
2026-05-02 23:54:59,636:INFO:Set up data.
2026-05-02 23:55:28,634:INFO:Initializing predict_model()
2026-05-02 23:55:28,635:INFO:predict_model(self=<pycaret.clustering.oop.ClusteringExperiment object at 0x0000021A8F0D3B90>, estimator=Pipeline(memory=Memory(location=None),
         steps=[('numerical_imputer',
                 TransformerWrapper(include=[], transformer=SimpleImputer())),
                ('categorical_imputer',
                 TransformerWrapper(include=['age', 'edu_level', 'fav_animals',
                                             'fav_place', 'gender'],
                                    transformer=SimpleImputer(strategy='most_frequent'))),
                ('ordinal_encoding',
                 TransformerWrapper(include=['gender'],
                                    transfo...
                                                               mapping=[{'col': 'gender',
                                                                         'data_type': dtype('O'),
                                                                         'mapping': Kobieta      0
Mê¿czyzna    1
NaN         -1
dtype: int64}]))),
                ('onehot_encoding',
                 TransformerWrapper(include=['age', 'edu_level', 'fav_animals',
                                             'fav_place'],
                                    transformer=OneHotEncoder(cols=['age',
                                                                    'edu_level',
                                                                    'fav_animals',
                                                                    'fav_place'],
                                                              handle_missing='return_nan',
                                                              use_cat_names=True))),
                ('trained_model', KMeans(random_state=123))]), ml_usecase=None)
2026-05-02 23:55:28,635:INFO:Set up data.
2026-05-02 23:55:28,739:INFO:Initializing predict_model()
2026-05-02 23:55:28,739:INFO:predict_model(self=<pycaret.clustering.oop.ClusteringExperiment object at 0x0000021A90A6B990>, estimator=Pipeline(memory=Memory(location=None),
         steps=[('numerical_imputer',
                 TransformerWrapper(include=[], transformer=SimpleImputer())),
                ('categorical_imputer',
                 TransformerWrapper(include=['age', 'edu_level', 'fav_animals',
                                             'fav_place', 'gender'],
                                    transformer=SimpleImputer(strategy='most_frequent'))),
                ('ordinal_encoding',
                 TransformerWrapper(include=['gender'],
                                    transfo...
                                                               mapping=[{'col': 'gender',
                                                                         'data_type': dtype('O'),
                                                                         'mapping': Kobieta      0
Mê¿czyzna    1
NaN         -1
dtype: int64}]))),
                ('onehot_encoding',
                 TransformerWrapper(include=['age', 'edu_level', 'fav_animals',
                                             'fav_place'],
                                    transformer=OneHotEncoder(cols=['age',
                                                                    'edu_level',
                                                                    'fav_animals',
                                                                    'fav_place'],
                                                              handle_missing='return_nan',
                                                              use_cat_names=True))),
                ('trained_model', KMeans(random_state=123))]), ml_usecase=None)
2026-05-02 23:55:28,740:INFO:Set up data.
2026-05-02 23:55:28,817:INFO:Initializing predict_model()
2026-05-02 23:55:28,817:INFO:predict_model(self=<pycaret.clustering.oop.ClusteringExperiment object at 0x0000021A140212D0>, estimator=Pipeline(memory=Memory(location=None),
         steps=[('numerical_imputer',
                 TransformerWrapper(include=[], transformer=SimpleImputer())),
                ('categorical_imputer',
                 TransformerWrapper(include=['age', 'edu_level', 'fav_animals',
                                             'fav_place', 'gender'],
                                    transformer=SimpleImputer(strategy='most_frequent'))),
                ('ordinal_encoding',
                 TransformerWrapper(include=['gender'],
                                    transfo...
                                                               mapping=[{'col': 'gender',
                                                                         'data_type': dtype('O'),
                                                                         'mapping': Kobieta      0
Mê¿czyzna    1
NaN         -1
dtype: int64}]))),
                ('onehot_encoding',
                 TransformerWrapper(include=['age', 'edu_level', 'fav_animals',
                                             'fav_place'],
                                    transformer=OneHotEncoder(cols=['age',
                                                                    'edu_level',
                                                                    'fav_animals',
                                                                    'fav_place'],
                                                              handle_missing='return_nan',
                                                              use_cat_names=True))),
                ('trained_model', KMeans(random_state=123))]), ml_usecase=None)
2026-05-02 23:55:28,817:INFO:Set up data.
2026-05-02 23:55:43,624:INFO:Initializing predict_model()
2026-05-02 23:55:43,624:INFO:predict_model(self=<pycaret.clustering.oop.ClusteringExperiment object at 0x0000021A8E95FBD0>, estimator=Pipeline(memory=Memory(location=None),
         steps=[('numerical_imputer',
                 TransformerWrapper(include=[], transformer=SimpleImputer())),
                ('categorical_imputer',
                 TransformerWrapper(include=['age', 'edu_level', 'fav_animals',
                                             'fav_place', 'gender'],
                                    transformer=SimpleImputer(strategy='most_frequent'))),
                ('ordinal_encoding',
                 TransformerWrapper(include=['gender'],
                                    transfo...
                                                               mapping=[{'col': 'gender',
                                                                         'data_type': dtype('O'),
                                                                         'mapping': Kobieta      0
Mê¿czyzna    1
NaN         -1
dtype: int64}]))),
                ('onehot_encoding',
                 TransformerWrapper(include=['age', 'edu_level', 'fav_animals',
                                             'fav_place'],
                                    transformer=OneHotEncoder(cols=['age',
                                                                    'edu_level',
                                                                    'fav_animals',
                                                                    'fav_place'],
                                                              handle_missing='return_nan',
                                                              use_cat_names=True))),
                ('trained_model', KMeans(random_state=123))]), ml_usecase=None)
2026-05-02 23:55:43,624:INFO:Set up data.
2026-05-02 23:55:43,699:INFO:Initializing predict_model()
2026-05-02 23:55:43,699:INFO:predict_model(self=<pycaret.clustering.oop.ClusteringExperiment object at 0x0000021A8F761A10>, estimator=Pipeline(memory=Memory(location=None),
         steps=[('numerical_imputer',
                 TransformerWrapper(include=[], transformer=SimpleImputer())),
                ('categorical_imputer',
                 TransformerWrapper(include=['age', 'edu_level', 'fav_animals',
                                             'fav_place', 'gender'],
                                    transformer=SimpleImputer(strategy='most_frequent'))),
                ('ordinal_encoding',
                 TransformerWrapper(include=['gender'],
                                    transfo...
                                                               mapping=[{'col': 'gender',
                                                                         'data_type': dtype('O'),
                                                                         'mapping': Kobieta      0
Mê¿czyzna    1
NaN         -1
dtype: int64}]))),
                ('onehot_encoding',
                 TransformerWrapper(include=['age', 'edu_level', 'fav_animals',
                                             'fav_place'],
                                    transformer=OneHotEncoder(cols=['age',
                                                                    'edu_level',
                                                                    'fav_animals',
                                                                    'fav_place'],
                                                              handle_missing='return_nan',
                                                              use_cat_names=True))),
                ('trained_model', KMeans(random_state=123))]), ml_usecase=None)
2026-05-02 23:55:43,699:INFO:Set up data.
2026-05-02 23:55:43,753:INFO:Initializing predict_model()
2026-05-02 23:55:43,753:INFO:predict_model(self=<pycaret.clustering.oop.ClusteringExperiment object at 0x0000021A8F0BBFD0>, estimator=Pipeline(memory=Memory(location=None),
         steps=[('numerical_imputer',
                 TransformerWrapper(include=[], transformer=SimpleImputer())),
                ('categorical_imputer',
                 TransformerWrapper(include=['age', 'edu_level', 'fav_animals',
                                             'fav_place', 'gender'],
                                    transformer=SimpleImputer(strategy='most_frequent'))),
                ('ordinal_encoding',
                 TransformerWrapper(include=['gender'],
                                    transfo...
                                                               mapping=[{'col': 'gender',
                                                                         'data_type': dtype('O'),
                                                                         'mapping': Kobieta      0
Mê¿czyzna    1
NaN         -1
dtype: int64}]))),
                ('onehot_encoding',
                 TransformerWrapper(include=['age', 'edu_level', 'fav_animals',
                                             'fav_place'],
                                    transformer=OneHotEncoder(cols=['age',
                                                                    'edu_level',
                                                                    'fav_animals',
                                                                    'fav_place'],
                                                              handle_missing='return_nan',
                                                              use_cat_names=True))),
                ('trained_model', KMeans(random_state=123))]), ml_usecase=None)
2026-05-02 23:55:43,753:INFO:Set up data.
2026-05-02 23:55:46,070:INFO:Initializing predict_model()
2026-05-02 23:55:46,070:INFO:predict_model(self=<pycaret.clustering.oop.ClusteringExperiment object at 0x0000021A8F76A290>, estimator=Pipeline(memory=Memory(location=None),
         steps=[('numerical_imputer',
                 TransformerWrapper(include=[], transformer=SimpleImputer())),
                ('categorical_imputer',
                 TransformerWrapper(include=['age', 'edu_level', 'fav_animals',
                                             'fav_place', 'gender'],
                                    transformer=SimpleImputer(strategy='most_frequent'))),
                ('ordinal_encoding',
                 TransformerWrapper(include=['gender'],
                                    transfo...
                                                               mapping=[{'col': 'gender',
                                                                         'data_type': dtype('O'),
                                                                         'mapping': Kobieta      0
Mê¿czyzna    1
NaN         -1
dtype: int64}]))),
                ('onehot_encoding',
                 TransformerWrapper(include=['age', 'edu_level', 'fav_animals',
                                             'fav_place'],
                                    transformer=OneHotEncoder(cols=['age',
                                                                    'edu_level',
                                                                    'fav_animals',
                                                                    'fav_place'],
                                                              handle_missing='return_nan',
                                                              use_cat_names=True))),
                ('trained_model', KMeans(random_state=123))]), ml_usecase=None)
2026-05-02 23:55:46,070:INFO:Set up data.
2026-05-02 23:55:46,152:INFO:Initializing predict_model()
2026-05-02 23:55:46,152:INFO:predict_model(self=<pycaret.clustering.oop.ClusteringExperiment object at 0x0000021A8F66A350>, estimator=Pipeline(memory=Memory(location=None),
         steps=[('numerical_imputer',
                 TransformerWrapper(include=[], transformer=SimpleImputer())),
                ('categorical_imputer',
                 TransformerWrapper(include=['age', 'edu_level', 'fav_animals',
                                             'fav_place', 'gender'],
                                    transformer=SimpleImputer(strategy='most_frequent'))),
                ('ordinal_encoding',
                 TransformerWrapper(include=['gender'],
                                    transfo...
                                                               mapping=[{'col': 'gender',
                                                                         'data_type': dtype('O'),
                                                                         'mapping': Kobieta      0
Mê¿czyzna    1
NaN         -1
dtype: int64}]))),
                ('onehot_encoding',
                 TransformerWrapper(include=['age', 'edu_level', 'fav_animals',
                                             'fav_place'],
                                    transformer=OneHotEncoder(cols=['age',
                                                                    'edu_level',
                                                                    'fav_animals',
                                                                    'fav_place'],
                                                              handle_missing='return_nan',
                                                              use_cat_names=True))),
                ('trained_model', KMeans(random_state=123))]), ml_usecase=None)
2026-05-02 23:55:46,152:INFO:Set up data.
2026-05-02 23:55:46,237:INFO:Initializing predict_model()
2026-05-02 23:55:46,238:INFO:predict_model(self=<pycaret.clustering.oop.ClusteringExperiment object at 0x0000021A13E7C3D0>, estimator=Pipeline(memory=Memory(location=None),
         steps=[('numerical_imputer',
                 TransformerWrapper(include=[], transformer=SimpleImputer())),
                ('categorical_imputer',
                 TransformerWrapper(include=['age', 'edu_level', 'fav_animals',
                                             'fav_place', 'gender'],
                                    transformer=SimpleImputer(strategy='most_frequent'))),
                ('ordinal_encoding',
                 TransformerWrapper(include=['gender'],
                                    transfo...
                                                               mapping=[{'col': 'gender',
                                                                         'data_type': dtype('O'),
                                                                         'mapping': Kobieta      0
Mê¿czyzna    1
NaN         -1
dtype: int64}]))),
                ('onehot_encoding',
                 TransformerWrapper(include=['age', 'edu_level', 'fav_animals',
                                             'fav_place'],
                                    transformer=OneHotEncoder(cols=['age',
                                                                    'edu_level',
                                                                    'fav_animals',
                                                                    'fav_place'],
                                                              handle_missing='return_nan',
                                                              use_cat_names=True))),
                ('trained_model', KMeans(random_state=123))]), ml_usecase=None)
2026-05-02 23:55:46,239:INFO:Set up data.
2026-05-02 23:56:07,710:INFO:Initializing predict_model()
2026-05-02 23:56:07,710:INFO:predict_model(self=<pycaret.clustering.oop.ClusteringExperiment object at 0x0000021A13FA74D0>, estimator=Pipeline(memory=Memory(location=None),
         steps=[('numerical_imputer',
                 TransformerWrapper(include=[], transformer=SimpleImputer())),
                ('categorical_imputer',
                 TransformerWrapper(include=['age', 'edu_level', 'fav_animals',
                                             'fav_place', 'gender'],
                                    transformer=SimpleImputer(strategy='most_frequent'))),
                ('ordinal_encoding',
                 TransformerWrapper(include=['gender'],
                                    transfo...
                                                               mapping=[{'col': 'gender',
                                                                         'data_type': dtype('O'),
                                                                         'mapping': Kobieta      0
Mê¿czyzna    1
NaN         -1
dtype: int64}]))),
                ('onehot_encoding',
                 TransformerWrapper(include=['age', 'edu_level', 'fav_animals',
                                             'fav_place'],
                                    transformer=OneHotEncoder(cols=['age',
                                                                    'edu_level',
                                                                    'fav_animals',
                                                                    'fav_place'],
                                                              handle_missing='return_nan',
                                                              use_cat_names=True))),
                ('trained_model', KMeans(random_state=123))]), ml_usecase=None)
2026-05-02 23:56:07,710:INFO:Set up data.
2026-05-02 23:56:07,757:INFO:Initializing predict_model()
2026-05-02 23:56:07,757:INFO:predict_model(self=<pycaret.clustering.oop.ClusteringExperiment object at 0x0000021A8F512A10>, estimator=Pipeline(memory=Memory(location=None),
         steps=[('numerical_imputer',
                 TransformerWrapper(include=[], transformer=SimpleImputer())),
                ('categorical_imputer',
                 TransformerWrapper(include=['age', 'edu_level', 'fav_animals',
                                             'fav_place', 'gender'],
                                    transformer=SimpleImputer(strategy='most_frequent'))),
                ('ordinal_encoding',
                 TransformerWrapper(include=['gender'],
                                    transfo...
                                                               mapping=[{'col': 'gender',
                                                                         'data_type': dtype('O'),
                                                                         'mapping': Kobieta      0
Mê¿czyzna    1
NaN         -1
dtype: int64}]))),
                ('onehot_encoding',
                 TransformerWrapper(include=['age', 'edu_level', 'fav_animals',
                                             'fav_place'],
                                    transformer=OneHotEncoder(cols=['age',
                                                                    'edu_level',
                                                                    'fav_animals',
                                                                    'fav_place'],
                                                              handle_missing='return_nan',
                                                              use_cat_names=True))),
                ('trained_model', KMeans(random_state=123))]), ml_usecase=None)
2026-05-02 23:56:07,757:INFO:Set up data.
2026-05-02 23:56:07,826:INFO:Initializing predict_model()
2026-05-02 23:56:07,826:INFO:predict_model(self=<pycaret.clustering.oop.ClusteringExperiment object at 0x0000021A90BC7850>, estimator=Pipeline(memory=Memory(location=None),
         steps=[('numerical_imputer',
                 TransformerWrapper(include=[], transformer=SimpleImputer())),
                ('categorical_imputer',
                 TransformerWrapper(include=['age', 'edu_level', 'fav_animals',
                                             'fav_place', 'gender'],
                                    transformer=SimpleImputer(strategy='most_frequent'))),
                ('ordinal_encoding',
                 TransformerWrapper(include=['gender'],
                                    transfo...
                                                               mapping=[{'col': 'gender',
                                                                         'data_type': dtype('O'),
                                                                         'mapping': Kobieta      0
Mê¿czyzna    1
NaN         -1
dtype: int64}]))),
                ('onehot_encoding',
                 TransformerWrapper(include=['age', 'edu_level', 'fav_animals',
                                             'fav_place'],
                                    transformer=OneHotEncoder(cols=['age',
                                                                    'edu_level',
                                                                    'fav_animals',
                                                                    'fav_place'],
                                                              handle_missing='return_nan',
                                                              use_cat_names=True))),
                ('trained_model', KMeans(random_state=123))]), ml_usecase=None)
2026-05-02 23:56:07,827:INFO:Set up data.
2026-05-02 23:58:22,420:INFO:Initializing predict_model()
2026-05-02 23:58:22,420:INFO:predict_model(self=<pycaret.clustering.oop.ClusteringExperiment object at 0x0000021A90A97090>, estimator=Pipeline(memory=Memory(location=None),
         steps=[('numerical_imputer',
                 TransformerWrapper(include=[], transformer=SimpleImputer())),
                ('categorical_imputer',
                 TransformerWrapper(include=['age', 'edu_level', 'fav_animals',
                                             'fav_place', 'gender'],
                                    transformer=SimpleImputer(strategy='most_frequent'))),
                ('ordinal_encoding',
                 TransformerWrapper(include=['gender'],
                                    transfo...
                                                               mapping=[{'col': 'gender',
                                                                         'data_type': dtype('O'),
                                                                         'mapping': Kobieta      0
Mê¿czyzna    1
NaN         -1
dtype: int64}]))),
                ('onehot_encoding',
                 TransformerWrapper(include=['age', 'edu_level', 'fav_animals',
                                             'fav_place'],
                                    transformer=OneHotEncoder(cols=['age',
                                                                    'edu_level',
                                                                    'fav_animals',
                                                                    'fav_place'],
                                                              handle_missing='return_nan',
                                                              use_cat_names=True))),
                ('trained_model', KMeans(random_state=123))]), ml_usecase=None)
2026-05-02 23:58:22,420:INFO:Set up data.
2026-05-02 23:58:22,486:INFO:Initializing predict_model()
2026-05-02 23:58:22,486:INFO:predict_model(self=<pycaret.clustering.oop.ClusteringExperiment object at 0x0000021A909D1950>, estimator=Pipeline(memory=Memory(location=None),
         steps=[('numerical_imputer',
                 TransformerWrapper(include=[], transformer=SimpleImputer())),
                ('categorical_imputer',
                 TransformerWrapper(include=['age', 'edu_level', 'fav_animals',
                                             'fav_place', 'gender'],
                                    transformer=SimpleImputer(strategy='most_frequent'))),
                ('ordinal_encoding',
                 TransformerWrapper(include=['gender'],
                                    transfo...
                                                               mapping=[{'col': 'gender',
                                                                         'data_type': dtype('O'),
                                                                         'mapping': Kobieta      0
Mê¿czyzna    1
NaN         -1
dtype: int64}]))),
                ('onehot_encoding',
                 TransformerWrapper(include=['age', 'edu_level', 'fav_animals',
                                             'fav_place'],
                                    transformer=OneHotEncoder(cols=['age',
                                                                    'edu_level',
                                                                    'fav_animals',
                                                                    'fav_place'],
                                                              handle_missing='return_nan',
                                                              use_cat_names=True))),
                ('trained_model', KMeans(random_state=123))]), ml_usecase=None)
2026-05-02 23:58:22,486:INFO:Set up data.
2026-05-02 23:58:22,578:INFO:Initializing predict_model()
2026-05-02 23:58:22,578:INFO:predict_model(self=<pycaret.clustering.oop.ClusteringExperiment object at 0x0000021A14023310>, estimator=Pipeline(memory=Memory(location=None),
         steps=[('numerical_imputer',
                 TransformerWrapper(include=[], transformer=SimpleImputer())),
                ('categorical_imputer',
                 TransformerWrapper(include=['age', 'edu_level', 'fav_animals',
                                             'fav_place', 'gender'],
                                    transformer=SimpleImputer(strategy='most_frequent'))),
                ('ordinal_encoding',
                 TransformerWrapper(include=['gender'],
                                    transfo...
                                                               mapping=[{'col': 'gender',
                                                                         'data_type': dtype('O'),
                                                                         'mapping': Kobieta      0
Mê¿czyzna    1
NaN         -1
dtype: int64}]))),
                ('onehot_encoding',
                 TransformerWrapper(include=['age', 'edu_level', 'fav_animals',
                                             'fav_place'],
                                    transformer=OneHotEncoder(cols=['age',
                                                                    'edu_level',
                                                                    'fav_animals',
                                                                    'fav_place'],
                                                              handle_missing='return_nan',
                                                              use_cat_names=True))),
                ('trained_model', KMeans(random_state=123))]), ml_usecase=None)
2026-05-02 23:58:22,578:INFO:Set up data.
2026-05-06 19:21:47,434:WARNING:
'cuml' is a soft dependency and not included in the pycaret installation. Please run: `pip install cuml` to install.
2026-05-06 19:21:47,437:WARNING:
'cuml' is a soft dependency and not included in the pycaret installation. Please run: `pip install cuml` to install.
2026-05-06 19:21:47,437:WARNING:
'cuml' is a soft dependency and not included in the pycaret installation. Please run: `pip install cuml` to install.
2026-05-06 19:21:47,438:WARNING:
'cuml' is a soft dependency and not included in the pycaret installation. Please run: `pip install cuml` to install.
2026-05-06 19:21:56,005:INFO:Initializing load_model()
2026-05-06 19:21:56,006:INFO:load_model(model_name=welcome_survey_clustering_pipeline_v1, platform=None, authentication=None, verbose=True)
2026-05-06 19:21:56,031:WARNING:C:\Users\slim\miniconda3\Lib\site-packages\_distutils_hack\__init__.py:30: UserWarning: Setuptools is replacing distutils. Support for replacing an already imported distutils is deprecated. In the future, this condition will fail. Register concerns at https://github.com/pypa/setuptools/issues/new?template=distutils-deprecation.yml
  warnings.warn(

2026-05-06 19:21:56,333:WARNING:C:\Users\slim\miniconda3\Lib\site-packages\pycaret\internal\pipeline.py:148: UserWarning: Version mismatch:
current: {'deps_info': {'pip': '26.0.1', 'setuptools': '80.10.1', 'pycaret': '3.3.2', 'IPython': '9.10.0', 'ipywidgets': '8.1.8', 'tqdm': '4.66.4', 'numpy': '1.26.4', 'pandas': '2.1.4', 'jinja2': '3.1.6', 'scipy': '1.11.4', 'joblib': '1.3.2', 'sklearn': '1.4.2', 'pyod': '2.0.7', 'imblearn': '0.14.1', 'category_encoders': '2.7.0', 'lightgbm': '4.6.0', 'numba': '0.64.0', 'requests': '2.32.2', 'matplotlib': '3.7.5', 'scikitplot': '0.3.7', 'yellowbrick': '1.5', 'plotly': '6.6.0', 'plotly-resampler': 'Not installed', 'kaleido': '1.2.0', 'schemdraw': '0.15', 'statsmodels': '0.14.6', 'sktime': '0.26.0', 'tbats': '1.1.3', 'pmdarima': '2.0.4', 'psutil': '7.2.2', 'markupsafe': '3.0.2', 'pickle5': 'Not installed', 'cloudpickle': '3.1.2', 'deprecation': '2.1.0', 'xxhash': '3.6.0', 'wurlitzer': 'Not installed'}, 'python': {'version': '3.11.9', 'machine': 'AMD64'}}
pickle: {'deps_info': {'pip': '24.0', 'setuptools': '70.3.0', 'pycaret': '3.3.1', 'IPython': '8.26.0', 'ipywidgets': '8.1.3', 'tqdm': '4.66.5', 'numpy': '1.26.4', 'pandas': '1.5.3', 'jinja2': '3.1.4', 'scipy': '1.11.4', 'joblib': '1.3.2', 'sklearn': '1.4.2', 'pyod': '2.0.1', 'imblearn': '0.12.3', 'category_encoders': '2.6.3', 'lightgbm': '4.5.0', 'numba': '0.60.0', 'requests': '2.32.3', 'matplotlib': '3.8.4', 'scikitplot': '0.3.7', 'yellowbrick': '1.5', 'plotly': '5.23.0', 'plotly-resampler': 'Not installed', 'kaleido': '0.2.1', 'schemdraw': '0.15', 'statsmodels': '0.14.2', 'sktime': '0.26.0', 'tbats': '1.1.3', 'pmdarima': '2.0.4', 'psutil': '6.0.0', 'markupsafe': '2.1.5', 'pickle5': 'Not installed', 'cloudpickle': '3.0.0', 'deprecation': '2.1.0', 'xxhash': '3.4.1', 'wurlitzer': '3.1.1'}, 'python': {'version': '3.11.9', 'machine': 'arm64'}}
  warnings.warn(

2026-05-06 19:21:56,430:INFO:Initializing predict_model()
2026-05-06 19:21:56,431:INFO:predict_model(self=<pycaret.clustering.oop.ClusteringExperiment object at 0x00000218DE3D0510>, estimator=Pipeline(memory=Memory(location=None),
         steps=[('numerical_imputer',
                 TransformerWrapper(include=[], transformer=SimpleImputer())),
                ('categorical_imputer',
                 TransformerWrapper(include=['age', 'edu_level', 'fav_animals',
                                             'fav_place', 'gender'],
                                    transformer=SimpleImputer(strategy='most_frequent'))),
                ('ordinal_encoding',
                 TransformerWrapper(include=['gender'],
                                    transfo...
                                                               mapping=[{'col': 'gender',
                                                                         'data_type': dtype('O'),
                                                                         'mapping': Kobieta      0
Mê¿czyzna    1
NaN         -1
dtype: int64}]))),
                ('onehot_encoding',
                 TransformerWrapper(include=['age', 'edu_level', 'fav_animals',
                                             'fav_place'],
                                    transformer=OneHotEncoder(cols=['age',
                                                                    'edu_level',
                                                                    'fav_animals',
                                                                    'fav_place'],
                                                              handle_missing='return_nan',
                                                              use_cat_names=True))),
                ('trained_model', KMeans(random_state=123))]), ml_usecase=None)
2026-05-06 19:21:56,432:INFO:Set up data.
2026-05-06 19:21:56,675:INFO:Initializing predict_model()
2026-05-06 19:21:56,675:INFO:predict_model(self=<pycaret.clustering.oop.ClusteringExperiment object at 0x00000218FBE93AD0>, estimator=Pipeline(memory=Memory(location=None),
         steps=[('numerical_imputer',
                 TransformerWrapper(include=[], transformer=SimpleImputer())),
                ('categorical_imputer',
                 TransformerWrapper(include=['age', 'edu_level', 'fav_animals',
                                             'fav_place', 'gender'],
                                    transformer=SimpleImputer(strategy='most_frequent'))),
                ('ordinal_encoding',
                 TransformerWrapper(include=['gender'],
                                    transfo...
                                                               mapping=[{'col': 'gender',
                                                                         'data_type': dtype('O'),
                                                                         'mapping': Kobieta      0
Mê¿czyzna    1
NaN         -1
dtype: int64}]))),
                ('onehot_encoding',
                 TransformerWrapper(include=['age', 'edu_level', 'fav_animals',
                                             'fav_place'],
                                    transformer=OneHotEncoder(cols=['age',
                                                                    'edu_level',
                                                                    'fav_animals',
                                                                    'fav_place'],
                                                              handle_missing='return_nan',
                                                              use_cat_names=True))),
                ('trained_model', KMeans(random_state=123))]), ml_usecase=None)
2026-05-06 19:21:56,676:INFO:Set up data.
2026-05-06 19:21:56,809:INFO:Initializing predict_model()
2026-05-06 19:21:56,809:INFO:predict_model(self=<pycaret.clustering.oop.ClusteringExperiment object at 0x00000218FC00DA50>, estimator=Pipeline(memory=Memory(location=None),
         steps=[('numerical_imputer',
                 TransformerWrapper(include=[], transformer=SimpleImputer())),
                ('categorical_imputer',
                 TransformerWrapper(include=['age', 'edu_level', 'fav_animals',
                                             'fav_place', 'gender'],
                                    transformer=SimpleImputer(strategy='most_frequent'))),
                ('ordinal_encoding',
                 TransformerWrapper(include=['gender'],
                                    transfo...
                                                               mapping=[{'col': 'gender',
                                                                         'data_type': dtype('O'),
                                                                         'mapping': Kobieta      0
Mê¿czyzna    1
NaN         -1
dtype: int64}]))),
                ('onehot_encoding',
                 TransformerWrapper(include=['age', 'edu_level', 'fav_animals',
                                             'fav_place'],
                                    transformer=OneHotEncoder(cols=['age',
                                                                    'edu_level',
                                                                    'fav_animals',
                                                                    'fav_place'],
                                                              handle_missing='return_nan',
                                                              use_cat_names=True))),
                ('trained_model', KMeans(random_state=123))]), ml_usecase=None)
2026-05-06 19:21:56,811:INFO:Set up data.
2026-05-06 19:35:39,915:INFO:Initializing predict_model()
2026-05-06 19:35:39,918:INFO:predict_model(self=<pycaret.clustering.oop.ClusteringExperiment object at 0x00000218FFEB2FD0>, estimator=Pipeline(memory=Memory(location=None),
         steps=[('numerical_imputer',
                 TransformerWrapper(include=[], transformer=SimpleImputer())),
                ('categorical_imputer',
                 TransformerWrapper(include=['age', 'edu_level', 'fav_animals',
                                             'fav_place', 'gender'],
                                    transformer=SimpleImputer(strategy='most_frequent'))),
                ('ordinal_encoding',
                 TransformerWrapper(include=['gender'],
                                    transfo...
                                                               mapping=[{'col': 'gender',
                                                                         'data_type': dtype('O'),
                                                                         'mapping': Kobieta      0
Mê¿czyzna    1
NaN         -1
dtype: int64}]))),
                ('onehot_encoding',
                 TransformerWrapper(include=['age', 'edu_level', 'fav_animals',
                                             'fav_place'],
                                    transformer=OneHotEncoder(cols=['age',
                                                                    'edu_level',
                                                                    'fav_animals',
                                                                    'fav_place'],
                                                              handle_missing='return_nan',
                                                              use_cat_names=True))),
                ('trained_model', KMeans(random_state=123))]), ml_usecase=None)
2026-05-06 19:35:39,920:INFO:Set up data.
2026-05-06 19:35:40,248:INFO:Initializing predict_model()
2026-05-06 19:35:40,248:INFO:predict_model(self=<pycaret.clustering.oop.ClusteringExperiment object at 0x00000218FFEB2FD0>, estimator=Pipeline(memory=Memory(location=None),
         steps=[('numerical_imputer',
                 TransformerWrapper(include=[], transformer=SimpleImputer())),
                ('categorical_imputer',
                 TransformerWrapper(include=['age', 'edu_level', 'fav_animals',
                                             'fav_place', 'gender'],
                                    transformer=SimpleImputer(strategy='most_frequent'))),
                ('ordinal_encoding',
                 TransformerWrapper(include=['gender'],
                                    transfo...
                                                               mapping=[{'col': 'gender',
                                                                         'data_type': dtype('O'),
                                                                         'mapping': Kobieta      0
Mê¿czyzna    1
NaN         -1
dtype: int64}]))),
                ('onehot_encoding',
                 TransformerWrapper(include=['age', 'edu_level', 'fav_animals',
                                             'fav_place'],
                                    transformer=OneHotEncoder(cols=['age',
                                                                    'edu_level',
                                                                    'fav_animals',
                                                                    'fav_place'],
                                                              handle_missing='return_nan',
                                                              use_cat_names=True))),
                ('trained_model', KMeans(random_state=123))]), ml_usecase=None)
2026-05-06 19:35:40,248:INFO:Set up data.
2026-05-06 19:49:32,136:INFO:Initializing predict_model()
2026-05-06 19:49:32,145:INFO:predict_model(self=<pycaret.clustering.oop.ClusteringExperiment object at 0x00000218FFAFD010>, estimator=Pipeline(memory=Memory(location=None),
         steps=[('numerical_imputer',
                 TransformerWrapper(include=[], transformer=SimpleImputer())),
                ('categorical_imputer',
                 TransformerWrapper(include=['age', 'edu_level', 'fav_animals',
                                             'fav_place', 'gender'],
                                    transformer=SimpleImputer(strategy='most_frequent'))),
                ('ordinal_encoding',
                 TransformerWrapper(include=['gender'],
                                    transfo...
                                                               mapping=[{'col': 'gender',
                                                                         'data_type': dtype('O'),
                                                                         'mapping': Kobieta      0
Mê¿czyzna    1
NaN         -1
dtype: int64}]))),
                ('onehot_encoding',
                 TransformerWrapper(include=['age', 'edu_level', 'fav_animals',
                                             'fav_place'],
                                    transformer=OneHotEncoder(cols=['age',
                                                                    'edu_level',
                                                                    'fav_animals',
                                                                    'fav_place'],
                                                              handle_missing='return_nan',
                                                              use_cat_names=True))),
                ('trained_model', KMeans(random_state=123))]), ml_usecase=None)
2026-05-06 19:49:32,152:INFO:Set up data.
2026-05-06 19:49:32,627:INFO:Initializing predict_model()
2026-05-06 19:49:32,628:INFO:predict_model(self=<pycaret.clustering.oop.ClusteringExperiment object at 0x00000218FFAFD010>, estimator=Pipeline(memory=Memory(location=None),
         steps=[('numerical_imputer',
                 TransformerWrapper(include=[], transformer=SimpleImputer())),
                ('categorical_imputer',
                 TransformerWrapper(include=['age', 'edu_level', 'fav_animals',
                                             'fav_place', 'gender'],
                                    transformer=SimpleImputer(strategy='most_frequent'))),
                ('ordinal_encoding',
                 TransformerWrapper(include=['gender'],
                                    transfo...
                                                               mapping=[{'col': 'gender',
                                                                         'data_type': dtype('O'),
                                                                         'mapping': Kobieta      0
Mê¿czyzna    1
NaN         -1
dtype: int64}]))),
                ('onehot_encoding',
                 TransformerWrapper(include=['age', 'edu_level', 'fav_animals',
                                             'fav_place'],
                                    transformer=OneHotEncoder(cols=['age',
                                                                    'edu_level',
                                                                    'fav_animals',
                                                                    'fav_place'],
                                                              handle_missing='return_nan',
                                                              use_cat_names=True))),
                ('trained_model', KMeans(random_state=123))]), ml_usecase=None)
2026-05-06 19:49:32,629:INFO:Set up data.
2026-05-06 19:49:53,089:INFO:Initializing predict_model()
2026-05-06 19:49:53,090:INFO:predict_model(self=<pycaret.clustering.oop.ClusteringExperiment object at 0x00000218FF0ECED0>, estimator=Pipeline(memory=Memory(location=None),
         steps=[('numerical_imputer',
                 TransformerWrapper(include=[], transformer=SimpleImputer())),
                ('categorical_imputer',
                 TransformerWrapper(include=['age', 'edu_level', 'fav_animals',
                                             'fav_place', 'gender'],
                                    transformer=SimpleImputer(strategy='most_frequent'))),
                ('ordinal_encoding',
                 TransformerWrapper(include=['gender'],
                                    transfo...
                                                               mapping=[{'col': 'gender',
                                                                         'data_type': dtype('O'),
                                                                         'mapping': Kobieta      0
Mê¿czyzna    1
NaN         -1
dtype: int64}]))),
                ('onehot_encoding',
                 TransformerWrapper(include=['age', 'edu_level', 'fav_animals',
                                             'fav_place'],
                                    transformer=OneHotEncoder(cols=['age',
                                                                    'edu_level',
                                                                    'fav_animals',
                                                                    'fav_place'],
                                                              handle_missing='return_nan',
                                                              use_cat_names=True))),
                ('trained_model', KMeans(random_state=123))]), ml_usecase=None)
2026-05-06 19:49:53,092:INFO:Set up data.
2026-05-06 19:49:53,295:INFO:Initializing predict_model()
2026-05-06 19:49:53,295:INFO:predict_model(self=<pycaret.clustering.oop.ClusteringExperiment object at 0x00000218FF0ECED0>, estimator=Pipeline(memory=Memory(location=None),
         steps=[('numerical_imputer',
                 TransformerWrapper(include=[], transformer=SimpleImputer())),
                ('categorical_imputer',
                 TransformerWrapper(include=['age', 'edu_level', 'fav_animals',
                                             'fav_place', 'gender'],
                                    transformer=SimpleImputer(strategy='most_frequent'))),
                ('ordinal_encoding',
                 TransformerWrapper(include=['gender'],
                                    transfo...
                                                               mapping=[{'col': 'gender',
                                                                         'data_type': dtype('O'),
                                                                         'mapping': Kobieta      0
Mê¿czyzna    1
NaN         -1
dtype: int64}]))),
                ('onehot_encoding',
                 TransformerWrapper(include=['age', 'edu_level', 'fav_animals',
                                             'fav_place'],
                                    transformer=OneHotEncoder(cols=['age',
                                                                    'edu_level',
                                                                    'fav_animals',
                                                                    'fav_place'],
                                                              handle_missing='return_nan',
                                                              use_cat_names=True))),
                ('trained_model', KMeans(random_state=123))]), ml_usecase=None)
2026-05-06 19:49:53,296:INFO:Set up data.
2026-05-06 20:06:52,258:INFO:Initializing predict_model()
2026-05-06 20:06:52,282:INFO:predict_model(self=<pycaret.clustering.oop.ClusteringExperiment object at 0x00000218FF865AD0>, estimator=Pipeline(memory=Memory(location=None),
         steps=[('numerical_imputer',
                 TransformerWrapper(include=[], transformer=SimpleImputer())),
                ('categorical_imputer',
                 TransformerWrapper(include=['age', 'edu_level', 'fav_animals',
                                             'fav_place', 'gender'],
                                    transformer=SimpleImputer(strategy='most_frequent'))),
                ('ordinal_encoding',
                 TransformerWrapper(include=['gender'],
                                    transfo...
                                                               mapping=[{'col': 'gender',
                                                                         'data_type': dtype('O'),
                                                                         'mapping': Kobieta      0
Mê¿czyzna    1
NaN         -1
dtype: int64}]))),
                ('onehot_encoding',
                 TransformerWrapper(include=['age', 'edu_level', 'fav_animals',
                                             'fav_place'],
                                    transformer=OneHotEncoder(cols=['age',
                                                                    'edu_level',
                                                                    'fav_animals',
                                                                    'fav_place'],
                                                              handle_missing='return_nan',
                                                              use_cat_names=True))),
                ('trained_model', KMeans(random_state=123))]), ml_usecase=None)
2026-05-06 20:06:52,289:INFO:Set up data.
2026-05-06 20:06:54,177:INFO:Initializing predict_model()
2026-05-06 20:06:54,178:INFO:predict_model(self=<pycaret.clustering.oop.ClusteringExperiment object at 0x00000218FF865AD0>, estimator=Pipeline(memory=Memory(location=None),
         steps=[('numerical_imputer',
                 TransformerWrapper(include=[], transformer=SimpleImputer())),
                ('categorical_imputer',
                 TransformerWrapper(include=['age', 'edu_level', 'fav_animals',
                                             'fav_place', 'gender'],
                                    transformer=SimpleImputer(strategy='most_frequent'))),
                ('ordinal_encoding',
                 TransformerWrapper(include=['gender'],
                                    transfo...
                                                               mapping=[{'col': 'gender',
                                                                         'data_type': dtype('O'),
                                                                         'mapping': Kobieta      0
Mê¿czyzna    1
NaN         -1
dtype: int64}]))),
                ('onehot_encoding',
                 TransformerWrapper(include=['age', 'edu_level', 'fav_animals',
                                             'fav_place'],
                                    transformer=OneHotEncoder(cols=['age',
                                                                    'edu_level',
                                                                    'fav_animals',
                                                                    'fav_place'],
                                                              handle_missing='return_nan',
                                                              use_cat_names=True))),
                ('trained_model', KMeans(random_state=123))]), ml_usecase=None)
2026-05-06 20:06:54,255:INFO:Set up data.
2026-05-06 20:09:48,696:INFO:Initializing predict_model()
2026-05-06 20:09:48,698:INFO:predict_model(self=<pycaret.clustering.oop.ClusteringExperiment object at 0x00000218DE0D5DD0>, estimator=Pipeline(memory=Memory(location=None),
         steps=[('numerical_imputer',
                 TransformerWrapper(include=[], transformer=SimpleImputer())),
                ('categorical_imputer',
                 TransformerWrapper(include=['age', 'edu_level', 'fav_animals',
                                             'fav_place', 'gender'],
                                    transformer=SimpleImputer(strategy='most_frequent'))),
                ('ordinal_encoding',
                 TransformerWrapper(include=['gender'],
                                    transfo...
                                                               mapping=[{'col': 'gender',
                                                                         'data_type': dtype('O'),
                                                                         'mapping': Kobieta      0
Mê¿czyzna    1
NaN         -1
dtype: int64}]))),
                ('onehot_encoding',
                 TransformerWrapper(include=['age', 'edu_level', 'fav_animals',
                                             'fav_place'],
                                    transformer=OneHotEncoder(cols=['age',
                                                                    'edu_level',
                                                                    'fav_animals',
                                                                    'fav_place'],
                                                              handle_missing='return_nan',
                                                              use_cat_names=True))),
                ('trained_model', KMeans(random_state=123))]), ml_usecase=None)
2026-05-06 20:09:48,698:INFO:Set up data.
2026-05-06 20:09:48,925:INFO:Initializing predict_model()
2026-05-06 20:09:48,926:INFO:predict_model(self=<pycaret.clustering.oop.ClusteringExperiment object at 0x00000218DE0D5DD0>, estimator=Pipeline(memory=Memory(location=None),
         steps=[('numerical_imputer',
                 TransformerWrapper(include=[], transformer=SimpleImputer())),
                ('categorical_imputer',
                 TransformerWrapper(include=['age', 'edu_level', 'fav_animals',
                                             'fav_place', 'gender'],
                                    transformer=SimpleImputer(strategy='most_frequent'))),
                ('ordinal_encoding',
                 TransformerWrapper(include=['gender'],
                                    transfo...
                                                               mapping=[{'col': 'gender',
                                                                         'data_type': dtype('O'),
                                                                         'mapping': Kobieta      0
Mê¿czyzna    1
NaN         -1
dtype: int64}]))),
                ('onehot_encoding',
                 TransformerWrapper(include=['age', 'edu_level', 'fav_animals',
                                             'fav_place'],
                                    transformer=OneHotEncoder(cols=['age',
                                                                    'edu_level',
                                                                    'fav_animals',
                                                                    'fav_place'],
                                                              handle_missing='return_nan',
                                                              use_cat_names=True))),
                ('trained_model', KMeans(random_state=123))]), ml_usecase=None)
2026-05-06 20:09:48,926:INFO:Set up data.
2026-05-06 20:28:00,400:WARNING:
'cuml' is a soft dependency and not included in the pycaret installation. Please run: `pip install cuml` to install.
2026-05-06 20:28:00,403:WARNING:
'cuml' is a soft dependency and not included in the pycaret installation. Please run: `pip install cuml` to install.
2026-05-06 20:28:00,404:WARNING:
'cuml' is a soft dependency and not included in the pycaret installation. Please run: `pip install cuml` to install.
2026-05-06 20:28:00,405:WARNING:
'cuml' is a soft dependency and not included in the pycaret installation. Please run: `pip install cuml` to install.
2026-05-06 20:28:08,798:INFO:Initializing load_model()
2026-05-06 20:28:08,801:INFO:load_model(model_name=welcome_survey_clustering_pipeline_v1, platform=None, authentication=None, verbose=True)
2026-05-06 20:28:08,869:WARNING:C:\Users\slim\miniconda3\envs\od_zera_do_ai\Lib\site-packages\_distutils_hack\__init__.py:30: UserWarning: Setuptools is replacing distutils. Support for replacing an already imported distutils is deprecated. In the future, this condition will fail. Register concerns at https://github.com/pypa/setuptools/issues/new?template=distutils-deprecation.yml
  warnings.warn(

2026-05-06 20:28:09,203:WARNING:C:\Users\slim\miniconda3\envs\od_zera_do_ai\Lib\site-packages\pycaret\internal\pipeline.py:148: UserWarning: Version mismatch:
current: {'deps_info': {'pip': '26.0.1', 'setuptools': '78.1.1', 'pycaret': '3.3.2', 'IPython': '9.1.0', 'ipywidgets': '8.1.8', 'tqdm': '4.67.3', 'numpy': '1.26.4', 'pandas': '1.5.3', 'jinja2': '3.1.6', 'scipy': '1.10.1', 'joblib': '1.4.2', 'sklearn': '1.4.2', 'pyod': '2.0.5', 'imblearn': '0.14.1', 'category_encoders': '2.6.3', 'lightgbm': '4.6.0', 'numba': '0.63.1', 'requests': '2.32.4', 'matplotlib': '3.7.5', 'scikitplot': '0.3.7', 'yellowbrick': '1.5', 'plotly': '5.24.1', 'plotly-resampler': 'Not installed', 'kaleido': '1.0.0', 'schemdraw': '0.15', 'statsmodels': '0.14.6', 'sktime': '0.26.0', 'tbats': '1.1.3', 'pmdarima': 'Not installed', 'psutil': '5.9.0', 'markupsafe': '3.0.2', 'pickle5': 'Not installed', 'cloudpickle': '3.1.2', 'deprecation': '2.1.0', 'xxhash': '3.6.0', 'wurlitzer': 'Not installed'}, 'python': {'version': '3.11.11', 'machine': 'AMD64'}}
pickle: {'deps_info': {'pip': '24.0', 'setuptools': '70.3.0', 'pycaret': '3.3.1', 'IPython': '8.26.0', 'ipywidgets': '8.1.3', 'tqdm': '4.66.5', 'numpy': '1.26.4', 'pandas': '1.5.3', 'jinja2': '3.1.4', 'scipy': '1.11.4', 'joblib': '1.3.2', 'sklearn': '1.4.2', 'pyod': '2.0.1', 'imblearn': '0.12.3', 'category_encoders': '2.6.3', 'lightgbm': '4.5.0', 'numba': '0.60.0', 'requests': '2.32.3', 'matplotlib': '3.8.4', 'scikitplot': '0.3.7', 'yellowbrick': '1.5', 'plotly': '5.23.0', 'plotly-resampler': 'Not installed', 'kaleido': '0.2.1', 'schemdraw': '0.15', 'statsmodels': '0.14.2', 'sktime': '0.26.0', 'tbats': '1.1.3', 'pmdarima': '2.0.4', 'psutil': '6.0.0', 'markupsafe': '2.1.5', 'pickle5': 'Not installed', 'cloudpickle': '3.0.0', 'deprecation': '2.1.0', 'xxhash': '3.4.1', 'wurlitzer': '3.1.1'}, 'python': {'version': '3.11.9', 'machine': 'arm64'}}
  warnings.warn(

2026-05-06 20:28:09,369:INFO:Initializing predict_model()
2026-05-06 20:28:09,370:INFO:predict_model(self=<pycaret.clustering.oop.ClusteringExperiment object at 0x000001D0724A19D0>, estimator=Pipeline(memory=Memory(location=None),
         steps=[('numerical_imputer',
                 TransformerWrapper(include=[], transformer=SimpleImputer())),
                ('categorical_imputer',
                 TransformerWrapper(include=['age', 'edu_level', 'fav_animals',
                                             'fav_place', 'gender'],
                                    transformer=SimpleImputer(strategy='most_frequent'))),
                ('ordinal_encoding',
                 TransformerWrapper(include=['gender'],
                                    transfo...
                                                               mapping=[{'col': 'gender',
                                                                         'data_type': dtype('O'),
                                                                         'mapping': Kobieta      0
Mê¿czyzna    1
NaN         -1
dtype: int64}]))),
                ('onehot_encoding',
                 TransformerWrapper(include=['age', 'edu_level', 'fav_animals',
                                             'fav_place'],
                                    transformer=OneHotEncoder(cols=['age',
                                                                    'edu_level',
                                                                    'fav_animals',
                                                                    'fav_place'],
                                                              handle_missing='return_nan',
                                                              use_cat_names=True))),
                ('trained_model', KMeans(random_state=123))]), ml_usecase=None)
2026-05-06 20:28:09,372:INFO:Set up data.
2026-05-06 20:28:10,303:INFO:Initializing predict_model()
2026-05-06 20:28:10,303:INFO:predict_model(self=<pycaret.clustering.oop.ClusteringExperiment object at 0x000001D0724A19D0>, estimator=Pipeline(memory=Memory(location=None),
         steps=[('numerical_imputer',
                 TransformerWrapper(include=[], transformer=SimpleImputer())),
                ('categorical_imputer',
                 TransformerWrapper(include=['age', 'edu_level', 'fav_animals',
                                             'fav_place', 'gender'],
                                    transformer=SimpleImputer(strategy='most_frequent'))),
                ('ordinal_encoding',
                 TransformerWrapper(include=['gender'],
                                    transfo...
                                                               mapping=[{'col': 'gender',
                                                                         'data_type': dtype('O'),
                                                                         'mapping': Kobieta      0
Mê¿czyzna    1
NaN         -1
dtype: int64}]))),
                ('onehot_encoding',
                 TransformerWrapper(include=['age', 'edu_level', 'fav_animals',
                                             'fav_place'],
                                    transformer=OneHotEncoder(cols=['age',
                                                                    'edu_level',
                                                                    'fav_animals',
                                                                    'fav_place'],
                                                              handle_missing='return_nan',
                                                              use_cat_names=True))),
                ('trained_model', KMeans(random_state=123))]), ml_usecase=None)
2026-05-06 20:28:10,304:INFO:Set up data.
2026-05-06 20:29:00,325:INFO:Initializing predict_model()
2026-05-06 20:29:00,325:INFO:predict_model(self=<pycaret.clustering.oop.ClusteringExperiment object at 0x000001D02EE56490>, estimator=Pipeline(memory=Memory(location=None),
         steps=[('numerical_imputer',
                 TransformerWrapper(include=[], transformer=SimpleImputer())),
                ('categorical_imputer',
                 TransformerWrapper(include=['age', 'edu_level', 'fav_animals',
                                             'fav_place', 'gender'],
                                    transformer=SimpleImputer(strategy='most_frequent'))),
                ('ordinal_encoding',
                 TransformerWrapper(include=['gender'],
                                    transfo...
                                                               mapping=[{'col': 'gender',
                                                                         'data_type': dtype('O'),
                                                                         'mapping': Kobieta      0
Mê¿czyzna    1
NaN         -1
dtype: int64}]))),
                ('onehot_encoding',
                 TransformerWrapper(include=['age', 'edu_level', 'fav_animals',
                                             'fav_place'],
                                    transformer=OneHotEncoder(cols=['age',
                                                                    'edu_level',
                                                                    'fav_animals',
                                                                    'fav_place'],
                                                              handle_missing='return_nan',
                                                              use_cat_names=True))),
                ('trained_model', KMeans(random_state=123))]), ml_usecase=None)
2026-05-06 20:29:00,326:INFO:Set up data.
2026-05-06 20:29:00,448:INFO:Initializing predict_model()
2026-05-06 20:29:00,448:INFO:predict_model(self=<pycaret.clustering.oop.ClusteringExperiment object at 0x000001D02EE56490>, estimator=Pipeline(memory=Memory(location=None),
         steps=[('numerical_imputer',
                 TransformerWrapper(include=[], transformer=SimpleImputer())),
                ('categorical_imputer',
                 TransformerWrapper(include=['age', 'edu_level', 'fav_animals',
                                             'fav_place', 'gender'],
                                    transformer=SimpleImputer(strategy='most_frequent'))),
                ('ordinal_encoding',
                 TransformerWrapper(include=['gender'],
                                    transfo...
                                                               mapping=[{'col': 'gender',
                                                                         'data_type': dtype('O'),
                                                                         'mapping': Kobieta      0
Mê¿czyzna    1
NaN         -1
dtype: int64}]))),
                ('onehot_encoding',
                 TransformerWrapper(include=['age', 'edu_level', 'fav_animals',
                                             'fav_place'],
                                    transformer=OneHotEncoder(cols=['age',
                                                                    'edu_level',
                                                                    'fav_animals',
                                                                    'fav_place'],
                                                              handle_missing='return_nan',
                                                              use_cat_names=True))),
                ('trained_model', KMeans(random_state=123))]), ml_usecase=None)
2026-05-06 20:29:00,448:INFO:Set up data.
2026-05-06 20:29:10,061:INFO:Initializing predict_model()
2026-05-06 20:29:10,063:INFO:predict_model(self=<pycaret.clustering.oop.ClusteringExperiment object at 0x000001D028B9D7D0>, estimator=Pipeline(memory=Memory(location=None),
         steps=[('numerical_imputer',
                 TransformerWrapper(include=[], transformer=SimpleImputer())),
                ('categorical_imputer',
                 TransformerWrapper(include=['age', 'edu_level', 'fav_animals',
                                             'fav_place', 'gender'],
                                    transformer=SimpleImputer(strategy='most_frequent'))),
                ('ordinal_encoding',
                 TransformerWrapper(include=['gender'],
                                    transfo...
                                                               mapping=[{'col': 'gender',
                                                                         'data_type': dtype('O'),
                                                                         'mapping': Kobieta      0
Mê¿czyzna    1
NaN         -1
dtype: int64}]))),
                ('onehot_encoding',
                 TransformerWrapper(include=['age', 'edu_level', 'fav_animals',
                                             'fav_place'],
                                    transformer=OneHotEncoder(cols=['age',
                                                                    'edu_level',
                                                                    'fav_animals',
                                                                    'fav_place'],
                                                              handle_missing='return_nan',
                                                              use_cat_names=True))),
                ('trained_model', KMeans(random_state=123))]), ml_usecase=None)
2026-05-06 20:29:10,063:INFO:Set up data.
2026-05-06 20:29:10,230:INFO:Initializing predict_model()
2026-05-06 20:29:10,230:INFO:predict_model(self=<pycaret.clustering.oop.ClusteringExperiment object at 0x000001D028B9D7D0>, estimator=Pipeline(memory=Memory(location=None),
         steps=[('numerical_imputer',
                 TransformerWrapper(include=[], transformer=SimpleImputer())),
                ('categorical_imputer',
                 TransformerWrapper(include=['age', 'edu_level', 'fav_animals',
                                             'fav_place', 'gender'],
                                    transformer=SimpleImputer(strategy='most_frequent'))),
                ('ordinal_encoding',
                 TransformerWrapper(include=['gender'],
                                    transfo...
                                                               mapping=[{'col': 'gender',
                                                                         'data_type': dtype('O'),
                                                                         'mapping': Kobieta      0
Mê¿czyzna    1
NaN         -1
dtype: int64}]))),
                ('onehot_encoding',
                 TransformerWrapper(include=['age', 'edu_level', 'fav_animals',
                                             'fav_place'],
                                    transformer=OneHotEncoder(cols=['age',
                                                                    'edu_level',
                                                                    'fav_animals',
                                                                    'fav_place'],
                                                              handle_missing='return_nan',
                                                              use_cat_names=True))),
                ('trained_model', KMeans(random_state=123))]), ml_usecase=None)
2026-05-06 20:29:10,231:INFO:Set up data.
2026-05-06 20:29:25,032:INFO:Initializing predict_model()
2026-05-06 20:29:25,033:INFO:predict_model(self=<pycaret.clustering.oop.ClusteringExperiment object at 0x000001D02DAB06D0>, estimator=Pipeline(memory=Memory(location=None),
         steps=[('numerical_imputer',
                 TransformerWrapper(include=[], transformer=SimpleImputer())),
                ('categorical_imputer',
                 TransformerWrapper(include=['age', 'edu_level', 'fav_animals',
                                             'fav_place', 'gender'],
                                    transformer=SimpleImputer(strategy='most_frequent'))),
                ('ordinal_encoding',
                 TransformerWrapper(include=['gender'],
                                    transfo...
                                                               mapping=[{'col': 'gender',
                                                                         'data_type': dtype('O'),
                                                                         'mapping': Kobieta      0
Mê¿czyzna    1
NaN         -1
dtype: int64}]))),
                ('onehot_encoding',
                 TransformerWrapper(include=['age', 'edu_level', 'fav_animals',
                                             'fav_place'],
                                    transformer=OneHotEncoder(cols=['age',
                                                                    'edu_level',
                                                                    'fav_animals',
                                                                    'fav_place'],
                                                              handle_missing='return_nan',
                                                              use_cat_names=True))),
                ('trained_model', KMeans(random_state=123))]), ml_usecase=None)
2026-05-06 20:29:25,033:INFO:Set up data.
2026-05-06 20:29:25,147:INFO:Initializing predict_model()
2026-05-06 20:29:25,148:INFO:predict_model(self=<pycaret.clustering.oop.ClusteringExperiment object at 0x000001D02DAB06D0>, estimator=Pipeline(memory=Memory(location=None),
         steps=[('numerical_imputer',
                 TransformerWrapper(include=[], transformer=SimpleImputer())),
                ('categorical_imputer',
                 TransformerWrapper(include=['age', 'edu_level', 'fav_animals',
                                             'fav_place', 'gender'],
                                    transformer=SimpleImputer(strategy='most_frequent'))),
                ('ordinal_encoding',
                 TransformerWrapper(include=['gender'],
                                    transfo...
                                                               mapping=[{'col': 'gender',
                                                                         'data_type': dtype('O'),
                                                                         'mapping': Kobieta      0
Mê¿czyzna    1
NaN         -1
dtype: int64}]))),
                ('onehot_encoding',
                 TransformerWrapper(include=['age', 'edu_level', 'fav_animals',
                                             'fav_place'],
                                    transformer=OneHotEncoder(cols=['age',
                                                                    'edu_level',
                                                                    'fav_animals',
                                                                    'fav_place'],
                                                              handle_missing='return_nan',
                                                              use_cat_names=True))),
                ('trained_model', KMeans(random_state=123))]), ml_usecase=None)
2026-05-06 20:29:25,148:INFO:Set up data.
2026-05-06 20:29:27,499:INFO:Initializing predict_model()
2026-05-06 20:29:27,499:INFO:predict_model(self=<pycaret.clustering.oop.ClusteringExperiment object at 0x000001D02D6B9810>, estimator=Pipeline(memory=Memory(location=None),
         steps=[('numerical_imputer',
                 TransformerWrapper(include=[], transformer=SimpleImputer())),
                ('categorical_imputer',
                 TransformerWrapper(include=['age', 'edu_level', 'fav_animals',
                                             'fav_place', 'gender'],
                                    transformer=SimpleImputer(strategy='most_frequent'))),
                ('ordinal_encoding',
                 TransformerWrapper(include=['gender'],
                                    transfo...
                                                               mapping=[{'col': 'gender',
                                                                         'data_type': dtype('O'),
                                                                         'mapping': Kobieta      0
Mê¿czyzna    1
NaN         -1
dtype: int64}]))),
                ('onehot_encoding',
                 TransformerWrapper(include=['age', 'edu_level', 'fav_animals',
                                             'fav_place'],
                                    transformer=OneHotEncoder(cols=['age',
                                                                    'edu_level',
                                                                    'fav_animals',
                                                                    'fav_place'],
                                                              handle_missing='return_nan',
                                                              use_cat_names=True))),
                ('trained_model', KMeans(random_state=123))]), ml_usecase=None)
2026-05-06 20:29:27,500:INFO:Set up data.
2026-05-06 20:29:27,619:INFO:Initializing predict_model()
2026-05-06 20:29:27,620:INFO:predict_model(self=<pycaret.clustering.oop.ClusteringExperiment object at 0x000001D02D6B9810>, estimator=Pipeline(memory=Memory(location=None),
         steps=[('numerical_imputer',
                 TransformerWrapper(include=[], transformer=SimpleImputer())),
                ('categorical_imputer',
                 TransformerWrapper(include=['age', 'edu_level', 'fav_animals',
                                             'fav_place', 'gender'],
                                    transformer=SimpleImputer(strategy='most_frequent'))),
                ('ordinal_encoding',
                 TransformerWrapper(include=['gender'],
                                    transfo...
                                                               mapping=[{'col': 'gender',
                                                                         'data_type': dtype('O'),
                                                                         'mapping': Kobieta      0
Mê¿czyzna    1
NaN         -1
dtype: int64}]))),
                ('onehot_encoding',
                 TransformerWrapper(include=['age', 'edu_level', 'fav_animals',
                                             'fav_place'],
                                    transformer=OneHotEncoder(cols=['age',
                                                                    'edu_level',
                                                                    'fav_animals',
                                                                    'fav_place'],
                                                              handle_missing='return_nan',
                                                              use_cat_names=True))),
                ('trained_model', KMeans(random_state=123))]), ml_usecase=None)
2026-05-06 20:29:27,620:INFO:Set up data.
2026-05-06 20:29:31,610:INFO:Initializing predict_model()
2026-05-06 20:29:31,610:INFO:predict_model(self=<pycaret.clustering.oop.ClusteringExperiment object at 0x000001D02EEA5750>, estimator=Pipeline(memory=Memory(location=None),
         steps=[('numerical_imputer',
                 TransformerWrapper(include=[], transformer=SimpleImputer())),
                ('categorical_imputer',
                 TransformerWrapper(include=['age', 'edu_level', 'fav_animals',
                                             'fav_place', 'gender'],
                                    transformer=SimpleImputer(strategy='most_frequent'))),
                ('ordinal_encoding',
                 TransformerWrapper(include=['gender'],
                                    transfo...
                                                               mapping=[{'col': 'gender',
                                                                         'data_type': dtype('O'),
                                                                         'mapping': Kobieta      0
Mê¿czyzna    1
NaN         -1
dtype: int64}]))),
                ('onehot_encoding',
                 TransformerWrapper(include=['age', 'edu_level', 'fav_animals',
                                             'fav_place'],
                                    transformer=OneHotEncoder(cols=['age',
                                                                    'edu_level',
                                                                    'fav_animals',
                                                                    'fav_place'],
                                                              handle_missing='return_nan',
                                                              use_cat_names=True))),
                ('trained_model', KMeans(random_state=123))]), ml_usecase=None)
2026-05-06 20:29:31,611:INFO:Set up data.
2026-05-06 20:29:31,708:INFO:Initializing predict_model()
2026-05-06 20:29:31,708:INFO:predict_model(self=<pycaret.clustering.oop.ClusteringExperiment object at 0x000001D072263350>, estimator=Pipeline(memory=Memory(location=None),
         steps=[('numerical_imputer',
                 TransformerWrapper(include=[], transformer=SimpleImputer())),
                ('categorical_imputer',
                 TransformerWrapper(include=['age', 'edu_level', 'fav_animals',
                                             'fav_place', 'gender'],
                                    transformer=SimpleImputer(strategy='most_frequent'))),
                ('ordinal_encoding',
                 TransformerWrapper(include=['gender'],
                                    transfo...
                                                               mapping=[{'col': 'gender',
                                                                         'data_type': dtype('O'),
                                                                         'mapping': Kobieta      0
Mê¿czyzna    1
NaN         -1
dtype: int64}]))),
                ('onehot_encoding',
                 TransformerWrapper(include=['age', 'edu_level', 'fav_animals',
                                             'fav_place'],
                                    transformer=OneHotEncoder(cols=['age',
                                                                    'edu_level',
                                                                    'fav_animals',
                                                                    'fav_place'],
                                                              handle_missing='return_nan',
                                                              use_cat_names=True))),
                ('trained_model', KMeans(random_state=123))]), ml_usecase=None)
2026-05-06 20:29:31,708:INFO:Set up data.
2026-05-06 20:29:34,158:INFO:Initializing predict_model()
2026-05-06 20:29:34,158:INFO:predict_model(self=<pycaret.clustering.oop.ClusteringExperiment object at 0x000001D02EEC6150>, estimator=Pipeline(memory=Memory(location=None),
         steps=[('numerical_imputer',
                 TransformerWrapper(include=[], transformer=SimpleImputer())),
                ('categorical_imputer',
                 TransformerWrapper(include=['age', 'edu_level', 'fav_animals',
                                             'fav_place', 'gender'],
                                    transformer=SimpleImputer(strategy='most_frequent'))),
                ('ordinal_encoding',
                 TransformerWrapper(include=['gender'],
                                    transfo...
                                                               mapping=[{'col': 'gender',
                                                                         'data_type': dtype('O'),
                                                                         'mapping': Kobieta      0
Mê¿czyzna    1
NaN         -1
dtype: int64}]))),
                ('onehot_encoding',
                 TransformerWrapper(include=['age', 'edu_level', 'fav_animals',
                                             'fav_place'],
                                    transformer=OneHotEncoder(cols=['age',
                                                                    'edu_level',
                                                                    'fav_animals',
                                                                    'fav_place'],
                                                              handle_missing='return_nan',
                                                              use_cat_names=True))),
                ('trained_model', KMeans(random_state=123))]), ml_usecase=None)
2026-05-06 20:29:34,160:INFO:Set up data.
2026-05-06 20:29:34,259:INFO:Initializing predict_model()
2026-05-06 20:29:34,259:INFO:predict_model(self=<pycaret.clustering.oop.ClusteringExperiment object at 0x000001D02EEC6150>, estimator=Pipeline(memory=Memory(location=None),
         steps=[('numerical_imputer',
                 TransformerWrapper(include=[], transformer=SimpleImputer())),
                ('categorical_imputer',
                 TransformerWrapper(include=['age', 'edu_level', 'fav_animals',
                                             'fav_place', 'gender'],
                                    transformer=SimpleImputer(strategy='most_frequent'))),
                ('ordinal_encoding',
                 TransformerWrapper(include=['gender'],
                                    transfo...
                                                               mapping=[{'col': 'gender',
                                                                         'data_type': dtype('O'),
                                                                         'mapping': Kobieta      0
Mê¿czyzna    1
NaN         -1
dtype: int64}]))),
                ('onehot_encoding',
                 TransformerWrapper(include=['age', 'edu_level', 'fav_animals',
                                             'fav_place'],
                                    transformer=OneHotEncoder(cols=['age',
                                                                    'edu_level',
                                                                    'fav_animals',
                                                                    'fav_place'],
                                                              handle_missing='return_nan',
                                                              use_cat_names=True))),
                ('trained_model', KMeans(random_state=123))]), ml_usecase=None)
2026-05-06 20:29:34,260:INFO:Set up data.
2026-05-06 20:29:35,492:INFO:Initializing predict_model()
2026-05-06 20:29:35,493:INFO:predict_model(self=<pycaret.clustering.oop.ClusteringExperiment object at 0x000001D02EEA2210>, estimator=Pipeline(memory=Memory(location=None),
         steps=[('numerical_imputer',
                 TransformerWrapper(include=[], transformer=SimpleImputer())),
                ('categorical_imputer',
                 TransformerWrapper(include=['age', 'edu_level', 'fav_animals',
                                             'fav_place', 'gender'],
                                    transformer=SimpleImputer(strategy='most_frequent'))),
                ('ordinal_encoding',
                 TransformerWrapper(include=['gender'],
                                    transfo...
                                                               mapping=[{'col': 'gender',
                                                                         'data_type': dtype('O'),
                                                                         'mapping': Kobieta      0
Mê¿czyzna    1
NaN         -1
dtype: int64}]))),
                ('onehot_encoding',
                 TransformerWrapper(include=['age', 'edu_level', 'fav_animals',
                                             'fav_place'],
                                    transformer=OneHotEncoder(cols=['age',
                                                                    'edu_level',
                                                                    'fav_animals',
                                                                    'fav_place'],
                                                              handle_missing='return_nan',
                                                              use_cat_names=True))),
                ('trained_model', KMeans(random_state=123))]), ml_usecase=None)
2026-05-06 20:29:35,493:INFO:Set up data.
2026-05-06 20:29:35,597:INFO:Initializing predict_model()
2026-05-06 20:29:35,597:INFO:predict_model(self=<pycaret.clustering.oop.ClusteringExperiment object at 0x000001D02D6AD310>, estimator=Pipeline(memory=Memory(location=None),
         steps=[('numerical_imputer',
                 TransformerWrapper(include=[], transformer=SimpleImputer())),
                ('categorical_imputer',
                 TransformerWrapper(include=['age', 'edu_level', 'fav_animals',
                                             'fav_place', 'gender'],
                                    transformer=SimpleImputer(strategy='most_frequent'))),
                ('ordinal_encoding',
                 TransformerWrapper(include=['gender'],
                                    transfo...
                                                               mapping=[{'col': 'gender',
                                                                         'data_type': dtype('O'),
                                                                         'mapping': Kobieta      0
Mê¿czyzna    1
NaN         -1
dtype: int64}]))),
                ('onehot_encoding',
                 TransformerWrapper(include=['age', 'edu_level', 'fav_animals',
                                             'fav_place'],
                                    transformer=OneHotEncoder(cols=['age',
                                                                    'edu_level',
                                                                    'fav_animals',
                                                                    'fav_place'],
                                                              handle_missing='return_nan',
                                                              use_cat_names=True))),
                ('trained_model', KMeans(random_state=123))]), ml_usecase=None)
2026-05-06 20:29:35,597:INFO:Set up data.
2026-05-06 20:30:56,663:INFO:Initializing predict_model()
2026-05-06 20:30:56,663:INFO:predict_model(self=<pycaret.clustering.oop.ClusteringExperiment object at 0x000001D072412410>, estimator=Pipeline(memory=Memory(location=None),
         steps=[('numerical_imputer',
                 TransformerWrapper(include=[], transformer=SimpleImputer())),
                ('categorical_imputer',
                 TransformerWrapper(include=['age', 'edu_level', 'fav_animals',
                                             'fav_place', 'gender'],
                                    transformer=SimpleImputer(strategy='most_frequent'))),
                ('ordinal_encoding',
                 TransformerWrapper(include=['gender'],
                                    transfo...
                                                               mapping=[{'col': 'gender',
                                                                         'data_type': dtype('O'),
                                                                         'mapping': Kobieta      0
Mê¿czyzna    1
NaN         -1
dtype: int64}]))),
                ('onehot_encoding',
                 TransformerWrapper(include=['age', 'edu_level', 'fav_animals',
                                             'fav_place'],
                                    transformer=OneHotEncoder(cols=['age',
                                                                    'edu_level',
                                                                    'fav_animals',
                                                                    'fav_place'],
                                                              handle_missing='return_nan',
                                                              use_cat_names=True))),
                ('trained_model', KMeans(random_state=123))]), ml_usecase=None)
2026-05-06 20:30:56,664:INFO:Set up data.
2026-05-06 20:30:56,774:INFO:Initializing predict_model()
2026-05-06 20:30:56,775:INFO:predict_model(self=<pycaret.clustering.oop.ClusteringExperiment object at 0x000001D072412410>, estimator=Pipeline(memory=Memory(location=None),
         steps=[('numerical_imputer',
                 TransformerWrapper(include=[], transformer=SimpleImputer())),
                ('categorical_imputer',
                 TransformerWrapper(include=['age', 'edu_level', 'fav_animals',
                                             'fav_place', 'gender'],
                                    transformer=SimpleImputer(strategy='most_frequent'))),
                ('ordinal_encoding',
                 TransformerWrapper(include=['gender'],
                                    transfo...
                                                               mapping=[{'col': 'gender',
                                                                         'data_type': dtype('O'),
                                                                         'mapping': Kobieta      0
Mê¿czyzna    1
NaN         -1
dtype: int64}]))),
                ('onehot_encoding',
                 TransformerWrapper(include=['age', 'edu_level', 'fav_animals',
                                             'fav_place'],
                                    transformer=OneHotEncoder(cols=['age',
                                                                    'edu_level',
                                                                    'fav_animals',
                                                                    'fav_place'],
                                                              handle_missing='return_nan',
                                                              use_cat_names=True))),
                ('trained_model', KMeans(random_state=123))]), ml_usecase=None)
2026-05-06 20:30:56,775:INFO:Set up data.
2026-05-06 20:40:16,442:INFO:Initializing predict_model()
2026-05-06 20:40:16,502:INFO:predict_model(self=<pycaret.clustering.oop.ClusteringExperiment object at 0x000001D02DAB6050>, estimator=Pipeline(memory=Memory(location=None),
         steps=[('numerical_imputer',
                 TransformerWrapper(include=[], transformer=SimpleImputer())),
                ('categorical_imputer',
                 TransformerWrapper(include=['age', 'edu_level', 'fav_animals',
                                             'fav_place', 'gender'],
                                    transformer=SimpleImputer(strategy='most_frequent'))),
                ('ordinal_encoding',
                 TransformerWrapper(include=['gender'],
                                    transfo...
                                                               mapping=[{'col': 'gender',
                                                                         'data_type': dtype('O'),
                                                                         'mapping': Kobieta      0
Mê¿czyzna    1
NaN         -1
dtype: int64}]))),
                ('onehot_encoding',
                 TransformerWrapper(include=['age', 'edu_level', 'fav_animals',
                                             'fav_place'],
                                    transformer=OneHotEncoder(cols=['age',
                                                                    'edu_level',
                                                                    'fav_animals',
                                                                    'fav_place'],
                                                              handle_missing='return_nan',
                                                              use_cat_names=True))),
                ('trained_model', KMeans(random_state=123))]), ml_usecase=None)
2026-05-06 20:40:16,507:INFO:Set up data.
2026-05-06 20:40:17,136:INFO:Initializing predict_model()
2026-05-06 20:40:17,136:INFO:predict_model(self=<pycaret.clustering.oop.ClusteringExperiment object at 0x000001D02DAB6050>, estimator=Pipeline(memory=Memory(location=None),
         steps=[('numerical_imputer',
                 TransformerWrapper(include=[], transformer=SimpleImputer())),
                ('categorical_imputer',
                 TransformerWrapper(include=['age', 'edu_level', 'fav_animals',
                                             'fav_place', 'gender'],
                                    transformer=SimpleImputer(strategy='most_frequent'))),
                ('ordinal_encoding',
                 TransformerWrapper(include=['gender'],
                                    transfo...
                                                               mapping=[{'col': 'gender',
                                                                         'data_type': dtype('O'),
                                                                         'mapping': Kobieta      0
Mê¿czyzna    1
NaN         -1
dtype: int64}]))),
                ('onehot_encoding',
                 TransformerWrapper(include=['age', 'edu_level', 'fav_animals',
                                             'fav_place'],
                                    transformer=OneHotEncoder(cols=['age',
                                                                    'edu_level',
                                                                    'fav_animals',
                                                                    'fav_place'],
                                                              handle_missing='return_nan',
                                                              use_cat_names=True))),
                ('trained_model', KMeans(random_state=123))]), ml_usecase=None)
2026-05-06 20:40:17,137:INFO:Set up data.
2026-05-06 22:04:46,871:INFO:Initializing predict_model()
2026-05-06 22:04:46,886:INFO:predict_model(self=<pycaret.clustering.oop.ClusteringExperiment object at 0x000001D02DC55850>, estimator=Pipeline(memory=Memory(location=None),
         steps=[('numerical_imputer',
                 TransformerWrapper(include=[], transformer=SimpleImputer())),
                ('categorical_imputer',
                 TransformerWrapper(include=['age', 'edu_level', 'fav_animals',
                                             'fav_place', 'gender'],
                                    transformer=SimpleImputer(strategy='most_frequent'))),
                ('ordinal_encoding',
                 TransformerWrapper(include=['gender'],
                                    transfo...
                                                               mapping=[{'col': 'gender',
                                                                         'data_type': dtype('O'),
                                                                         'mapping': Kobieta      0
Mê¿czyzna    1
NaN         -1
dtype: int64}]))),
                ('onehot_encoding',
                 TransformerWrapper(include=['age', 'edu_level', 'fav_animals',
                                             'fav_place'],
                                    transformer=OneHotEncoder(cols=['age',
                                                                    'edu_level',
                                                                    'fav_animals',
                                                                    'fav_place'],
                                                              handle_missing='return_nan',
                                                              use_cat_names=True))),
                ('trained_model', KMeans(random_state=123))]), ml_usecase=None)
2026-05-06 22:04:46,889:INFO:Set up data.
2026-05-06 22:04:47,664:INFO:Initializing predict_model()
2026-05-06 22:04:47,665:INFO:predict_model(self=<pycaret.clustering.oop.ClusteringExperiment object at 0x000001D02DC55850>, estimator=Pipeline(memory=Memory(location=None),
         steps=[('numerical_imputer',
                 TransformerWrapper(include=[], transformer=SimpleImputer())),
                ('categorical_imputer',
                 TransformerWrapper(include=['age', 'edu_level', 'fav_animals',
                                             'fav_place', 'gender'],
                                    transformer=SimpleImputer(strategy='most_frequent'))),
                ('ordinal_encoding',
                 TransformerWrapper(include=['gender'],
                                    transfo...
                                                               mapping=[{'col': 'gender',
                                                                         'data_type': dtype('O'),
                                                                         'mapping': Kobieta      0
Mê¿czyzna    1
NaN         -1
dtype: int64}]))),
                ('onehot_encoding',
                 TransformerWrapper(include=['age', 'edu_level', 'fav_animals',
                                             'fav_place'],
                                    transformer=OneHotEncoder(cols=['age',
                                                                    'edu_level',
                                                                    'fav_animals',
                                                                    'fav_place'],
                                                              handle_missing='return_nan',
                                                              use_cat_names=True))),
                ('trained_model', KMeans(random_state=123))]), ml_usecase=None)
2026-05-06 22:04:47,666:INFO:Set up data.
